id,neighbourhood,latitude,longitude,room_type,minimum_nights,number_of_reviews,reviews_per_month,availability_365,price_eur_per_night,price_unit,distance_to_oktoberfest_km,distance_band,oktoberfest_observed_days,oktoberfest_available_days,available_during_observed_oktoberfest
97945,Hadern,48.11492,11.48954,Entire home/apt,2,126,0.7,174,115.0,EUR per night,4.834513295800563,2-5 km from Oktoberfest,,,
114695,Berg am Laim,48.12071,11.63758,Entire home/apt,2,84,0.46,245,166.0,EUR per night,6.654794716946095,5-10 km from Oktoberfest,,,
127383,Maxvorstadt,48.15199,11.56482,Entire home/apt,3,124,0.68,29,194.0,EUR per night,2.506489133776459,2-5 km from Oktoberfest,,,
159634,Pasing-Obermenzing,48.13855,11.46586,Entire home/apt,1,52,0.29,26,90.0,EUR per night,6.250706589402833,5-10 km from Oktoberfest,,,
170154,Sendling-Westpark,48.10814,11.52733,Private room,3,602,3.35,70,97.0,EUR per night,3.112623836308951,2-5 km from Oktoberfest,,,
172977,Maxvorstadt,48.14957,11.55507,Private room,2,130,0.76,133,105.0,EUR per night,2.0078124258224617,2-5 km from Oktoberfest,,,
189606,Au-Haidhausen,48.126277923583984,11.579534530639648,Entire home/apt,2,304,1.7,298,119.0,EUR per night,2.315091516426415,2-5 km from Oktoberfest,,,
190383,Berg am Laim,48.12424,11.63186,Private room,1,298,1.72,35,45.0,EUR per night,6.171736709295494,5-10 km from Oktoberfest,,,
190653,Ludwigsvorstadt-Isarvorstadt,48.12951,11.56103,Entire home/apt,2,248,1.43,277,105.0,EUR per night,0.8960197406576703,0-2 km from Oktoberfest,,,
192933,Ludwigsvorstadt-Isarvorstadt,48.1295,11.56788,Entire home/apt,2,114,0.63,197,164.0,EUR per night,1.3899359066218175,0-2 km from Oktoberfest,,,
193463,Maxvorstadt,48.155906677246094,11.572439193725586,Private room,2,258,1.5,214,85.0,EUR per night,3.165850659985809,2-5 km from Oktoberfest,,,
193477,Maxvorstadt,48.15517425537109,11.56930160522461,Private room,1,104,0.84,23,66.0,EUR per night,2.975940818607913,2-5 km from Oktoberfest,,,
195388,Ramersdorf-Perlach,48.10026,11.6068,Entire home/apt,2,335,1.86,131,130.0,EUR per night,5.52015532066833,5-10 km from Oktoberfest,,,
196265,Au-Haidhausen,48.12093989704832,11.576968266475092,Entire home/apt,5,81,0.47,339,226.0,EUR per night,2.3752229451548112,2-5 km from Oktoberfest,,,
197197,Thalkirchen-Obersendling-Forstenried-Fürstenried-Solln,48.08972,11.51393,Private room,3,281,1.56,80,75.0,EUR per night,5.382576088722311,5-10 km from Oktoberfest,,,
198942,Berg am Laim,48.1177,11.64272,Private room,3,151,0.87,54,69.0,EUR per night,7.097014720886356,5-10 km from Oktoberfest,,,
198990,Neuhausen-Nymphenburg,48.15797,11.51046,Entire home/apt,119,21,0.12,291,8.0,EUR per night,4.09797483724905,2-5 km from Oktoberfest,,,
199066,Untergiesing-Harlaching,48.09092,11.56088,Private room,2,494,2.75,167,120.0,EUR per night,4.634432936892332,2-5 km from Oktoberfest,,,
199099,Obergiesing,48.11511,11.59193,Entire home/apt,6,60,1.01,223,97.0,EUR per night,3.661178721687417,2-5 km from Oktoberfest,,,
199256,Maxvorstadt,48.15017,11.56221,Private room,3,452,2.7,233,43.0,EUR per night,2.2397611987039747,2-5 km from Oktoberfest,,,
199797,Schwabing-Freimann,48.16618,11.58973,Entire home/apt,1,67,0.37,278,135.0,EUR per night,4.841223021111551,2-5 km from Oktoberfest,,,
199828,Maxvorstadt,48.15115,11.57403,Entire home/apt,60,6,0.15,330,44.0,EUR per night,2.809728118987438,2-5 km from Oktoberfest,,,
199840,Tudering-Riem,48.11712,11.67722,Private room,1,69,0.4,315,123.0,EUR per night,9.621313794192675,5-10 km from Oktoberfest,,,
199843,Maxvorstadt,48.15054,11.57591,Entire home/apt,30,6,0.18,296,172.0,EUR per night,2.852384354882655,2-5 km from Oktoberfest,,,
201628,Hadern,48.12583,11.48152,Private room,1,274,1.53,325,70.0,EUR per night,5.090278452962197,5-10 km from Oktoberfest,,,
201694,Ramersdorf-Perlach,48.11322,11.62443,Entire home/apt,1,85,1.74,123,107.0,EUR per night,5.9370338180039814,5-10 km from Oktoberfest,,,
202055,Neuhausen-Nymphenburg,48.15883,11.54617,Private room,1,274,1.54,28,83.0,EUR per night,3.0046544562945994,2-5 km from Oktoberfest,,,
202489,Untergiesing-Harlaching,48.1074104309082,11.572239875793455,Entire home/apt,1,38,0.23,14,340.0,EUR per night,3.203861924180288,2-5 km from Oktoberfest,,,
205381,Bogenhausen,48.13909,11.60832,Entire home/apt,1,793,4.56,177,205.0,EUR per night,4.437546791905464,2-5 km from Oktoberfest,,,
205393,Bogenhausen,48.13909,11.60832,Entire home/apt,1,671,3.94,194,106.0,EUR per night,4.437546791905464,2-5 km from Oktoberfest,,,
205415,Bogenhausen,48.13909,11.60832,Entire home/apt,1,915,5.38,176,134.0,EUR per night,4.437546791905464,2-5 km from Oktoberfest,,,
205431,Schwanthalerhöhe,48.13661,11.53075,Entire home/apt,1,1069,6.04,180,147.0,EUR per night,1.486739558233019,0-2 km from Oktoberfest,,,
206288,Obergiesing,48.11008,11.59345,Entire home/apt,2,154,0.9,170,183.0,EUR per night,4.065698002920177,2-5 km from Oktoberfest,,,
210348,Ludwigsvorstadt-Isarvorstadt,48.12401,11.56119,Private room,2,102,0.59,293,67.0,EUR per night,1.2338853753058308,0-2 km from Oktoberfest,,,
211374,Tudering-Riem,48.13176610787099,11.702565103769302,Private room,1,246,1.4,171,78.0,EUR per night,11.359519925176905,10+ km from Oktoberfest,,,
216529,Au-Haidhausen,48.13072,11.59324,Entire home/apt,5,25,0.17,177,429.0,EUR per night,3.2487864825866035,2-5 km from Oktoberfest,,,
217148,Feldmoching-Hasenbergl,48.19329,11.53275,Private room,10,121,0.67,123,31.0,EUR per night,6.938383731832506,5-10 km from Oktoberfest,,,
217313,Sendling-Westpark,48.12735,11.51318,Entire home/apt,5,27,0.16,306,840.0,EUR per night,2.742623221952193,2-5 km from Oktoberfest,,,
218080,Au-Haidhausen,48.12356,11.5955,Entire home/apt,90,55,0.42,182,17.0,EUR per night,3.5378063259104775,2-5 km from Oktoberfest,,,
218860,Berg am Laim,48.11953,11.64244,Entire home/apt,2,66,0.39,342,266.0,EUR per night,7.034029248960541,5-10 km from Oktoberfest,,,
224209,Obergiesing,48.11631,11.58107,Private room,4,224,1.25,18,118.0,EUR per night,2.914800846032102,2-5 km from Oktoberfest,,,
225414,Thalkirchen-Obersendling-Forstenried-Fürstenried-Solln,48.07739,11.51349,Entire home/apt,2,21,0.13,358,89.0,EUR per night,6.624803881298128,5-10 km from Oktoberfest,,,
225421,Untergiesing-Harlaching,48.08084,11.55063,Entire home/apt,2,239,1.33,332,89.0,EUR per night,5.678232873179518,5-10 km from Oktoberfest,,,
227106,Tudering-Riem,48.11064,11.70094,Entire home/apt,2,88,0.53,283,137.0,EUR per night,11.487100192793353,10+ km from Oktoberfest,,,
227892,Tudering-Riem,48.12988,11.7017,Private room,2,65,0.37,18,157.0,EUR per night,11.297748194865536,10+ km from Oktoberfest,,,
228867,Maxvorstadt,48.14468,11.56131,Entire home/apt,2,36,0.28,352,260.0,EUR per night,1.6695618348422063,0-2 km from Oktoberfest,,,
232430,Tudering-Riem,48.11636,11.6986,Entire home/apt,3,92,0.52,324,225.0,EUR per night,11.200994171252024,10+ km from Oktoberfest,,,
240218,Tudering-Riem,48.12775,11.7013,Private room,1,81,0.48,161,132.0,EUR per night,11.275509568576075,10+ km from Oktoberfest,,,
266180,Pasing-Obermenzing,48.15560959507555,11.47189009900693,Private room,1,232,1.32,273,67.0,EUR per night,6.333197098213097,5-10 km from Oktoberfest,,,
278289,Schwabing-Freimann,48.19247,11.61328,Private room,3,101,0.57,160,56.0,EUR per night,8.230388929733113,5-10 km from Oktoberfest,,,
285938,Neuhausen-Nymphenburg,48.14658,11.53331,Private room,1,234,1.35,49,73.0,EUR per night,2.0267629867300245,2-5 km from Oktoberfest,,,
309196,Thalkirchen-Obersendling-Forstenried-Fürstenried-Solln,48.08367,11.52772,Private room,21,39,0.26,243,55.0,EUR per night,5.6014406743837215,5-10 km from Oktoberfest,,,
311242,Obergiesing,48.11723,11.58942,Entire home/apt,2,143,0.83,197,289.0,EUR per night,3.3823709523346053,2-5 km from Oktoberfest,,,
315684,Hadern,48.12917,11.48554,Entire home/apt,4,142,1.08,163,269.0,EUR per night,4.756518148704708,2-5 km from Oktoberfest,,,
406404,Schwabing-West,48.17723,11.58283,Entire home/apt,20,1,0.01,185,39.0,EUR per night,5.6142030310510105,5-10 km from Oktoberfest,,,
473201,Au-Haidhausen,48.12943,11.60082,Private room,1,97,0.57,123,95.0,EUR per night,3.8186182621927123,2-5 km from Oktoberfest,,,
483093,Ramersdorf-Perlach,48.09748,11.63993,Private room,1,218,1.27,252,104.0,EUR per night,7.727732723018273,5-10 km from Oktoberfest,,,
485613,Neuhausen-Nymphenburg,48.14865,11.53318,Entire home/apt,1,66,0.4,78,148.0,EUR per night,2.221576628907225,2-5 km from Oktoberfest,,,
526430,Sendling-Westpark,48.11461,11.53505,Private room,1,100,0.59,16,367.0,EUR per night,2.201507435731114,2-5 km from Oktoberfest,,,
556122,Pasing-Obermenzing,48.15551,11.4699,Private room,1,253,1.49,67,90.0,EUR per night,6.46324423874489,5-10 km from Oktoberfest,,,
574143,Neuhausen-Nymphenburg,48.14449,11.51333,Private room,2,124,0.73,28,47.0,EUR per night,3.0271365528242464,2-5 km from Oktoberfest,,,
609851,Maxvorstadt,48.15561,11.56736,Entire home/apt,5,2,0.02,109,280.0,EUR per night,2.950726500844761,2-5 km from Oktoberfest,,,
609895,Schwabing-Freimann,48.16719,11.58906,Entire home/apt,2,23,1.0,283,136.0,EUR per night,4.900185668703842,2-5 km from Oktoberfest,,,
625551,Pasing-Obermenzing,48.1597,11.45158,Private room,1,94,0.56,313,86.0,EUR per night,7.895322654905427,5-10 km from Oktoberfest,,,
633836,Ramersdorf-Perlach,48.09789,11.63814,Entire home/apt,1,284,1.69,253,116.0,EUR per night,7.589732133922053,5-10 km from Oktoberfest,,,
648368,Laim,48.135440826416016,11.521140098571776,Entire home/apt,2,35,0.23,10,370.0,EUR per night,2.1411261622022026,2-5 km from Oktoberfest,,,
649493,Schwabing-West,48.16392,11.56915,Private room,1,45,0.27,356,117.0,EUR per night,3.847360826695233,2-5 km from Oktoberfest,,,
664050,Maxvorstadt,48.15506,11.57184,Private room,1,163,0.98,135,110.0,EUR per night,3.0626017488828823,2-5 km from Oktoberfest,,,
667321,Pasing-Obermenzing,48.13126,11.47215,Private room,1,24,0.14,121,75.0,EUR per night,5.740890933235098,5-10 km from Oktoberfest,,,
669550,Altstadt-Lehel,48.13469,11.58675,Private room,1,304,1.81,93,76.0,EUR per night,2.781731398503986,2-5 km from Oktoberfest,,,
699108,Tudering-Riem,48.10681942536947,11.707131550072416,Private room,4,26,0.16,74,65.0,EUR per night,12.028993369724313,10+ km from Oktoberfest,,,
701673,Ramersdorf-Perlach,48.1187858581543,11.630389213562012,Private room,2,389,2.34,22,38.0,EUR per night,6.178389162110895,5-10 km from Oktoberfest,,,
703539,Tudering-Riem,48.10535,11.70017,Private room,180,17,0.1,182,4.0,EUR per night,11.567701719126616,10+ km from Oktoberfest,,,
705120,Au-Haidhausen,48.13484,11.59489,Entire home/apt,2,35,0.21,355,284.0,EUR per night,3.3842808294152222,2-5 km from Oktoberfest,,,
710489,Altstadt-Lehel,48.13898,11.57606,Entire home/apt,5,184,1.1,268,374.0,EUR per night,2.1223853656660565,2-5 km from Oktoberfest,,,
710884,Schwabing-West,48.15958,11.56781,Entire home/apt,1,139,0.91,279,175.0,EUR per night,3.364341497812096,2-5 km from Oktoberfest,,,
710990,Pasing-Obermenzing,48.14634,11.45755,Private room,1,110,0.66,181,85.0,EUR per night,7.009355616116784,5-10 km from Oktoberfest,,,
759516,Schwabing-West,48.17163,11.56143,Entire home/apt,4,34,0.9,258,128.0,EUR per night,4.505552041663469,2-5 km from Oktoberfest,,,
779667,Maxvorstadt,48.15267,11.56491,Entire home/apt,1,520,3.9,222,189.0,EUR per night,2.5770597418209955,2-5 km from Oktoberfest,,,
817975,Altstadt-Lehel,48.13681,11.58743,Private room,1,91,0.58,157,132.0,EUR per night,2.8672436437681075,2-5 km from Oktoberfest,,,
820826,Au-Haidhausen,48.12724,11.60218,Private room,1,249,1.51,108,74.0,EUR per night,3.943932152466093,2-5 km from Oktoberfest,,,
837679,Thalkirchen-Obersendling-Forstenried-Fürstenried-Solln,48.10049,11.53181,Entire home/apt,168,28,0.17,190,10.0,EUR per night,3.731364014796032,2-5 km from Oktoberfest,,,
901225,Schwabing-West,48.161529541015625,11.572879791259766,Entire home/apt,2,52,0.35,163,246.0,EUR per night,3.7233815951225258,2-5 km from Oktoberfest,,,
905799,Maxvorstadt,48.15668,11.56317,Entire home/apt,7,118,0.73,343,177.0,EUR per night,2.9361533384653256,2-5 km from Oktoberfest,,,
910680,Schwabing-West,48.16025,11.57744,Entire home/apt,2,1,0.01,179,154.0,EUR per night,3.772877982214954,2-5 km from Oktoberfest,,,
921010,Ludwigsvorstadt-Isarvorstadt,48.12637,11.55745,Private room,2,447,2.88,11,220.0,EUR per night,0.8522007499393616,0-2 km from Oktoberfest,,,
921158,Maxvorstadt,48.15229,11.56408,Private room,1,440,2.84,319,121.0,EUR per night,2.512134290659741,2-5 km from Oktoberfest,,,
921287,Ludwigsvorstadt-Isarvorstadt,48.1270866394043,11.55827808380127,Private room,2,338,2.18,9,220.0,EUR per night,0.8431439586055585,0-2 km from Oktoberfest,,,
936808,Maxvorstadt,48.15119,11.56647,Private room,5,57,0.37,257,115.0,EUR per night,2.487229663115698,2-5 km from Oktoberfest,,,
944648,Sendling-Westpark,48.12184,11.5341,Entire home/apt,30,46,0.42,266,30.0,EUR per night,1.5993003214208446,0-2 km from Oktoberfest,,,
964017,Ludwigsvorstadt-Isarvorstadt,48.12224,11.56115,Entire home/apt,1,44,0.29,355,532.0,EUR per night,1.3789252892747261,0-2 km from Oktoberfest,,,
974971,Tudering-Riem,48.13359,11.68767,Entire home/apt,2,295,1.84,158,157.0,EUR per night,10.255631137392635,10+ km from Oktoberfest,,,
979733,Tudering-Riem,48.1338,11.68832,Entire home/apt,3,261,1.63,137,175.0,EUR per night,10.30429229524832,10+ km from Oktoberfest,,,
991111,Maxvorstadt,48.14143,11.56165,Entire home/apt,1,579,3.6,239,136.0,EUR per night,1.3913443694766237,0-2 km from Oktoberfest,,,
991132,Maxvorstadt,48.14155,11.56007,Entire home/apt,1,469,2.91,315,136.0,EUR per night,1.3291429266421357,0-2 km from Oktoberfest,,,
1026660,Au-Haidhausen,48.12354,11.57602,Entire home/apt,3,27,0.17,61,136.0,EUR per night,2.176775246432587,2-5 km from Oktoberfest,,,
1052133,Altstadt-Lehel,48.14754,11.59424,Entire home/apt,6,8,0.05,120,164.0,EUR per night,3.7477383899302694,2-5 km from Oktoberfest,,,
1053919,Berg am Laim,48.1208,11.63745,Entire home/apt,1,201,1.25,246,202.0,EUR per night,6.64344415315674,5-10 km from Oktoberfest,,,
1064368,Milbertshofen-Am Hart,48.1777,11.58381,Entire home/apt,14,0,,148,126.0,EUR per night,5.693290550315125,5-10 km from Oktoberfest,,,
1071257,Maxvorstadt,48.14986,11.57504,Private room,1,752,4.68,76,113.0,EUR per night,2.753104657062014,2-5 km from Oktoberfest,,,
1088131,Ramersdorf-Perlach,48.08116,11.68214,Private room,4,51,0.33,113,52.0,EUR per night,11.35016372381179,10+ km from Oktoberfest,,,
1132304,Altstadt-Lehel,48.13811,11.58574,Entire home/apt,5,34,0.21,184,255.0,EUR per night,2.77656968933331,2-5 km from Oktoberfest,,,
1158720,Sendling,48.10807,11.53767,Private room,1,992,6.24,217,52.0,EUR per night,2.7914968063197647,2-5 km from Oktoberfest,,,
1328998,Ludwigsvorstadt-Isarvorstadt,48.12444,11.55483,Entire home/apt,2,0,,359,470.0,EUR per night,0.9190117296662708,0-2 km from Oktoberfest,,,
1345323,Schwabing-Freimann,48.17043,11.59618,Entire home/apt,1,19,0.12,5,170.0,EUR per night,5.508887885553654,5-10 km from Oktoberfest,,,
1362758,Ludwigsvorstadt-Isarvorstadt,48.12709,11.57052,Entire home/apt,2,20,0.14,46,874.0,EUR per night,1.6491783967735802,0-2 km from Oktoberfest,,,
1381350,Ludwigsvorstadt-Isarvorstadt,48.13059,11.5744,Entire home/apt,5,21,0.22,28,171.0,EUR per night,1.853671942066811,0-2 km from Oktoberfest,,,
1444156,Altstadt-Lehel,48.14639,11.59386,Entire home/apt,180,1,0.01,363,12.0,EUR per night,3.6648257235082773,2-5 km from Oktoberfest,,,
1460173,Obergiesing,48.10506,11.59536,Entire home/apt,2,5,0.04,364,250.0,EUR per night,4.5273026080184575,2-5 km from Oktoberfest,,,
1463032,Schwabing-West,48.16568,11.57247,Entire home/apt,180,40,0.25,331,15.0,EUR per night,4.124658609613896,2-5 km from Oktoberfest,,,
1481022,Obergiesing,48.11466217041016,11.579845428466797,Entire home/apt,1,340,2.25,277,160.0,EUR per night,2.9575926775044934,2-5 km from Oktoberfest,,,
1483012,Milbertshofen-Am Hart,48.18774,11.57882,Private room,2,15,0.1,337,55.0,EUR per night,6.578966001421113,5-10 km from Oktoberfest,,,
1516754,Neuhausen-Nymphenburg,48.14933750340869,11.535352451668633,Entire home/apt,1,1,0.39,122,68.0,EUR per night,2.2048970544050213,2-5 km from Oktoberfest,,,
1518352,Au-Haidhausen,48.13336,11.60337,Entire home/apt,1,272,2.38,241,142.0,EUR per night,4.00111928925118,2-5 km from Oktoberfest,,,
1534335,Laim,48.12815,11.50612,Entire home/apt,3,156,1.15,26,121.0,EUR per night,3.246390008185128,2-5 km from Oktoberfest,,,
1537237,Tudering-Riem,48.11508,11.68651,Private room,1,143,0.92,294,94.0,EUR per night,10.34020832547436,10+ km from Oktoberfest,,,
1597701,Obergiesing,48.1155,11.58079,Private room,2,302,1.94,65,109.0,EUR per night,2.952890696081253,2-5 km from Oktoberfest,,,
1601358,Thalkirchen-Obersendling-Forstenried-Fürstenried-Solln,48.09884,11.53313,Private room,2,20,0.17,340,74.0,EUR per night,3.871771425112237,2-5 km from Oktoberfest,,,
1606779,Milbertshofen-Am Hart,48.17194,11.55995,Entire home/apt,1,81,0.52,56,132.0,EUR per night,4.5192326468354915,2-5 km from Oktoberfest,,,
1637127,Milbertshofen-Am Hart,48.18479,11.56438,Private room,1,751,6.0,277,70.0,EUR per night,5.983773775309581,5-10 km from Oktoberfest,,,
1639990,Bogenhausen,48.15024,11.63468,Private room,2,46,0.3,179,89.0,EUR per night,6.641232274835554,5-10 km from Oktoberfest,,,
1648891,Maxvorstadt,48.15344,11.5759,Private room,300,0,,364,80.0,EUR per night,3.0941374370523325,2-5 km from Oktoberfest,,,
1651743,Ludwigsvorstadt-Isarvorstadt,48.13204,11.57856,Entire home/apt,180,1,0.01,361,15.0,EUR per night,2.1566975705445763,2-5 km from Oktoberfest,,,
1654425,Untergiesing-Harlaching,48.10398,11.57862,Entire home/apt,1,321,2.41,25,133.0,EUR per night,3.7830129746160712,2-5 km from Oktoberfest,,,
1666171,Schwanthalerhöhe,48.13234,11.54078,Entire home/apt,4,49,0.33,183,118.0,EUR per night,0.6489857926079206,0-2 km from Oktoberfest,,,
1671501,Berg am Laim,48.1287,11.65576,Private room,1,74,0.48,338,141.0,EUR per night,7.894194988803742,5-10 km from Oktoberfest,,,
1674377,Tudering-Riem,48.11646,11.68853,Private room,3,46,0.41,212,156.0,EUR per night,10.46129409534821,10+ km from Oktoberfest,,,
1680894,Untergiesing-Harlaching,48.11518,11.56849,Entire home/apt,5,33,0.27,342,109.0,EUR per night,2.3331011264579673,2-5 km from Oktoberfest,,,
1711536,Schwabing-Freimann,48.20468,11.59673,Private room,1,11,0.08,321,190.0,EUR per night,8.818231445474284,5-10 km from Oktoberfest,,,
1734262,Schwabing-Freimann,48.17559,11.58304,Entire home/apt,180,0,,364,11.0,EUR per night,5.458172500791574,5-10 km from Oktoberfest,,,
1780894,Ludwigsvorstadt-Isarvorstadt,48.13039,11.56959,Private room,2,93,0.67,264,100.0,EUR per night,1.5003955619397018,0-2 km from Oktoberfest,,,
1805167,Schwabing-Freimann,48.20489,11.59621,Private room,1,40,0.27,90,71.0,EUR per night,8.824454030442773,5-10 km from Oktoberfest,,,
1865548,Maxvorstadt,48.14333,11.55844,Entire home/apt,1,1066,6.95,123,215.0,EUR per night,1.43367604262044,0-2 km from Oktoberfest,,,
1933035,Milbertshofen-Am Hart,48.20263,11.57577,Private room,2,166,1.13,240,104.0,EUR per night,8.10253094509548,5-10 km from Oktoberfest,,,
1993742,Maxvorstadt,48.14898,11.57261,Entire home/apt,1,351,2.36,3,139.0,EUR per night,2.558807635471267,2-5 km from Oktoberfest,,,
2003416,Untergiesing-Harlaching,48.11523,11.56705,Entire home/apt,5,34,0.23,84,111.0,EUR per night,2.265573581543081,2-5 km from Oktoberfest,,,
2148966,Ludwigsvorstadt-Isarvorstadt,48.13053,11.57414,Entire home/apt,3,95,0.63,8,287.0,EUR per night,1.8349793716277676,0-2 km from Oktoberfest,,,
2251998,Ramersdorf-Perlach,48.12072,11.60151,Private room,3,165,1.15,106,81.0,EUR per night,4.055500589000623,2-5 km from Oktoberfest,,,
2257931,Ludwigsvorstadt-Isarvorstadt,48.13021,11.56335,Entire home/apt,2,0,,345,162.0,EUR per night,1.0449107460064393,0-2 km from Oktoberfest,,,
2286506,Bogenhausen,48.16386,11.6488,Entire home/apt,2,350,2.39,140,308.0,EUR per night,8.179466650466422,5-10 km from Oktoberfest,,,
2331422,Hadern,48.11823,11.47098,Private room,4,221,1.49,62,54.0,EUR per night,6.022982239658834,5-10 km from Oktoberfest,,,
2377342,Tudering-Riem,48.11313,11.65931,Private room,7,54,0.43,42,49.0,EUR per night,8.413847910084346,5-10 km from Oktoberfest,,,
2445882,Schwabing-West,48.16191,11.5743,Entire home/apt,3,114,0.77,13,180.0,EUR per night,3.810609083274329,2-5 km from Oktoberfest,,,
2452832,Maxvorstadt,48.14416,11.55974,Entire home/apt,1,644,4.33,162,149.0,EUR per night,1.5607147179451035,0-2 km from Oktoberfest,,,
2540597,Feldmoching-Hasenbergl,48.20053,11.55125,Private room,1,37,0.28,250,112.0,EUR per night,7.632411387287,5-10 km from Oktoberfest,,,
2544224,Au-Haidhausen,48.13013,11.59917,Entire home/apt,1,580,3.89,190,172.0,EUR per night,3.691498463090746,2-5 km from Oktoberfest,,,
2544799,Ludwigsvorstadt-Isarvorstadt,48.13135,11.57576,Entire home/apt,1,22,0.15,33,176.0,EUR per night,1.9498163166811306,0-2 km from Oktoberfest,,,
2575669,Sendling-Westpark,48.11188,11.5078,Private room,2,14,0.22,133,83.0,EUR per night,3.8126815866438273,2-5 km from Oktoberfest,,,
2602887,Bogenhausen,48.15227,11.62811,Entire home/apt,99,21,0.14,173,26.0,EUR per night,6.257121150338043,5-10 km from Oktoberfest,,,
2606617,Thalkirchen-Obersendling-Forstenried-Fürstenried-Solln,48.09794,11.53945,Entire home/apt,3,46,0.32,153,166.0,EUR per night,3.849180016896765,2-5 km from Oktoberfest,,,
2662348,Schwabing-Freimann,48.17276,11.59031,Private room,1,410,2.75,140,61.0,EUR per night,5.45968372345508,5-10 km from Oktoberfest,,,
2699009,Maxvorstadt,48.14783,11.56503,Private room,1,109,0.81,313,115.0,EUR per night,2.1131859085483584,2-5 km from Oktoberfest,,,
2806219,Schwanthalerhöhe,48.13034,11.5441,Entire home/apt,3,3,0.07,259,420.0,EUR per night,0.4366893164156876,0-2 km from Oktoberfest,,,
2835482,Laim,48.13494,11.50942,Entire home/apt,3,17,0.47,7,127.0,EUR per night,2.993535731867827,2-5 km from Oktoberfest,,,
2861806,Bogenhausen,48.15841,11.65024,Private room,1,0,,136,40.0,EUR per night,8.034619418444237,5-10 km from Oktoberfest,,,
2931704,Moosach,48.17871,11.49177,Entire home/apt,2,151,1.02,183,221.0,EUR per night,6.740271698912903,5-10 km from Oktoberfest,,,
2949717,Au-Haidhausen,48.12869,11.60489,Entire home/apt,1,162,1.1,80,130.0,EUR per night,4.126281203149021,2-5 km from Oktoberfest,,,
3025064,Ludwigsvorstadt-Isarvorstadt,48.12759,11.56183,Private room,2,58,0.43,81,320.0,EUR per night,1.0329917636070225,0-2 km from Oktoberfest,,,
3028008,Untergiesing-Harlaching,48.1143,11.56853,Private room,30,40,0.27,274,43.0,EUR per night,2.413544237974749,2-5 km from Oktoberfest,,,
3092813,Schwabing-West,48.16645,11.57799,Private room,1,60,0.42,189,88.0,EUR per night,4.384831378393069,2-5 km from Oktoberfest,,,
3169487,Maxvorstadt,48.1569,11.56361,Private room,2,599,4.12,259,65.0,EUR per night,2.970469535931751,2-5 km from Oktoberfest,,,
3219673,Moosach,48.1737,11.52602,Private room,90,64,0.45,273,11.0,EUR per night,4.9636044401195685,2-5 km from Oktoberfest,,,
3266640,Schwabing-West,48.16086,11.58029,Entire home/apt,4,13,0.09,88,272.0,EUR per night,3.9481837025628104,2-5 km from Oktoberfest,,,
3375898,Sendling,48.11282,11.55173,Entire home/apt,1,114,0.89,3,111.0,EUR per night,2.1280465935210913,2-5 km from Oktoberfest,,,
3419577,Ludwigsvorstadt-Isarvorstadt,48.12231,11.56618,Entire home/apt,2,105,0.72,28,188.0,EUR per night,1.6339394925314896,0-2 km from Oktoberfest,,,
3464431,Milbertshofen-Am Hart,48.1773,11.56783,Entire home/apt,1,11,0.13,219,32.0,EUR per night,5.228163677261692,5-10 km from Oktoberfest,,,
3591390,Thalkirchen-Obersendling-Forstenried-Fürstenried-Solln,48.09543991088867,11.541966438293455,Entire home/apt,2,73,0.52,261,211.0,EUR per night,4.092573318048287,2-5 km from Oktoberfest,,,
3597406,Schwabing-West,48.16415,11.57019,Private room,1,181,1.26,73,61.0,EUR per night,3.9007520599862695,2-5 km from Oktoberfest,,,
3633225,Schwabing-West,48.16385,11.57062,Entire home/apt,2,139,0.96,93,287.0,EUR per night,3.882872676309548,2-5 km from Oktoberfest,,,
3652758,Schwabing-West,48.16258,11.57817,Private room,1,63,0.67,156,99.0,EUR per night,4.020257247706424,2-5 km from Oktoberfest,,,
3662438,Berg am Laim,48.12901,11.61989,Private room,5,52,0.36,334,52.0,EUR per night,5.233909742629499,5-10 km from Oktoberfest,,,
3692510,Schwabing-Freimann,48.18007,11.5895,Private room,14,34,0.24,142,32.0,EUR per night,6.123191849930214,5-10 km from Oktoberfest,,,
3795594,Tudering-Riem,48.117095947265625,11.65618896484375,Entire home/apt,2,302,2.11,12,130.0,EUR per night,8.088187240988466,5-10 km from Oktoberfest,,,
3848277,Maxvorstadt,48.14936,11.55392,Private room,2,17,0.73,20,222.0,EUR per night,1.9689700735587217,0-2 km from Oktoberfest,,,
3854069,Sendling-Westpark,48.11895,11.53315,Entire home/apt,3,29,0.2,357,388.0,EUR per night,1.8831394911812744,0-2 km from Oktoberfest,,,
3854294,Au-Haidhausen,48.13076,11.60404,Entire home/apt,2,526,3.68,297,149.0,EUR per night,4.0496336391817,2-5 km from Oktoberfest,,,
3867968,Schwabing-Freimann,48.15909,11.58793,Private room,1,6,0.07,86,80.0,EUR per night,4.155794200472708,2-5 km from Oktoberfest,,,
3896620,Ludwigsvorstadt-Isarvorstadt,48.13476,11.56287,Private room,1,29,0.2,58,213.0,EUR per night,1.0419259124815885,0-2 km from Oktoberfest,,,
3904126,Obergiesing,48.08864,11.60896,Private room,1,84,0.69,268,104.0,EUR per night,6.528977086846536,5-10 km from Oktoberfest,,,
3921235,Au-Haidhausen,48.13176,11.59845,Entire home/apt,3,10,0.14,5,193.0,EUR per night,3.6327891198250635,2-5 km from Oktoberfest,,,
3926137,Neuhausen-Nymphenburg,48.15955,11.54709,Entire home/apt,180,17,0.12,335,14.0,EUR per night,3.0797347643978785,2-5 km from Oktoberfest,,,
3944481,Milbertshofen-Am Hart,48.18412,11.55111,Private room,1,72,0.52,56,88.0,EUR per night,5.807827011362734,5-10 km from Oktoberfest,,,
3950867,Neuhausen-Nymphenburg,48.15262,11.50971,Private room,1,102,0.8,339,89.0,EUR per night,3.7449501885473873,2-5 km from Oktoberfest,,,
3950882,Neuhausen-Nymphenburg,48.1521,11.50984,Private room,2,62,0.43,153,89.0,EUR per night,3.701997318813596,2-5 km from Oktoberfest,,,
3966633,Ludwigsvorstadt-Isarvorstadt,48.13041,11.58089,Entire home/apt,8,22,0.2,89,136.0,EUR per night,2.335479728401845,2-5 km from Oktoberfest,,,
3969430,Maxvorstadt,48.14841,11.55679,Private room,2,171,1.2,315,95.0,EUR per night,1.9138625805708809,0-2 km from Oktoberfest,,,
3979304,Ludwigsvorstadt-Isarvorstadt,48.1284,11.57259,Entire home/apt,1,553,4.32,148,132.0,EUR per night,1.7572856123271619,0-2 km from Oktoberfest,,,
3989785,Ludwigsvorstadt-Isarvorstadt,48.1335,11.58079,Entire home/apt,1,517,3.73,201,239.0,EUR per night,2.328909787993567,2-5 km from Oktoberfest,,,
4034719,Milbertshofen-Am Hart,48.18547,11.56361,Private room,1,501,3.51,77,47.0,EUR per night,6.047958713344279,5-10 km from Oktoberfest,,,
4036253,Maxvorstadt,48.15308,11.57789,Entire home/apt,1,9,0.06,145,171.0,EUR per night,3.1597187235624293,2-5 km from Oktoberfest,,,
4037636,Untergiesing-Harlaching,48.10803,11.57433,Private room,2,66,0.46,235,86.0,EUR per night,3.2314236682400965,2-5 km from Oktoberfest,,,
4050327,Tudering-Riem,48.11182,11.70822,Private room,1,4,0.03,300,142.0,EUR per night,11.99117769942465,10+ km from Oktoberfest,,,
4056005,Obergiesing,48.1167,11.59463,Private room,2,5,0.04,98,210.0,EUR per night,3.751996997056613,2-5 km from Oktoberfest,,,
4059615,Bogenhausen,48.14053,11.60164,Entire home/apt,4,56,0.39,127,525.0,EUR per night,3.9863901554679706,2-5 km from Oktoberfest,,,
4072858,Thalkirchen-Obersendling-Forstenried-Fürstenried-Solln,48.10468,11.5474,Entire home/apt,1,7,0.06,337,201.0,EUR per night,3.0307377444134413,2-5 km from Oktoberfest,,,
4094959,Untergiesing-Harlaching,48.09684,11.57824,Entire home/apt,2,59,0.55,42,183.0,EUR per night,4.444165532489602,2-5 km from Oktoberfest,,,
4101919,Neuhausen-Nymphenburg,48.14628,11.53405,Private room,2,1,0.03,173,275.0,EUR per night,1.9675027110086716,0-2 km from Oktoberfest,,,
4107454,Berg am Laim,48.12064,11.62947,Private room,1,67,0.51,360,201.0,EUR per night,6.066123090491744,5-10 km from Oktoberfest,,,
4159098,Sendling,48.11587,11.53925,Entire home/apt,1,275,1.92,309,243.0,EUR per night,1.9380330498453924,0-2 km from Oktoberfest,,,
4161164,Sendling,48.11721,11.55085,Entire home/apt,1,162,2.63,31,156.0,EUR per night,1.636523998750824,0-2 km from Oktoberfest,,,
4179154,Untergiesing-Harlaching,48.11758,11.57457,Entire home/apt,4,151,1.27,194,139.0,EUR per night,2.449081811186142,2-5 km from Oktoberfest,,,
4189709,Altstadt-Lehel,48.13698,11.58552,Private room,1,1,0.01,86,350.0,EUR per night,2.7320707887207867,2-5 km from Oktoberfest,,,
4193194,Laim,48.14242,11.50171,Private room,2,179,1.34,82,77.0,EUR per night,3.7342476846773165,2-5 km from Oktoberfest,,,
4242429,Schwanthalerhöhe,48.13651,11.5302,Private room,2,107,0.77,66,69.0,EUR per night,1.5212250364885778,0-2 km from Oktoberfest,,,
4336040,Schwabing-West,48.1649,11.56312,Private room,1,365,2.56,27,37.0,EUR per night,3.806017723032706,2-5 km from Oktoberfest,,,
4349897,Schwabing-Freimann,48.16806,11.59582,Entire home/apt,2,58,0.41,127,442.0,EUR per night,5.289183440655315,5-10 km from Oktoberfest,,,
4487609,Aubing-Lochhausen-Langwied,48.18457,11.40567,Entire home/apt,3,9,0.07,363,252.0,EUR per night,12.17046716319813,10+ km from Oktoberfest,,,
4496669,Schwanthalerhöhe,48.13588,11.54166,Entire home/apt,3,196,1.5,146,124.0,EUR per night,0.7309993371226872,0-2 km from Oktoberfest,,,
4563452,Sendling-Westpark,48.1137,11.53343,Entire home/apt,1,49,0.36,78,311.0,EUR per night,2.3491231485083515,2-5 km from Oktoberfest,,,
4563657,Berg am Laim,48.12853,11.63143,Entire home/apt,1,55,0.46,40,328.0,EUR per night,6.092047163218247,5-10 km from Oktoberfest,,,
4569312,Maxvorstadt,48.14699,11.57617,Private room,4,2,0.02,113,193.0,EUR per night,2.5945767373131035,2-5 km from Oktoberfest,,,
4655071,Neuhausen-Nymphenburg,48.16204,11.53735,Entire home/apt,1,31,0.23,356,473.0,EUR per night,3.4705270415170535,2-5 km from Oktoberfest,,,
4700210,Sendling-Westpark,48.10766,11.52705,Entire home/apt,2,142,1.53,122,93.0,EUR per night,3.1689381439376962,2-5 km from Oktoberfest,,,
4732862,Schwanthalerhöhe,48.1345,11.54267,Entire home/apt,2,44,0.34,344,378.0,EUR per night,0.5835197167790963,0-2 km from Oktoberfest,,,
4766169,Bogenhausen,48.14503,11.62168,Entire home/apt,5,53,0.38,341,131.0,EUR per night,5.551467475837896,5-10 km from Oktoberfest,,,
4828663,Maxvorstadt,48.14898,11.57246,Private room,1,643,4.61,3,67.0,EUR per night,2.551362107672096,2-5 km from Oktoberfest,,,
4844604,Sendling,48.11893,11.53949,Entire home/apt,2,5,0.04,148,184.0,EUR per night,1.622325945774637,0-2 km from Oktoberfest,,,
4870132,Sendling-Westpark,48.11337,11.52778,Private room,2,469,3.35,85,80.0,EUR per night,2.6162255009179516,2-5 km from Oktoberfest,,,
4928361,Neuhausen-Nymphenburg,48.15541,11.54212,Entire home/apt,1,37,0.28,9,750.0,EUR per night,2.670924327737057,2-5 km from Oktoberfest,,,
4965532,Au-Haidhausen,48.12216,11.59223,Private room,1,57,0.47,88,140.0,EUR per night,3.3512724301770085,2-5 km from Oktoberfest,,,
5180402,Ludwigsvorstadt-Isarvorstadt,48.13703,11.55644,Entire home/apt,2,97,0.71,47,849.0,EUR per night,0.768525733586011,0-2 km from Oktoberfest,,,
5313271,Neuhausen-Nymphenburg,48.16511,11.5101,Entire home/apt,3,73,0.54,312,188.0,EUR per night,4.709667223629813,2-5 km from Oktoberfest,,,
5345807,Thalkirchen-Obersendling-Forstenried-Fürstenried-Solln,48.07144,11.52606,Private room,1,4,0.27,85,107.0,EUR per night,6.9445154405834275,5-10 km from Oktoberfest,,,
5368014,Milbertshofen-Am Hart,48.18201,11.54996,Entire home/apt,2,18,0.14,179,568.0,EUR per night,5.5720822495350095,5-10 km from Oktoberfest,,,
5492469,Ludwigsvorstadt-Isarvorstadt,48.13123,11.57934,Entire home/apt,1,460,3.4,102,229.0,EUR per night,2.2157981042659105,2-5 km from Oktoberfest,,,
5545786,Bogenhausen,48.14231,11.62734,Private room,1,103,0.75,152,63.0,EUR per night,5.891035846250631,5-10 km from Oktoberfest,,,
5702154,Thalkirchen-Obersendling-Forstenried-Fürstenried-Solln,48.09071,11.49356,Private room,1,175,1.3,219,107.0,EUR per night,6.182741335561019,5-10 km from Oktoberfest,,,
5752342,Maxvorstadt,48.14898,11.57246,Private room,1,458,3.36,15,129.0,EUR per night,2.551362107672096,2-5 km from Oktoberfest,,,
5752649,Sendling-Westpark,48.112999,11.51759,Private room,2,23,0.19,52,118.0,EUR per night,3.1665967327309525,2-5 km from Oktoberfest,,,
5790535,Maxvorstadt,48.15495,11.56392,Entire home/apt,7,16,0.12,341,160.0,EUR per night,2.7773935988084233,2-5 km from Oktoberfest,,,
5819259,Ludwigsvorstadt-Isarvorstadt,48.12709,11.55828,Private room,3,168,1.23,55,113.0,EUR per night,0.8430167040773732,0-2 km from Oktoberfest,,,
5847159,Feldmoching-Hasenbergl,48.21512,11.55488,Private room,1,631,4.65,287,71.0,EUR per night,9.262237497360442,5-10 km from Oktoberfest,,,
5987246,Schwanthalerhöhe,48.13607,11.5454,Entire home/apt,2,254,1.86,296,195.0,EUR per night,0.5545969280002139,0-2 km from Oktoberfest,,,
6031958,Au-Haidhausen,48.12708,11.60146,Private room,1,291,2.14,187,105.0,EUR per night,3.893380720206149,2-5 km from Oktoberfest,,,
6131848,Bogenhausen,48.15502847813288,11.631908274031312,Entire home/apt,182,0,,335,14.0,EUR per night,6.633267334978347,5-10 km from Oktoberfest,,,
6345758,Milbertshofen-Am Hart,48.18916,11.56727,Entire home/apt,28,49,0.36,248,45.0,EUR per night,6.502014113530064,5-10 km from Oktoberfest,,,
6347391,Tudering-Riem,48.10827,11.66272,Private room,1,31,0.25,365,175.0,EUR per night,8.805545242502001,5-10 km from Oktoberfest,,,
6388798,Schwabing-Freimann,48.19334,11.62768,Entire home/apt,1,19,0.15,311,140.0,EUR per night,8.96084585291803,5-10 km from Oktoberfest,,,
6617951,Ramersdorf-Perlach,48.10479,11.62248,Private room,5,14,0.11,142,53.0,EUR per night,6.199742924278555,5-10 km from Oktoberfest,,,
6829774,Maxvorstadt,48.14825,11.57375,Entire home/apt,1,5,0.04,182,655.0,EUR per night,2.557941771950878,2-5 km from Oktoberfest,,,
6843791,Sendling-Westpark,48.11441,11.52675,Entire home/apt,22,38,0.28,200,132.0,EUR per night,2.575609603043708,2-5 km from Oktoberfest,,,
6980106,Altstadt-Lehel,48.14177,11.58849,Entire home/apt,1,217,1.63,7,650.0,EUR per night,3.0944650664284388,2-5 km from Oktoberfest,,,
6996163,Moosach,48.18104,11.51237,Private room,1,89,0.67,257,122.0,EUR per night,6.11901674120699,5-10 km from Oktoberfest,,,
6996620,Moosach,48.17659,11.5253,Private room,60,0,,365,501.0,EUR per night,5.283620333008831,5-10 km from Oktoberfest,,,
7084906,Schwabing-West,48.15776824951172,11.571327209472656,Private room,1,61,0.47,105,82.0,EUR per night,3.3009770780122922,2-5 km from Oktoberfest,,,
7106457,Sendling-Westpark,48.120541,11.51455,Private room,1,291,2.18,296,95.0,EUR per night,2.8852066000849765,2-5 km from Oktoberfest,,,
7153083,Aubing-Lochhausen-Langwied,48.15574,11.43356,Entire home/apt,5,24,0.18,88,175.0,EUR per night,9.001501016751876,5-10 km from Oktoberfest,,,
7214188,Hadern,48.12756,11.48633,Entire home/apt,3,14,0.11,11,206.0,EUR per night,4.71303684705879,2-5 km from Oktoberfest,,,
7365260,Untergiesing-Harlaching,48.11113,11.5694,Private room,2,53,0.41,243,54.0,EUR per night,2.741503302363452,2-5 km from Oktoberfest,,,
7426992,Tudering-Riem,48.13488,11.68769,Private room,1,43,0.33,4,53.0,EUR per night,10.260616694486508,10+ km from Oktoberfest,,,
7453153,Schwabing-West,48.15924,11.56178,Private room,1,156,1.17,104,80.0,EUR per night,3.173660807271349,2-5 km from Oktoberfest,,,
7521709,Ramersdorf-Perlach,48.08276,11.64347,Private room,1,221,1.69,218,50.0,EUR per night,8.862144065705778,5-10 km from Oktoberfest,,,
7555347,Ludwigsvorstadt-Isarvorstadt,48.12678,11.55932,Private room,1,383,2.93,358,212.0,EUR per night,0.924819587558869,0-2 km from Oktoberfest,,,
7686082,Ludwigsvorstadt-Isarvorstadt,48.12865,11.56097,Entire home/apt,2,23,0.18,14,498.0,EUR per night,0.924788876348334,0-2 km from Oktoberfest,,,
7726784,Pasing-Obermenzing,48.163215,11.4804153,Entire home/apt,1,0,,14,163.0,EUR per night,6.196376280561367,5-10 km from Oktoberfest,,,
7759715,Ludwigsvorstadt-Isarvorstadt,48.13006,11.58029,Entire home/apt,3,106,0.88,106,415.0,EUR per night,2.2942159064983136,2-5 km from Oktoberfest,,,
7797671,Maxvorstadt,48.14932,11.55581,Entire home/apt,2,30,0.23,6,480.0,EUR per night,1.992799040441433,0-2 km from Oktoberfest,,,
7823621,Berg am Laim,48.12565,11.63682,Entire home/apt,2,17,0.16,312,135.0,EUR per night,6.517873308072915,5-10 km from Oktoberfest,,,
7856103,Au-Haidhausen,48.127,11.59049,Entire home/apt,4,29,0.24,42,185.0,EUR per night,3.090563588581005,2-5 km from Oktoberfest,,,
7959730,Untergiesing-Harlaching,48.10837415341939,11.577484593835736,Entire home/apt,3,430,3.27,256,95.0,EUR per night,3.340424749306085,2-5 km from Oktoberfest,,,
8047348,Sendling-Westpark,48.12076,11.53003,Private room,1,35,0.27,67,70.0,EUR per night,1.9033395850178043,0-2 km from Oktoberfest,,,
8048461,Thalkirchen-Obersendling-Forstenried-Fürstenried-Solln,48.10389,11.54346,Shared room,3,26,0.22,254,111.0,EUR per night,3.1466780691003815,2-5 km from Oktoberfest,,,
8049887,Altstadt-Lehel,48.13466,11.58079,Private room,4,11,0.43,84,135.0,EUR per night,2.342270848964384,2-5 km from Oktoberfest,,,
8057288,Ludwigsvorstadt-Isarvorstadt,48.1307,11.57021,Entire home/apt,1,48,0.37,43,195.0,EUR per night,1.5427607638810459,0-2 km from Oktoberfest,,,
8061549,Schwabing-West,48.16178,11.56914,Entire home/apt,14,33,0.25,325,138.0,EUR per night,3.6279829623732542,2-5 km from Oktoberfest,,,
8062325,Maxvorstadt,48.14427,11.58303,Entire home/apt,1,661,5.05,287,156.0,EUR per night,2.842971218431339,2-5 km from Oktoberfest,,,
8069250,Schwanthalerhöhe,48.13841,11.53563,Private room,2,8,0.06,86,79.0,EUR per night,1.2583361489008698,0-2 km from Oktoberfest,,,
8109625,Berg am Laim,48.12088,11.63044,Private room,2,154,1.18,86,75.0,EUR per night,6.13118279937345,5-10 km from Oktoberfest,,,
8129747,Feldmoching-Hasenbergl,48.19654,11.52384,Entire home/apt,1,552,4.2,276,188.0,EUR per night,7.4353232504187305,5-10 km from Oktoberfest,,,
8248905,Schwabing-West,48.16687,11.57247,Private room,2,99,0.76,280,88.0,EUR per night,4.245503095234913,2-5 km from Oktoberfest,,,
8281405,Pasing-Obermenzing,48.143,11.44559,Entire home/apt,1,162,1.24,50,107.0,EUR per night,7.80885130521543,5-10 km from Oktoberfest,,,
8297586,Maxvorstadt,48.15379,11.57838,Entire home/apt,6,64,0.49,228,177.0,EUR per night,3.2428921071707477,2-5 km from Oktoberfest,,,
8314508,Obergiesing,48.116898,11.579907,Private room,1,281,2.15,41,88.0,EUR per night,2.8065081341738187,2-5 km from Oktoberfest,,,
8351538,Bogenhausen,48.17298,11.6359,Entire home/apt,1,404,3.09,284,63.0,EUR per night,7.870643872324404,5-10 km from Oktoberfest,,,
8394551,Schwabing-Freimann,48.17552,11.58823,Entire home/apt,20,9,0.07,25,112.0,EUR per night,5.637388351742376,5-10 km from Oktoberfest,,,
8405825,Thalkirchen-Obersendling-Forstenried-Fürstenried-Solln,48.08452,11.50784,Private room,1,30,0.25,344,100.0,EUR per night,6.109324212380916,5-10 km from Oktoberfest,,,
8433934,Schwanthalerhöhe,48.13239,11.53453,Private room,1,0,,356,150.0,EUR per night,1.1123060760790247,0-2 km from Oktoberfest,,,
8434936,Maxvorstadt,48.15674,11.56405,Entire home/apt,1,124,1.31,81,260.0,EUR per night,2.965554704107706,2-5 km from Oktoberfest,,,
8439623,Neuhausen-Nymphenburg,48.14556,11.51624,Entire home/apt,1,20,0.15,11,215.0,EUR per night,2.897966998427735,2-5 km from Oktoberfest,,,
8497593,Hadern,48.10985,11.48408,Private room,2,166,1.4,57,90.0,EUR per night,5.439959731637425,5-10 km from Oktoberfest,,,
8514517,Schwabing-Freimann,48.16199,11.58678,Private room,1,483,3.69,8,75.0,EUR per night,4.341057045687923,2-5 km from Oktoberfest,,,
8536071,Schwanthalerhöhe,48.13471,11.53353,Entire home/apt,2,13,0.1,360,280.0,EUR per night,1.2256538597738396,0-2 km from Oktoberfest,,,
8576332,Sendling,48.11184,11.55136,Private room,2,4,0.05,357,157.0,EUR per night,2.234838972082751,2-5 km from Oktoberfest,,,
8600027,Schwabing-West,48.16001,11.579,Entire home/apt,5,35,0.33,240,278.0,EUR per night,3.815800953766379,2-5 km from Oktoberfest,,,
8626599,Schwanthalerhöhe,48.13275,11.53972,Entire home/apt,3,15,0.11,99,512.0,EUR per night,0.7319301915022534,0-2 km from Oktoberfest,,,
8628515,Schwanthalerhöhe,48.13681,11.54602,Private room,1,227,1.82,16,229.0,EUR per night,0.6039647788170086,0-2 km from Oktoberfest,,,
8629374,Tudering-Riem,48.13224,11.69419,Private room,1,192,1.55,246,88.0,EUR per night,10.737980884142724,10+ km from Oktoberfest,,,
8697837,Neuhausen-Nymphenburg,48.15841,11.51712,Private room,1,710,5.71,265,100.0,EUR per night,3.802759390073988,2-5 km from Oktoberfest,,,
8916911,Berg am Laim,48.13113,11.62966,Private room,2,122,0.96,14,58.0,EUR per night,5.949614678563102,5-10 km from Oktoberfest,,,
8965736,Thalkirchen-Obersendling-Forstenried-Fürstenried-Solln,48.10195,11.5478,Private room,1,613,4.79,179,71.0,EUR per night,3.3326783355752223,2-5 km from Oktoberfest,,,
8966493,Schwanthalerhöhe,48.13453,11.5422,Entire home/apt,3,73,0.57,279,172.0,EUR per night,0.6156378884217414,0-2 km from Oktoberfest,,,
9195910,Au-Haidhausen,48.12232,11.57192,Entire home/apt,1,144,1.12,9,172.0,EUR per night,1.975783597136195,0-2 km from Oktoberfest,,,
9220785,Pasing-Obermenzing,48.14766,11.45184,Entire home/apt,1,676,5.25,134,169.0,EUR per night,7.455461478489368,5-10 km from Oktoberfest,,,
9242529,Schwanthalerhöhe,48.13983,11.54766,Entire home/apt,1,20,0.16,8,600.0,EUR per night,0.8922848785489972,0-2 km from Oktoberfest,,,
9245245,Maxvorstadt,48.15063,11.56279,Entire home/apt,12,104,0.81,179,78.0,EUR per night,2.304341079579506,2-5 km from Oktoberfest,,,
9257377,Schwabing-West,48.15969,11.57326,Entire home/apt,5,35,0.28,303,273.0,EUR per night,3.557576475679332,2-5 km from Oktoberfest,,,
9376845,Ludwigsvorstadt-Isarvorstadt,48.12832,11.57268,Entire home/apt,2,57,0.46,342,289.0,EUR per night,1.765785242685301,0-2 km from Oktoberfest,,,
9450141,Thalkirchen-Obersendling-Forstenried-Fürstenried-Solln,48.08536,11.5222,Entire home/apt,5,16,0.12,226,70.0,EUR per night,5.557810638256543,5-10 km from Oktoberfest,,,
9508546,Berg am Laim,48.12881,11.61758,Private room,7,18,0.14,330,73.0,EUR per night,5.064276167881554,5-10 km from Oktoberfest,,,
9583950,Thalkirchen-Obersendling-Forstenried-Fürstenried-Solln,48.07605,11.52695,Private room,1,53,0.42,332,78.0,EUR per night,6.4320086294768295,5-10 km from Oktoberfest,,,
9599188,Milbertshofen-Am Hart,48.17663,11.55902,Private room,7,10,0.08,362,309.0,EUR per night,5.023634625628029,5-10 km from Oktoberfest,,,
9602349,Neuhausen-Nymphenburg,48.15602,11.5184,Entire home/apt,3,73,0.59,83,112.0,EUR per night,3.538048271965953,2-5 km from Oktoberfest,,,
9610959,Laim,48.14038848876953,11.52046012878418,Private room,1,504,3.92,299,52.0,EUR per night,2.3526175710067423,2-5 km from Oktoberfest,,,
9768038,Schwanthalerhöhe,48.14075768368573,11.538699784962011,Entire home/apt,2,27,0.59,316,182.0,EUR per night,1.2698080251847885,0-2 km from Oktoberfest,,,
9947504,Thalkirchen-Obersendling-Forstenried-Fürstenried-Solln,48.09861,11.53201,Entire home/apt,30,10,0.09,240,55.0,EUR per night,3.92279352125258,2-5 km from Oktoberfest,,,
10044722,Ludwigsvorstadt-Isarvorstadt,48.12656,11.55319,Entire home/apt,1,257,2.15,11,138.0,EUR per night,0.65389310527029,0-2 km from Oktoberfest,,,
10293145,Schwabing-Freimann,48.19324,11.62827,Entire home/apt,1,26,0.21,178,81.0,EUR per night,8.980780369116049,5-10 km from Oktoberfest,,,
10356347,Pasing-Obermenzing,48.13446,11.44135,Entire home/apt,4,17,0.14,314,102.0,EUR per night,8.031035839472432,5-10 km from Oktoberfest,,,
10359799,Schwabing-West,48.16609,11.57862,Private room,1,0,,264,100.0,EUR per night,4.372707206979512,2-5 km from Oktoberfest,,,
10383452,Ludwigsvorstadt-Isarvorstadt,48.131,11.5681,Entire home/apt,1,123,1.18,92,495.0,EUR per night,1.3840061068384784,0-2 km from Oktoberfest,,,
10425205,Tudering-Riem,48.11311,11.65966,Private room,2,27,0.21,271,93.0,EUR per night,8.439569676340207,5-10 km from Oktoberfest,,,
10442911,Laim,48.1326,11.49785,Entire home/apt,30,13,0.1,237,54.0,EUR per night,3.833891336101501,2-5 km from Oktoberfest,,,
10765606,Milbertshofen-Am Hart,48.18168,11.58045,Entire home/apt,6,7,0.06,13,92.0,EUR per night,5.992498041237111,5-10 km from Oktoberfest,,,
10802305,Pasing-Obermenzing,48.15437,11.47822,Private room,21,1,0.01,149,54.0,EUR per night,5.849269316676576,5-10 km from Oktoberfest,,,
10858442,Au-Haidhausen,48.13683,11.60849,Entire home/apt,1,860,6.82,210,159.0,EUR per night,4.411834281028466,2-5 km from Oktoberfest,,,
10895807,Untergiesing-Harlaching,48.08036,11.54986,Entire home/apt,7,0,,328,102.0,EUR per night,5.731048856082553,5-10 km from Oktoberfest,,,
11015816,Sendling-Westpark,48.1118,11.50856,Private room,1,253,2.03,144,77.0,EUR per night,3.7722923600056153,2-5 km from Oktoberfest,,,
11101904,Tudering-Riem,48.11791,11.65672,Private room,1,146,1.16,72,118.0,EUR per night,8.108869355454388,5-10 km from Oktoberfest,,,
11184931,Au-Haidhausen,48.13062,11.60436,Private room,7,3,0.03,147,102.0,EUR per night,4.073890362692496,2-5 km from Oktoberfest,,,
11364373,Thalkirchen-Obersendling-Forstenried-Fürstenried-Solln,48.10213088989258,11.541680335998535,Private room,2,107,0.9,188,125.0,EUR per night,3.3606880103243832,2-5 km from Oktoberfest,,,
11504553,Ludwigsvorstadt-Isarvorstadt,48.13625,11.55187,Entire home/apt,180,14,0.11,343,29.0,EUR per night,0.5146814080207814,0-2 km from Oktoberfest,,,
11600537,Ludwigsvorstadt-Isarvorstadt,48.1266,11.55309,Entire home/apt,1,134,1.08,19,158.0,EUR per night,0.6467641805067829,0-2 km from Oktoberfest,,,
11655429,Tudering-Riem,48.13187,11.69225,Private room,2,22,0.18,277,173.0,EUR per night,10.59397936903342,10+ km from Oktoberfest,,,
11656738,Tudering-Riem,48.12992,11.69368,Private room,2,7,0.06,266,173.0,EUR per night,10.702572084515317,10+ km from Oktoberfest,,,
11669266,Sendling-Westpark,48.1118,11.50856,Private room,1,264,2.12,143,82.0,EUR per night,3.7722923600056153,2-5 km from Oktoberfest,,,
11810642,Untergiesing-Harlaching,48.11785,11.56901,Private room,1,79,0.64,345,215.0,EUR per night,2.1301994386174594,2-5 km from Oktoberfest,,,
11853790,Bogenhausen,48.14836067779094,11.637667631111754,Private room,1,0,,365,270.0,EUR per night,6.793398925856266,5-10 km from Oktoberfest,,,
11905650,Laim,48.14004,11.51576,Entire home/apt,2,189,1.55,87,253.0,EUR per night,2.662347396724122,2-5 km from Oktoberfest,,,
12035891,Allach-Untermenzing,48.17625,11.45915,Private room,1,36,0.34,133,81.0,EUR per night,8.321079814536697,5-10 km from Oktoberfest,,,
12124301,Neuhausen-Nymphenburg,48.14585876464844,11.541733741760254,Entire home/apt,2,27,0.23,14,370.0,EUR per night,1.6556727793521229,0-2 km from Oktoberfest,,,
12196578,Schwabing-West,48.16107,11.57461,Entire home/apt,14,11,0.09,88,203.0,EUR per night,3.7404971114917553,2-5 km from Oktoberfest,,,
12351092,Milbertshofen-Am Hart,48.20110764441083,11.567165425978112,Private room,1,0,,23,120.0,EUR per night,7.806264005829729,5-10 km from Oktoberfest,,,
12476546,Hadern,48.11773,11.49318,Entire home/apt,10,0,,339,87.0,EUR per night,4.467366652644766,2-5 km from Oktoberfest,,,
12783271,Schwabing-West,48.16510009765625,11.57487964630127,Entire home/apt,2,8,0.07,353,330.0,EUR per night,4.144133687565146,2-5 km from Oktoberfest,,,
12850600,Untergiesing-Harlaching,48.09177,11.5576,Entire home/apt,90,0,,358,27.0,EUR per night,4.502592073155663,2-5 km from Oktoberfest,,,
12886887,Neuhausen-Nymphenburg,48.15909971365233,11.541200015344234,Private room,2,0,,27,190.0,EUR per night,3.086525384266794,2-5 km from Oktoberfest,,,
12911392,Thalkirchen-Obersendling-Forstenried-Fürstenried-Solln,48.09631,11.49157,Entire home/apt,7,4,0.04,17,222.0,EUR per night,5.844403921875341,5-10 km from Oktoberfest,,,
12983450,Feldmoching-Hasenbergl,48.22155,11.52336,Entire home/apt,3,7,0.06,365,197.0,EUR per night,10.15530823309148,10+ km from Oktoberfest,,,
12994741,Obergiesing,48.10156,11.59922,Entire home/apt,1,5,0.04,364,615.0,EUR per night,5.000491134872029,5-10 km from Oktoberfest,,,
13163787,Neuhausen-Nymphenburg,48.15641,11.53764,Entire home/apt,90,11,0.1,274,20.0,EUR per night,2.863925802332659,2-5 km from Oktoberfest,,,
13170896,Sendling-Westpark,48.10677,11.50534,Entire home/apt,20,3,0.02,212,62.0,EUR per night,4.307437039545995,2-5 km from Oktoberfest,,,
13251484,Tudering-Riem,48.1319,11.69231,Private room,2,54,0.44,359,129.0,EUR per night,10.598428557402311,10+ km from Oktoberfest,,,
13324700,Pasing-Obermenzing,48.14338,11.46171,Entire home/apt,90,8,0.08,179,24.0,EUR per night,6.638363972088334,5-10 km from Oktoberfest,,,
13352841,Neuhausen-Nymphenburg,48.15059,11.54195,Entire home/apt,1,452,3.71,232,119.0,EUR per night,2.1524145348592443,2-5 km from Oktoberfest,,,
13461428,Tudering-Riem,48.11468,11.68282,Private room,1,167,1.37,283,116.0,EUR per night,10.079347916620078,10+ km from Oktoberfest,,,
13554490,Milbertshofen-Am Hart,48.18646,11.56431,Private room,1,209,1.73,138,83.0,EUR per night,6.1654476871088555,5-10 km from Oktoberfest,,,
13571939,Altstadt-Lehel,48.13517,11.58108,Entire home/apt,1,174,1.43,32,119.0,EUR per night,2.371626816486402,2-5 km from Oktoberfest,,,
13708811,Ludwigsvorstadt-Isarvorstadt,48.13707,11.55606,Entire home/apt,10,59,0.5,29,97.0,EUR per night,0.753308917615621,0-2 km from Oktoberfest,,,
13790507,Au-Haidhausen,48.13261,11.5951,Entire home/apt,5,10,0.08,177,509.0,EUR per night,3.385032974508251,2-5 km from Oktoberfest,,,
13926561,Pasing-Obermenzing,48.14213205792313,11.485140181512614,Entire home/apt,2,5,0.24,53,300.0,EUR per night,4.909543810097962,2-5 km from Oktoberfest,,,
13974371,Allach-Untermenzing,48.21834,11.46995,Entire home/apt,2,237,1.99,276,263.0,EUR per night,11.277382679526589,10+ km from Oktoberfest,,,
14090088,Untergiesing-Harlaching,48.11701,11.56839,Private room,1,82,0.68,296,67.0,EUR per night,2.169606279695873,2-5 km from Oktoberfest,,,
14117145,Aubing-Lochhausen-Langwied,48.15363,11.41839,Entire home/apt,1,343,2.93,137,66.0,EUR per night,10.023658031553241,10+ km from Oktoberfest,,,
14180019,Sendling-Westpark,48.11721,11.53039,Entire home/apt,1,28,0.24,352,757.0,EUR per night,2.1633523891199493,2-5 km from Oktoberfest,,,
14268794,Neuhausen-Nymphenburg,48.15133,11.53875,Entire home/apt,14,0,,319,121.0,EUR per night,2.3030570483561204,2-5 km from Oktoberfest,,,
14288192,Berg am Laim,48.12126,11.62482,Private room,1,336,2.79,76,66.0,EUR per night,5.714162834287119,5-10 km from Oktoberfest,,,
14290118,Ludwigsvorstadt-Isarvorstadt,48.12658,11.55321,Entire home/apt,1,129,1.08,8,129.0,EUR per night,0.6524992784480015,0-2 km from Oktoberfest,,,
14296910,Maxvorstadt,48.15516,11.56,Private room,1,148,1.23,207,43.0,EUR per night,2.7011805811817564,2-5 km from Oktoberfest,,,
14329024,Thalkirchen-Obersendling-Forstenried-Fürstenried-Solln,48.07659,11.52571,Private room,2,28,0.23,289,92.0,EUR per night,6.398854526424212,5-10 km from Oktoberfest,,,
14393465,Sendling,48.12348,11.54209,Entire home/apt,3,11,0.09,17,576.0,EUR per night,1.085840239590375,0-2 km from Oktoberfest,,,
14438574,Schwabing-West,48.16223,11.56947,Private room,2,105,0.88,284,65.0,EUR per night,3.683638979395554,2-5 km from Oktoberfest,,,
14485427,Neuhausen-Nymphenburg,48.14783,11.53692,Private room,1,668,5.57,206,89.0,EUR per night,2.002243186542463,2-5 km from Oktoberfest,,,
14545015,Obergiesing,48.11568,11.58226,Private room,3,79,0.66,46,79.0,EUR per night,3.027486411773997,2-5 km from Oktoberfest,,,
14603726,Schwabing-West,48.16084,11.56906,Private room,2,96,0.81,335,105.0,EUR per night,3.5300714376926656,2-5 km from Oktoberfest,,,
14604647,Tudering-Riem,48.13089,11.69164,Private room,1,103,0.86,56,80.0,EUR per night,10.549407086085267,10+ km from Oktoberfest,,,
14651423,Schwabing-West,48.16221909366758,11.561842821647057,Private room,1,113,0.95,345,85.0,EUR per night,3.493483898883056,2-5 km from Oktoberfest,,,
14661077,Ludwigsvorstadt-Isarvorstadt,48.12366,11.55203,Entire home/apt,3,23,0.19,15,146.0,EUR per night,0.9352895938499277,0-2 km from Oktoberfest,,,
14679149,Ramersdorf-Perlach,48.11114,11.62624,Entire home/apt,2,165,1.38,262,155.0,EUR per night,6.146260309704509,5-10 km from Oktoberfest,,,
14687839,Ramersdorf-Perlach,48.10073,11.60528,Entire home/apt,1,615,5.17,73,138.0,EUR per night,5.399973065730636,5-10 km from Oktoberfest,,,
14691675,Ludwigsvorstadt-Isarvorstadt,48.1306,11.5548,Entire home/apt,5,13,0.12,28,55.0,EUR per night,0.41905765206365986,0-2 km from Oktoberfest,,,
14706619,Schwabing-Freimann,48.16592,11.59354,Private room,1,389,3.26,48,86.0,EUR per night,4.998507801298136,2-5 km from Oktoberfest,,,
14707944,Tudering-Riem,48.11076,11.67101,Entire home/apt,1,10,0.09,94,690.0,EUR per night,9.320818639887916,5-10 km from Oktoberfest,,,
14744702,Maxvorstadt,48.15244,11.56776,Entire home/apt,2,66,0.55,348,456.0,EUR per night,2.6555724522162074,2-5 km from Oktoberfest,,,
14781132,Ludwigsvorstadt-Isarvorstadt,48.13541907321814,11.559381288987533,Private room,1,151,1.41,60,92.0,EUR per night,0.8311719929513214,0-2 km from Oktoberfest,,,
14793725,Tudering-Riem,48.11229,11.67181,Entire home/apt,2,180,1.52,220,95.0,EUR per night,9.336972879094303,5-10 km from Oktoberfest,,,
14795252,Ludwigsvorstadt-Isarvorstadt,48.12984,11.5562,Entire home/apt,1,321,2.71,158,191.0,EUR per night,0.5474643716732649,0-2 km from Oktoberfest,,,
14818741,Sendling-Westpark,48.11545,11.50383,Private room,3,64,0.54,121,84.0,EUR per night,3.8518897746644556,2-5 km from Oktoberfest,,,
14823179,Ludwigsvorstadt-Isarvorstadt,48.12659,11.55318,Entire home/apt,1,179,1.5,15,130.0,EUR per night,0.6505534539171499,0-2 km from Oktoberfest,,,
14831622,Sendling-Westpark,48.11399,11.50488,Private room,2,59,0.5,290,104.0,EUR per night,3.864623271233564,2-5 km from Oktoberfest,,,
14835692,Au-Haidhausen,48.12808,11.58651,Entire home/apt,3,61,0.51,49,161.0,EUR per night,2.7793931895914255,2-5 km from Oktoberfest,,,
14855217,Altstadt-Lehel,48.13509,11.57111,Entire home/apt,3,258,2.18,110,295.0,EUR per night,1.6424636334288574,0-2 km from Oktoberfest,,,
14877577,Schwabing-Freimann,48.15313,11.58458,Entire home/apt,2,19,0.22,24,167.0,EUR per night,3.5139285522342356,2-5 km from Oktoberfest,,,
14891033,Thalkirchen-Obersendling-Forstenried-Fürstenried-Solln,48.08345,11.52656,Entire home/apt,3,0,,88,199.0,EUR per night,5.65023118092314,5-10 km from Oktoberfest,,,
14899873,Thalkirchen-Obersendling-Forstenried-Fürstenried-Solln,48.08674,11.50641,Private room,1,48,0.4,124,107.0,EUR per night,5.954107143576633,5-10 km from Oktoberfest,,,
14905969,Bogenhausen,48.15192031860352,11.629188537597656,Private room,2,48,0.4,63,180.0,EUR per night,6.318000066199689,5-10 km from Oktoberfest,,,
14926319,Bogenhausen,48.1407,11.60852,Entire home/apt,3,120,1.04,307,188.0,EUR per night,4.487684429213357,2-5 km from Oktoberfest,,,
14963814,Allach-Untermenzing,48.18469,11.47306,Entire home/apt,2,74,0.62,42,142.0,EUR per night,8.16119720627346,5-10 km from Oktoberfest,,,
14992014,Pasing-Obermenzing,48.15088,11.4636,Entire home/apt,2,322,2.71,143,157.0,EUR per night,6.7140862754728605,5-10 km from Oktoberfest,,,
14998667,Aubing-Lochhausen-Langwied,48.18062,11.39679,Entire home/apt,26,12,0.11,236,28.0,EUR per night,12.556536924863567,10+ km from Oktoberfest,,,
15017663,Schwabing-West,48.16101,11.57205,Entire home/apt,1,475,4.01,187,231.0,EUR per night,3.643690817221065,2-5 km from Oktoberfest,,,
15019568,Ludwigsvorstadt-Isarvorstadt,48.12668,11.55323,Entire home/apt,1,370,3.11,21,124.0,EUR per night,0.6430729328039547,0-2 km from Oktoberfest,,,
15025839,Ramersdorf-Perlach,48.11224,11.62912,Entire home/apt,1,371,3.12,82,167.0,EUR per night,6.301365935449124,5-10 km from Oktoberfest,,,
15026302,Ludwigsvorstadt-Isarvorstadt,48.12569,11.55759,Private room,33,32,0.27,140,36.0,EUR per night,0.9150557147607358,0-2 km from Oktoberfest,,,
15038285,Au-Haidhausen,48.12626,11.58284,Private room,1,223,1.88,58,196.0,EUR per night,2.5526512347301202,2-5 km from Oktoberfest,,,
15045110,Schwabing-West,48.16332,11.56793,Private room,1,121,1.02,289,67.0,EUR per night,3.7517808710785148,2-5 km from Oktoberfest,,,
15045264,Sendling,48.11763,11.54445,Private room,2,22,0.19,355,234.0,EUR per night,1.6304227561823323,0-2 km from Oktoberfest,,,
15045514,Schwabing-Freimann,48.177530611289086,11.589146064358092,Entire home/apt,2,34,0.89,14,113.0,EUR per night,5.864610986755931,5-10 km from Oktoberfest,,,
15083785,Milbertshofen-Am Hart,48.1962,11.5781,Private room,2,119,1.0,239,47.0,EUR per night,7.457849046642182,5-10 km from Oktoberfest,,,
15084251,Schwabing-Freimann,48.17149,11.5829,Entire home/apt,7,4,0.03,365,150.0,EUR per night,5.051613287897527,5-10 km from Oktoberfest,,,
15119858,Neuhausen-Nymphenburg,48.16165,11.53983,Private room,2,8,0.07,364,310.0,EUR per night,3.3849525732316006,2-5 km from Oktoberfest,,,
15152410,Ludwigsvorstadt-Isarvorstadt,48.12659,11.55318,Entire home/apt,1,212,1.78,10,185.0,EUR per night,0.6505534539171499,0-2 km from Oktoberfest,,,
15160695,Sendling,48.12114,11.54963,Entire home/apt,30,1,0.01,270,292.0,EUR per night,1.196496316037041,0-2 km from Oktoberfest,,,
15185318,Ludwigsvorstadt-Isarvorstadt,48.12659,11.55318,Entire home/apt,1,221,1.87,7,161.0,EUR per night,0.6505534539171499,0-2 km from Oktoberfest,,,
15245010,Maxvorstadt,48.14438,11.56033,Entire home/apt,1,422,3.56,55,507.0,EUR per night,1.6036130962540536,0-2 km from Oktoberfest,,,
15322955,Ramersdorf-Perlach,48.10604,11.64934,Private room,1,83,3.04,88,53.0,EUR per night,7.949621032668634,5-10 km from Oktoberfest,,,
15520511,Ramersdorf-Perlach,48.12235,11.60078,Private room,2,35,0.3,160,86.0,EUR per night,3.9513871506745954,2-5 km from Oktoberfest,,,
15677927,Feldmoching-Hasenbergl,48.21122,11.56056,Entire home/apt,1,1,0.01,90,850.0,EUR per night,8.858033010324677,5-10 km from Oktoberfest,,,
15857527,Schwabing-West,48.16949,11.58062,Entire home/apt,3,366,3.12,29,69.0,EUR per night,4.7750255539217905,2-5 km from Oktoberfest,,,
15870799,Altstadt-Lehel,48.13662,11.57769,Entire home/apt,2,47,0.42,18,338.0,EUR per night,2.1568142166257807,2-5 km from Oktoberfest,,,
15882333,Sendling-Westpark,48.11928,11.52455,Private room,2,23,0.2,87,49.0,EUR per night,2.3234799729495657,2-5 km from Oktoberfest,,,
15968053,Schwabing-West,48.17133,11.56648,Private room,1,97,0.83,250,93.0,EUR per night,4.561781423108611,2-5 km from Oktoberfest,,,
16001097,Neuhausen-Nymphenburg,48.15405,11.5457,Private room,2,32,0.27,263,58.0,EUR per night,2.4790533655303952,2-5 km from Oktoberfest,,,
16024190,Neuhausen-Nymphenburg,48.15881,11.54729,Entire home/apt,100,3,0.03,276,27.0,EUR per night,2.9967446701094467,2-5 km from Oktoberfest,,,
16099193,Thalkirchen-Obersendling-Forstenried-Fürstenried-Solln,48.08902,11.51665,Private room,3,2,0.02,90,410.0,EUR per night,5.35561152016912,5-10 km from Oktoberfest,,,
16152054,Bogenhausen,48.13938,11.61582,Entire home/apt,2,263,2.27,64,290.0,EUR per night,4.991268461701194,2-5 km from Oktoberfest,,,
16341031,Au-Haidhausen,48.1391,11.59851,Entire home/apt,1,18,0.16,361,207.0,EUR per night,3.724024859091528,2-5 km from Oktoberfest,,,
16426657,Schwabing-West,48.15975,11.55519,Entire home/apt,1,9,0.08,175,65.0,EUR per night,3.1254211974728716,2-5 km from Oktoberfest,,,
16527846,Berg am Laim,48.13229,11.64173,Entire home/apt,7,48,0.42,84,71.0,EUR per night,6.844822172049904,5-10 km from Oktoberfest,,,
16570713,Sendling-Westpark,48.1118,11.50856,Private room,1,113,0.99,139,165.0,EUR per night,3.7722923600056153,2-5 km from Oktoberfest,,,
16592040,Sendling-Westpark,48.1159,11.51191,Entire home/apt,5,11,0.1,163,22.0,EUR per night,3.309083479892514,2-5 km from Oktoberfest,,,
16772422,Sendling-Westpark,48.12262,11.53457,Entire home/apt,2,30,0.28,133,157.0,EUR per night,1.5141655672796375,0-2 km from Oktoberfest,,,
16838933,Neuhausen-Nymphenburg,48.15474,11.53357,Entire home/apt,6,16,0.15,231,643.0,EUR per night,2.80126061290407,2-5 km from Oktoberfest,,,
16863336,Maxvorstadt,48.14807,11.57625,Entire home/apt,1,430,3.85,298,701.0,EUR per night,2.67819064823773,2-5 km from Oktoberfest,,,
16953706,Sendling,48.11229,11.55103,Private room,1,34,1.37,173,105.0,EUR per night,2.1834879894230284,2-5 km from Oktoberfest,,,
17027077,Ludwigsvorstadt-Isarvorstadt,48.12693,11.55827,Entire home/apt,60,0,,128,63.0,EUR per night,0.8538497971699706,0-2 km from Oktoberfest,,,
17030750,Ramersdorf-Perlach,48.08536,11.64639,Entire home/apt,2,5,0.05,350,126.0,EUR per night,8.861802474025506,5-10 km from Oktoberfest,,,
17053725,Berg am Laim,48.13098,11.61693,Entire home/apt,2,235,2.17,217,343.0,EUR per night,5.005306554914458,5-10 km from Oktoberfest,,,
17085252,Laim,48.13301103202431,11.497568306087654,Shared room,1,39,0.35,83,89.0,EUR per night,3.85597062192449,2-5 km from Oktoberfest,,,
17130441,Schwabing-Freimann,48.17143,11.60431,Entire home/apt,3,147,1.31,222,146.0,EUR per night,5.987796175879366,5-10 km from Oktoberfest,,,
17167350,Schwabing-Freimann,48.20595,11.5932,Private room,2,292,2.56,70,70.0,EUR per night,8.848797465798746,5-10 km from Oktoberfest,,,
17250050,Au-Haidhausen,48.12633286340038,11.600712542541284,Entire home/apt,2,56,0.96,149,224.0,EUR per night,3.850948573861726,2-5 km from Oktoberfest,,,
17265428,Schwanthalerhöhe,48.1356,11.54162,Entire home/apt,1,23,0.22,209,139.0,EUR per night,0.7150081242689343,0-2 km from Oktoberfest,,,
17375519,Obergiesing,48.10669,11.58233,Entire home/apt,182,6,0.06,274,12.0,EUR per night,3.714453741661727,2-5 km from Oktoberfest,,,
17514216,Thalkirchen-Obersendling-Forstenried-Fürstenried-Solln,48.07638,11.52749,Private room,2,49,0.49,235,211.0,EUR per night,6.386206403804876,5-10 km from Oktoberfest,,,
17554019,Laim,48.13964,11.50672,Private room,2,102,0.93,66,45.0,EUR per night,3.2892083917528545,2-5 km from Oktoberfest,,,
17615448,Tudering-Riem,48.1089283,11.704218,Private room,3,74,0.66,93,79.0,EUR per night,11.765358561988489,10+ km from Oktoberfest,,,
17621112,Altstadt-Lehel,48.13979,11.58861,Entire home/apt,5,0,,37,210.0,EUR per night,3.031972637274457,2-5 km from Oktoberfest,,,
17675625,Obergiesing,48.09382,11.61271,Private room,1,155,1.37,325,73.0,EUR per night,6.320715749373797,5-10 km from Oktoberfest,,,
17804827,Schwabing-West,48.1651,11.57624,Entire home/apt,60,7,0.09,182,55.0,EUR per night,4.190943763194191,2-5 km from Oktoberfest,,,
17812223,Ludwigsvorstadt-Isarvorstadt,48.1395,11.5626,Entire home/apt,1,108,1.36,254,271.0,EUR per night,1.2880952960945884,0-2 km from Oktoberfest,,,
17947193,Sendling-Westpark,48.11474,11.51603,Private room,2,6,0.06,52,60.0,EUR per night,3.132541101274666,2-5 km from Oktoberfest,,,
18086143,Bogenhausen,48.15753,11.63305,Entire home/apt,100,0,,151,14.0,EUR per night,6.822723358643121,5-10 km from Oktoberfest,,,
18099961,Neuhausen-Nymphenburg,48.16234,11.54142,Entire home/apt,100,1,0.01,213,14.0,EUR per night,3.437448639381582,2-5 km from Oktoberfest,,,
18137087,Neuhausen-Nymphenburg,48.14837,11.53247,Entire home/apt,14,1,0.01,180,100.0,EUR per night,2.2250334258211826,2-5 km from Oktoberfest,,,
18146505,Schwabing-West,48.15804,11.57276,Private room,1,75,0.67,4,83.0,EUR per night,3.3803549280901666,2-5 km from Oktoberfest,,,
18147550,Ludwigsvorstadt-Isarvorstadt,48.12689,11.54871,Entire home/apt,2,492,4.44,258,308.0,EUR per night,0.5601634727398008,0-2 km from Oktoberfest,,,
18165905,Thalkirchen-Obersendling-Forstenried-Fürstenried-Solln,48.0969,11.5,Private room,1,105,0.94,35,54.0,EUR per night,5.352623823508149,5-10 km from Oktoberfest,,,
18213376,Milbertshofen-Am Hart,48.19621,11.57856,Private room,1,21,0.19,265,95.0,EUR per night,7.468688826852852,5-10 km from Oktoberfest,,,
18239519,Maxvorstadt,48.15075,11.56274,Entire home/apt,3,44,0.4,18,141.0,EUR per night,2.3148305402727485,2-5 km from Oktoberfest,,,
18287310,Pasing-Obermenzing,48.13635,11.45849,Private room,1,152,1.36,9,70.0,EUR per night,6.771979608597996,5-10 km from Oktoberfest,,,
18324070,Altstadt-Lehel,48.13583,11.5795,Entire home/apt,100,4,0.04,364,27.0,EUR per night,2.268802654617498,2-5 km from Oktoberfest,,,
18574466,Schwabing-Freimann,48.17084,11.60184,Entire home/apt,1,265,2.38,169,183.0,EUR per night,5.815918580036121,5-10 km from Oktoberfest,,,
18597617,Ludwigsvorstadt-Isarvorstadt,48.12562,11.55161,Entire home/apt,90,1,0.01,179,23.0,EUR per night,0.7156481330368211,0-2 km from Oktoberfest,,,
18605241,Neuhausen-Nymphenburg,48.14866,11.5364,Entire home/apt,5,43,0.4,179,128.0,EUR per night,2.1018952667514226,2-5 km from Oktoberfest,,,
18607091,Maxvorstadt,48.15587,11.566,Entire home/apt,2,6,0.05,244,145.0,EUR per night,2.9330540483478242,2-5 km from Oktoberfest,,,
18993405,Hadern,48.12788,11.48424,Private room,2,114,1.04,240,78.0,EUR per night,4.863946185111364,2-5 km from Oktoberfest,,,
19033507,Neuhausen-Nymphenburg,48.1466643,11.5413937,Entire home/apt,24,1,0.01,176,61.0,EUR per night,1.7484403757959108,0-2 km from Oktoberfest,,,
19071301,Laim,48.14041,11.51028,Private room,2,94,0.86,350,105.0,EUR per night,3.0603797664701933,2-5 km from Oktoberfest,,,
19095028,Neuhausen-Nymphenburg,48.15018,11.50172,Entire home/apt,2,32,1.69,305,149.0,EUR per night,4.086651212067059,2-5 km from Oktoberfest,,,
19130106,Laim,48.13679,11.50395,Private room,2,80,0.73,54,97.0,EUR per night,3.4237174380949087,2-5 km from Oktoberfest,,,
19217956,Tudering-Riem,48.1171,11.6954,Private room,2,24,0.24,165,213.0,EUR per night,10.953638520359274,10+ km from Oktoberfest,,,
19240157,Sendling-Westpark,48.11771,11.51157,Entire home/apt,1,46,1.3,244,184.0,EUR per night,3.2273181955059895,2-5 km from Oktoberfest,,,
19304837,Schwabing-West,48.16389,11.56801,Entire home/apt,3,2,0.02,364,333.0,EUR per night,3.813003665459645,2-5 km from Oktoberfest,,,
19352637,Milbertshofen-Am Hart,48.20134,11.58534,Entire home/apt,25,41,0.37,344,97.0,EUR per night,8.166068314176977,5-10 km from Oktoberfest,,,
19395357,Ramersdorf-Perlach,48.11771,11.60013,Entire home/apt,1,107,1.0,129,192.0,EUR per night,4.075758457894827,2-5 km from Oktoberfest,,,
19497611,Tudering-Riem,48.10617,11.7046,Private room,2,42,0.39,60,105.0,EUR per night,11.863551180703839,10+ km from Oktoberfest,,,
19517870,Ludwigsvorstadt-Isarvorstadt,48.12676,11.55326,Entire home/apt,1,144,1.32,21,111.0,EUR per night,0.6360289517039233,0-2 km from Oktoberfest,,,
19539754,Schwabing-West,48.17432,11.58156,Entire home/apt,14,8,0.08,100,121.0,EUR per night,5.282552285981428,5-10 km from Oktoberfest,,,
19570940,Au-Haidhausen,48.12963,11.60374,Private room,12,4,0.04,332,57.0,EUR per night,4.033335114829022,2-5 km from Oktoberfest,,,
19571425,Au-Haidhausen,48.12963,11.60374,Private room,10,15,0.15,332,65.0,EUR per night,4.033335114829022,2-5 km from Oktoberfest,,,
19571799,Au-Haidhausen,48.12963,11.60374,Private room,15,3,0.04,332,48.0,EUR per night,4.033335114829022,2-5 km from Oktoberfest,,,
19649785,Bogenhausen,48.16731,11.64696,Private room,1,29,0.27,61,95.0,EUR per night,8.232934816199522,5-10 km from Oktoberfest,,,
19718190,Au-Haidhausen,48.13211,11.5951,Entire home/apt,3,6,0.06,11,272.0,EUR per night,3.384209237968888,2-5 km from Oktoberfest,,,
19744591,Neuhausen-Nymphenburg,48.14632,11.5164,Private room,2,56,0.52,151,73.0,EUR per night,2.9331766581257175,2-5 km from Oktoberfest,,,
19887803,Ludwigsvorstadt-Isarvorstadt,48.13591,11.5609,Entire home/apt,2,366,3.43,240,573.0,EUR per night,0.9563142009351862,0-2 km from Oktoberfest,,,
19888329,Au-Haidhausen,48.130605,11.604558,Private room,3,64,0.59,346,107.0,EUR per night,4.0886348787456335,2-5 km from Oktoberfest,,,
19890943,Moosach,48.18742,11.52773,Private room,1,10,0.09,89,75.0,EUR per night,6.381226796520887,5-10 km from Oktoberfest,,,
19989025,Maxvorstadt,48.14211,11.55794,Entire home/apt,1,268,2.47,170,149.0,EUR per night,1.2965947040460115,0-2 km from Oktoberfest,,,
19998084,Au-Haidhausen,48.12726,11.6003,Private room,20,4,0.04,365,91.0,EUR per night,3.805355193054698,2-5 km from Oktoberfest,,,
20005064,Bogenhausen,48.1504,11.62618,Private room,1,250,2.3,88,77.0,EUR per night,6.050122480977876,5-10 km from Oktoberfest,,,
20005531,Neuhausen-Nymphenburg,48.14606,11.53133,Private room,1,359,3.35,77,75.0,EUR per night,2.072909743802328,2-5 km from Oktoberfest,,,
20012056,Schwabing-West,48.16538,11.57035,Private room,1,77,0.71,23,141.0,EUR per night,4.031379529375685,2-5 km from Oktoberfest,,,
20013451,Bogenhausen,48.13856,11.61422,Entire home/apt,1,199,1.83,276,214.0,EUR per night,4.859545378890731,2-5 km from Oktoberfest,,,
20063247,Ludwigsvorstadt-Isarvorstadt,48.12433,11.56693,Private room,2,9,0.08,14,121.0,EUR per night,1.5433831175170318,0-2 km from Oktoberfest,,,
20127276,Schwabing-West,48.17702,11.56932,Entire home/apt,1,13,0.12,71,44.0,EUR per night,5.228108953141281,5-10 km from Oktoberfest,,,
20205490,Ludwigsvorstadt-Isarvorstadt,48.13148,11.57706,Entire home/apt,115,23,0.21,153,26.0,EUR per night,2.0458655526097385,2-5 km from Oktoberfest,,,
20213112,Moosach,48.17028,11.53541,Entire home/apt,4,25,0.23,259,625.0,EUR per night,4.393806719701925,2-5 km from Oktoberfest,,,
20222956,Neuhausen-Nymphenburg,48.1465116,11.5404743,Private room,2,12,0.36,81,200.0,EUR per night,1.7573586222637039,0-2 km from Oktoberfest,,,
20261020,Schwabing-West,48.1609,11.57495,Private room,2,0,,89,250.0,EUR per night,3.7368015493168594,2-5 km from Oktoberfest,,,
20305214,Thalkirchen-Obersendling-Forstenried-Fürstenried-Solln,48.10466,11.54351,Entire home/apt,7,7,0.07,18,100.0,EUR per night,3.061414137739639,2-5 km from Oktoberfest,,,
20345239,Sendling,48.12466,11.54623,Private room,1,38,0.36,66,73.0,EUR per night,0.8408379940325544,0-2 km from Oktoberfest,,,
20397182,Sendling,48.12261,11.54397,Entire home/apt,1,9,0.08,39,177.0,EUR per night,1.1115529522938332,0-2 km from Oktoberfest,,,
20443956,Berg am Laim,48.13004,11.62863,Entire home/apt,1,31,0.29,92,354.0,EUR per night,5.876261249707336,5-10 km from Oktoberfest,,,
20548037,Laim,48.13954162597656,11.5194730758667,Private room,1,186,1.76,350,82.0,EUR per night,2.3847533953879587,2-5 km from Oktoberfest,,,
20582603,Tudering-Riem,48.12854,11.69802,Private room,2,52,0.49,54,314.0,EUR per night,11.02887816625831,10+ km from Oktoberfest,,,
20676005,Moosach,48.18063,11.5252,Private room,2,6,0.06,184,115.0,EUR per night,5.71047945564261,5-10 km from Oktoberfest,,,
20706063,Sendling,48.11644,11.54448,Entire home/apt,2,20,0.23,11,129.0,EUR per night,1.7589913396684265,0-2 km from Oktoberfest,,,
20720369,Ludwigsvorstadt-Isarvorstadt,48.13529137070071,11.555577350976538,Private room,1,139,1.3,63,159.0,EUR per night,0.5878892649979452,0-2 km from Oktoberfest,,,
20721229,Ludwigsvorstadt-Isarvorstadt,48.13543547201447,11.554115463058084,Private room,1,149,1.39,54,119.0,EUR per night,0.5214086532991966,0-2 km from Oktoberfest,,,
20743779,Neuhausen-Nymphenburg,48.15683,11.54643,Entire home/apt,1,23,0.22,361,680.0,EUR per night,2.7814320234456753,2-5 km from Oktoberfest,,,
20789295,Obergiesing,48.11874,11.581,Entire home/apt,3,13,0.12,158,260.0,EUR per night,2.7582024213790928,2-5 km from Oktoberfest,,,
20823532,Thalkirchen-Obersendling-Forstenried-Fürstenried-Solln,48.08041,11.53165,Entire home/apt,6,45,0.43,339,128.0,EUR per night,5.876829934225404,5-10 km from Oktoberfest,,,
20843425,Maxvorstadt,48.15664,11.56309,Entire home/apt,10,38,0.36,179,74.0,EUR per night,2.929931862404383,2-5 km from Oktoberfest,,,
20854960,Feldmoching-Hasenbergl,48.19698,11.55339,Private room,2,65,0.61,262,76.0,EUR per night,7.242314651411455,5-10 km from Oktoberfest,,,
20865623,Sendling-Westpark,48.10702,11.50988,Private room,3,21,0.2,9,101.0,EUR per night,4.037755320616807,2-5 km from Oktoberfest,,,
20881075,Schwanthalerhöhe,48.14021,11.53182,Private room,2,54,0.51,126,107.0,EUR per night,1.6047258399853386,0-2 km from Oktoberfest,,,
20882352,Maxvorstadt,48.14598,11.54229,Private room,1,15,0.14,29,86.0,EUR per night,1.6545125197890378,0-2 km from Oktoberfest,,,
20885325,Ramersdorf-Perlach,48.08783,11.6423,Entire home/apt,300,14,0.13,363,5.0,EUR per night,8.454890269360778,5-10 km from Oktoberfest,,,
20897360,Sendling-Westpark,48.10922,11.50938,Private room,3,29,0.27,121,88.0,EUR per night,3.902445615226246,2-5 km from Oktoberfest,,,
20901215,Bogenhausen,48.13995,11.61424,Private room,2,86,0.81,163,110.0,EUR per night,4.886883134963254,2-5 km from Oktoberfest,,,
20908744,Hadern,48.11047,11.4873,Private room,4,10,0.32,177,133.0,EUR per night,5.19570300658564,5-10 km from Oktoberfest,,,
20927485,Laim,48.13681,11.51103,Entire home/apt,3,17,0.18,52,80.0,EUR per night,2.9065938358065533,2-5 km from Oktoberfest,,,
20931363,Thalkirchen-Obersendling-Forstenried-Fürstenried-Solln,48.09442902005114,11.491332461682912,Private room,2,117,1.1,311,74.0,EUR per night,6.000742728309417,5-10 km from Oktoberfest,,,
20932025,Sendling,48.12235,11.54768,Private room,2,57,0.53,320,152.0,EUR per night,1.0704686126325602,0-2 km from Oktoberfest,,,
20937822,Schwabing-Freimann,48.16615,11.58279,Entire home/apt,3,63,0.6,112,414.0,EUR per night,4.5391345062540855,2-5 km from Oktoberfest,,,
20940070,Ludwigsvorstadt-Isarvorstadt,48.12977,11.57755,Private room,2,64,0.6,342,139.0,EUR per night,2.095161855383465,2-5 km from Oktoberfest,,,
20940265,Ludwigsvorstadt-Isarvorstadt,48.13688,11.55705,Private room,2,3,0.32,240,285.0,EUR per night,0.7877556031240268,0-2 km from Oktoberfest,,,
20958515,Thalkirchen-Obersendling-Forstenried-Fürstenried-Solln,48.09942,11.51579,Entire home/apt,1,11,0.1,179,280.0,EUR per night,4.3939028331655985,2-5 km from Oktoberfest,,,
20964795,Untergiesing-Harlaching,48.11832,11.57006,Entire home/apt,1,33,0.72,12,423.0,EUR per night,2.1468473157772885,2-5 km from Oktoberfest,,,
21024454,Ramersdorf-Perlach,48.10092,11.65542,Private room,2,44,0.41,90,106.0,EUR per night,8.584552969757334,5-10 km from Oktoberfest,,,
21103090,Milbertshofen-Am Hart,48.19618,11.57809,Private room,1,28,0.28,269,75.0,EUR per night,7.455506167733135,5-10 km from Oktoberfest,,,
21110554,Altstadt-Lehel,48.13768,11.57156,Entire home/apt,5,18,0.21,362,432.0,EUR per night,1.7587011487657147,0-2 km from Oktoberfest,,,
21155748,Ludwigsvorstadt-Isarvorstadt,48.12262,11.56193,Private room,1,293,2.77,51,73.0,EUR per night,1.384162728499018,0-2 km from Oktoberfest,,,
21215745,Tudering-Riem,48.12253,11.65861,Private room,1,367,3.46,16,55.0,EUR per night,8.164922291917922,5-10 km from Oktoberfest,,,
21304884,Obergiesing,48.08707,11.61106,Private room,1,30,0.29,356,72.0,EUR per night,6.763067528095172,5-10 km from Oktoberfest,,,
21452857,Maxvorstadt,48.15502,11.55926,Entire home/apt,1,37,0.38,261,331.0,EUR per night,2.6708722588682616,2-5 km from Oktoberfest,,,
21458040,Maxvorstadt,48.15492,11.57508,Entire home/apt,20,35,0.34,307,235.0,EUR per night,3.1865870444853193,2-5 km from Oktoberfest,,,
21652269,Maxvorstadt,48.14648370617018,11.577362323800706,Entire home/apt,1,372,3.63,262,814.0,EUR per night,2.62756859781981,2-5 km from Oktoberfest,,,
21988468,Maxvorstadt,48.1567,11.56134,Entire home/apt,2,17,0.87,183,165.0,EUR per night,2.8941778943192733,2-5 km from Oktoberfest,,,
22058550,Maxvorstadt,48.14958190917969,11.559439659118652,Entire home/apt,7,50,0.5,41,213.0,EUR per night,2.099916972958678,2-5 km from Oktoberfest,,,
22270602,Untergiesing-Harlaching,48.11264,11.57092,Entire home/apt,1,447,4.42,259,227.0,EUR per night,2.6672938913564064,2-5 km from Oktoberfest,,,
22365462,Ludwigsvorstadt-Isarvorstadt,48.13605880737305,11.560968399047852,Entire home/apt,1,677,7.16,237,219.0,EUR per night,0.96859630484218,0-2 km from Oktoberfest,,,
22477278,Au-Haidhausen,48.12354,11.59694,Entire home/apt,1,7,0.07,72,239.0,EUR per night,3.641620752732499,2-5 km from Oktoberfest,,,
22595325,Schwabing-Freimann,48.19722,11.62357,Private room,1,43,0.46,80,120.0,EUR per night,9.106773821591549,5-10 km from Oktoberfest,,,
22610799,Bogenhausen,48.1414,11.61905,Private room,2,44,0.97,38,88.0,EUR per night,5.268067613023479,5-10 km from Oktoberfest,,,
22688254,Berg am Laim,48.1293,11.62799,Private room,2,151,1.53,40,59.0,EUR per night,5.8323347726302766,5-10 km from Oktoberfest,,,
22725785,Bogenhausen,48.14298,11.64342,Entire home/apt,1,114,1.11,44,147.0,EUR per night,7.077441134269037,5-10 km from Oktoberfest,,,
22844715,Allach-Untermenzing,48.20147,11.46532,Entire home/apt,2,219,2.14,255,120.0,EUR per night,9.940766917402932,5-10 km from Oktoberfest,,,
22858219,Pasing-Obermenzing,48.13318,11.45535,Entire home/apt,2,244,2.39,123,65.0,EUR per night,6.988563095629101,5-10 km from Oktoberfest,,,
22925733,Ludwigsvorstadt-Isarvorstadt,48.12722,11.56765,Private room,1,16,0.35,85,166.0,EUR per night,1.4440620520149854,0-2 km from Oktoberfest,,,
23074949,Schwabing-West,48.17704,11.58449,Entire home/apt,180,0,,364,11.0,EUR per night,5.650738333707654,5-10 km from Oktoberfest,,,
23095584,Ludwigsvorstadt-Isarvorstadt,48.1371,11.55591,Entire home/apt,18,25,0.25,145,130.0,EUR per night,0.7487367284127906,0-2 km from Oktoberfest,,,
23291865,Schwabing-Freimann,48.18058,11.60604,Entire home/apt,3,14,0.14,48,423.0,EUR per night,6.847643161944051,5-10 km from Oktoberfest,,,
23356842,Bogenhausen,48.146575927734375,11.603158950805664,Entire home/apt,2,368,3.64,221,561.0,EUR per night,4.303091047692673,2-5 km from Oktoberfest,,,
23511630,Moosach,48.17867,11.53303,Entire home/apt,1,23,0.27,288,149.0,EUR per night,5.342167121428125,5-10 km from Oktoberfest,,,
23536121,Altstadt-Lehel,48.13596,11.58664,Entire home/apt,1,367,3.83,142,213.0,EUR per night,2.7929086914364403,2-5 km from Oktoberfest,,,
23536586,Altstadt-Lehel,48.13596,11.58664,Entire home/apt,1,444,4.61,156,356.0,EUR per night,2.7929086914364403,2-5 km from Oktoberfest,,,
23637470,Moosach,48.17867,11.53303,Entire home/apt,1,239,3.19,293,155.0,EUR per night,5.342167121428125,5-10 km from Oktoberfest,,,
23638956,Au-Haidhausen,48.12685,11.59205,Entire home/apt,1,16,0.16,4,240.0,EUR per night,3.207476260201225,2-5 km from Oktoberfest,,,
23754717,Tudering-Riem,48.11634,11.68465,Private room,2,104,1.04,254,254.0,EUR per night,10.179588068308496,10+ km from Oktoberfest,,,
23757088,Allach-Untermenzing,48.18137,11.47218,Entire home/apt,2,63,0.64,258,591.0,EUR per night,7.946949893800457,5-10 km from Oktoberfest,,,
23766455,Maxvorstadt,48.15298292545514,11.574069814538452,Entire home/apt,3,7,0.21,351,430.0,EUR per night,2.9697265350102215,2-5 km from Oktoberfest,,,
23802995,Ramersdorf-Perlach,48.09592,11.64019,Entire home/apt,2,30,0.3,252,225.0,EUR per night,7.831772605460408,5-10 km from Oktoberfest,,,
23897614,Milbertshofen-Am Hart,48.21025,11.56486,Private room,4,53,0.53,245,82.0,EUR per night,8.78626833497113,5-10 km from Oktoberfest,,,
24006158,Au-Haidhausen,48.13018,11.59904,Private room,1,374,3.74,94,76.0,EUR per night,3.6815695012522553,2-5 km from Oktoberfest,,,
24070100,Untergiesing-Harlaching,48.11721,11.5737,Private room,2,283,2.83,43,60.0,EUR per night,2.4278775387382128,2-5 km from Oktoberfest,,,
24083971,Untergiesing-Harlaching,48.1176,11.57142,Private room,1,39,0.39,107,270.0,EUR per night,2.2749643692407235,2-5 km from Oktoberfest,,,
24088783,Ludwigsvorstadt-Isarvorstadt,48.13214,11.57832,Entire home/apt,26,0,,358,159.0,EUR per night,2.1389945712647274,2-5 km from Oktoberfest,,,
24281379,Obergiesing,48.11277,11.58068,Private room,2,243,2.44,5,65.0,EUR per night,3.1434517683327443,2-5 km from Oktoberfest,,,
24328758,Hadern,48.11313,11.4972,Entire home/apt,90,0,,263,26.0,EUR per night,4.407563366727678,2-5 km from Oktoberfest,,,
24461765,Maxvorstadt,48.14479,11.56133,Entire home/apt,2,16,0.16,352,260.0,EUR per night,1.6807592158984346,0-2 km from Oktoberfest,,,
24483996,Maxvorstadt,48.14479,11.56133,Entire home/apt,2,40,0.41,350,260.0,EUR per night,1.6807592158984346,0-2 km from Oktoberfest,,,
24585013,Ramersdorf-Perlach,48.09722,11.61082,Entire home/apt,30,4,0.05,180,97.0,EUR per night,5.966078668604044,5-10 km from Oktoberfest,,,
24705377,Neuhausen-Nymphenburg,48.15626,11.52599,Entire home/apt,2,176,1.78,180,162.0,EUR per night,3.2217762720250587,2-5 km from Oktoberfest,,,
24732710,Schwanthalerhöhe,48.13515,11.54372,Entire home/apt,3,55,0.56,182,600.0,EUR per night,0.56088141489609,0-2 km from Oktoberfest,,,
24787361,Moosach,48.17867,11.53303,Entire home/apt,1,206,2.39,290,143.0,EUR per night,5.342167121428125,5-10 km from Oktoberfest,,,
24788244,Sendling-Westpark,48.10699311722108,11.525252850135416,Private room,1,1,0.07,219,50.0,EUR per night,3.3030112485261642,2-5 km from Oktoberfest,,,
24830411,Laim,48.14068,11.50048,Private room,90,0,,365,10.0,EUR per night,3.7663684603044585,2-5 km from Oktoberfest,,,
24846084,Moosach,48.17867,11.53303,Entire home/apt,1,47,0.5,253,56.0,EUR per night,5.342167121428125,5-10 km from Oktoberfest,,,
24858185,Ludwigsvorstadt-Isarvorstadt,48.12683,11.55145,Entire home/apt,2,22,0.23,5,429.0,EUR per night,0.5820380392019531,0-2 km from Oktoberfest,,,
24968057,Pasing-Obermenzing,48.16081,11.47124,Private room,2,18,0.24,246,138.0,EUR per night,6.636807573898072,5-10 km from Oktoberfest,,,
25102575,Ludwigsvorstadt-Isarvorstadt,48.13591003417969,11.561090469360352,Entire home/apt,1,625,6.34,263,185.0,EUR per night,0.9688427209660031,0-2 km from Oktoberfest,,,
25108558,Ludwigsvorstadt-Isarvorstadt,48.136043548583984,11.560907363891602,Entire home/apt,1,670,6.79,245,189.0,EUR per night,0.9638067048258782,0-2 km from Oktoberfest,,,
25245533,Untergiesing-Harlaching,48.11222,11.56702,Private room,28,19,0.2,350,43.0,EUR per night,2.5455743705804097,2-5 km from Oktoberfest,,,
25312236,Aubing-Lochhausen-Langwied,48.1554627,11.4117741,Private room,1,190,2.07,102,60.0,EUR per night,10.549313914411503,10+ km from Oktoberfest,,,
25412376,Hadern,48.11367925784783,11.501997701230874,Entire home/apt,1,5,5.0,9,234.0,EUR per night,4.066586782103057,2-5 km from Oktoberfest,,,
25498620,Altstadt-Lehel,48.13596,11.58664,Entire home/apt,1,417,4.34,166,532.0,EUR per night,2.7929086914364403,2-5 km from Oktoberfest,,,
25655712,Ramersdorf-Perlach,48.08836,11.67614,Private room,3,79,0.81,81,65.0,EUR per night,10.575639653515548,10+ km from Oktoberfest,,,
25657258,Ludwigsvorstadt-Isarvorstadt,48.13801956176758,11.560856819152832,Entire home/apt,2,238,2.46,207,573.0,EUR per night,1.0831934932372607,0-2 km from Oktoberfest,,,
25795049,Sendling,48.12229,11.54685,Entire home/apt,1,10,1.37,82,196.0,EUR per night,1.0865333945968776,0-2 km from Oktoberfest,,,
25856758,Maxvorstadt,48.14479,11.56133,Entire home/apt,2,12,0.12,354,260.0,EUR per night,1.6807592158984346,0-2 km from Oktoberfest,,,
25861956,Maxvorstadt,48.14479,11.56133,Entire home/apt,2,59,0.61,311,266.0,EUR per night,1.6807592158984346,0-2 km from Oktoberfest,,,
25986821,Moosach,48.17867,11.53303,Entire home/apt,1,17,0.18,289,163.0,EUR per night,5.342167121428125,5-10 km from Oktoberfest,,,
25991358,Maxvorstadt,48.14479,11.56133,Entire home/apt,2,13,0.14,352,260.0,EUR per night,1.6807592158984346,0-2 km from Oktoberfest,,,
26015190,Ludwigsvorstadt-Isarvorstadt,48.131832,11.576383,Entire home/apt,2,54,0.56,209,415.0,EUR per night,1.9950971867047282,0-2 km from Oktoberfest,,,
26094038,Milbertshofen-Am Hart,48.19542,11.58065,Private room,1,156,1.62,234,135.0,EUR per night,7.431351420137912,5-10 km from Oktoberfest,,,
26210208,Au-Haidhausen,48.12809,11.60313,Entire home/apt,2,83,1.19,281,84.0,EUR per night,4.00270082801408,2-5 km from Oktoberfest,,,
26378931,Ramersdorf-Perlach,48.11807,11.61301,Private room,3,25,0.26,364,861.0,EUR per night,4.958435374336606,2-5 km from Oktoberfest,,,
26395509,Ludwigsvorstadt-Isarvorstadt,48.13301,11.55732,Entire home/apt,1,80,0.84,89,229.0,EUR per night,0.5933232005400431,0-2 km from Oktoberfest,,,
26405335,Thalkirchen-Obersendling-Forstenried-Fürstenried-Solln,48.09336,11.53236,Entire home/apt,1,3,3.0,223,187.0,EUR per night,4.470385932636436,2-5 km from Oktoberfest,,,
26528825,Milbertshofen-Am Hart,48.20027,11.5847,Private room,1,6,0.07,364,180.0,EUR per night,8.038130617810365,5-10 km from Oktoberfest,,,
26541645,Tudering-Riem,48.12899,11.67668,Private room,1,105,2.06,21,65.0,EUR per night,9.444284190021781,5-10 km from Oktoberfest,,,
26544894,Laim,48.13954162597656,11.519472122192385,Private room,1,272,2.82,351,110.0,EUR per night,2.38481952097276,2-5 km from Oktoberfest,,,
26615287,Altstadt-Lehel,48.13581,11.58337,Entire home/apt,1,91,0.94,18,216.0,EUR per night,2.5508405079646117,2-5 km from Oktoberfest,,,
26712736,Sendling-Westpark,48.12315,11.53499,Private room,1,72,0.74,88,125.0,EUR per night,1.4513511127969498,0-2 km from Oktoberfest,,,
26770806,Bogenhausen,48.15317,11.6037,Entire home/apt,2,33,0.34,331,207.0,EUR per night,4.665463060580639,2-5 km from Oktoberfest,,,
26896625,Schwanthalerhöhe,48.13473,11.53845,Private room,1,52,0.57,8,182.0,EUR per night,0.878341927270512,0-2 km from Oktoberfest,,,
26938512,Ludwigsvorstadt-Isarvorstadt,48.13011,11.57968,Entire home/apt,13,20,0.23,203,185.0,EUR per night,2.2486288379591604,2-5 km from Oktoberfest,,,
26941968,Au-Haidhausen,48.12529,11.59073,Entire home/apt,1,13,0.14,7,72.0,EUR per night,3.1470529495124397,2-5 km from Oktoberfest,,,
27049338,Allach-Untermenzing,48.17397,11.44568,Shared room,2,0,,307,70.0,EUR per night,9.011070996962752,5-10 km from Oktoberfest,,,
27113021,Tudering-Riem,48.13295,11.71611,Private room,1,10,0.87,88,95.0,EUR per night,12.365133797449444,10+ km from Oktoberfest,,,
27273209,Obergiesing,48.11806,11.59344,Entire home/apt,2,58,1.23,6,86.0,EUR per night,3.6062352560510123,2-5 km from Oktoberfest,,,
27329159,Sendling-Westpark,48.10725,11.5096,Private room,1,0,,46,109.0,EUR per night,4.035500732116653,2-5 km from Oktoberfest,,,
27331012,Sendling-Westpark,48.10746,11.51097,Private room,2,59,0.62,317,77.0,EUR per night,3.945338375814834,2-5 km from Oktoberfest,,,
27331643,Ludwigsvorstadt-Isarvorstadt,48.12983,11.56232,Private room,2,2,0.02,359,215.0,EUR per night,0.9788824196627905,0-2 km from Oktoberfest,,,
27345577,Milbertshofen-Am Hart,48.18646,11.56431,Private room,1,56,0.58,132,89.0,EUR per night,6.1654476871088555,5-10 km from Oktoberfest,,,
27380908,Untergiesing-Harlaching,48.10155,11.56792,Entire home/apt,4,2,0.04,365,263.0,EUR per night,3.6412736361913725,2-5 km from Oktoberfest,,,
27384751,Ludwigsvorstadt-Isarvorstadt,48.13032,11.57833,Entire home/apt,3,46,0.48,27,109.0,EUR per night,2.14680908494004,2-5 km from Oktoberfest,,,
27429027,Schwabing-West,48.15748,11.57397,Private room,3,0,,89,999.0,EUR per night,3.374410768567838,2-5 km from Oktoberfest,,,
27480879,Obergiesing,48.11155,11.58106,Private room,2,151,1.58,23,65.0,EUR per night,3.2570403069793024,2-5 km from Oktoberfest,,,
27607563,Obergiesing,48.11329,11.58039,Entire home/apt,5,11,0.12,270,506.0,EUR per night,3.088593936131379,2-5 km from Oktoberfest,,,
27776753,Maxvorstadt,48.15246,11.57358,Entire home/apt,1,141,1.49,151,225.0,EUR per night,2.9015291293749375,2-5 km from Oktoberfest,,,
27864004,Schwabing-Freimann,48.16266,11.59523,Entire home/apt,5,53,0.57,59,224.0,EUR per night,4.817644631946266,2-5 km from Oktoberfest,,,
27983221,Altstadt-Lehel,48.13593,11.58677,Entire home/apt,1,455,4.79,160,388.0,EUR per night,2.801894981182946,2-5 km from Oktoberfest,,,
27997328,Milbertshofen-Am Hart,48.18156,11.5776,Private room,13,7,0.07,317,62.0,EUR per night,5.902245822130277,5-10 km from Oktoberfest,,,
28002324,Untergiesing-Harlaching,48.119758,11.569953,Entire home/apt,2,38,0.4,48,295.0,EUR per night,2.031595117587334,2-5 km from Oktoberfest,,,
28025441,Schwabing-Freimann,48.20201,11.60433,Entire home/apt,2,111,1.17,135,147.0,EUR per night,8.792659464172447,5-10 km from Oktoberfest,,,
28029757,Laim,48.13499,11.52303,Entire home/apt,1,20,0.25,143,91.0,EUR per night,1.9941950871385254,0-2 km from Oktoberfest,,,
28038270,Tudering-Riem,48.13206,11.69184,Private room,2,7,0.08,2,161.0,EUR per night,10.563546751888166,10+ km from Oktoberfest,,,
28050434,Untergiesing-Harlaching,48.10495,11.5739,Private room,4,45,0.47,75,58.0,EUR per night,3.5015684925751267,2-5 km from Oktoberfest,,,
28156737,Aubing-Lochhausen-Langwied,48.14935,11.43225,Private room,4,54,0.58,132,73.0,EUR per night,8.913803529919045,5-10 km from Oktoberfest,,,
28191164,Berg am Laim,48.12088,11.63045,Entire home/apt,14,5,0.05,113,123.0,EUR per night,6.1319100413713725,5-10 km from Oktoberfest,,,
28242074,Untergiesing-Harlaching,48.09043,11.55182,Entire home/apt,2,15,0.16,260,780.0,EUR per night,4.6144694292437025,2-5 km from Oktoberfest,,,
28352231,Schwanthalerhöhe,48.13656,11.54226,Private room,3,0,,349,157.0,EUR per night,0.7464380174636253,0-2 km from Oktoberfest,,,
28423244,Thalkirchen-Obersendling-Forstenried-Fürstenried-Solln,48.0783,11.48578,Entire home/apt,1,6,0.13,351,153.0,EUR per night,7.60972098586782,5-10 km from Oktoberfest,,,
28454811,Altstadt-Lehel,48.1403,11.57192,Entire home/apt,1,275,2.91,49,272.0,EUR per night,1.9079898590070374,0-2 km from Oktoberfest,,,
28462873,Maxvorstadt,48.15383,11.57522,Entire home/apt,2,35,0.37,99,690.0,EUR per night,3.096474910991934,2-5 km from Oktoberfest,,,
28476677,Neuhausen-Nymphenburg,48.16417,11.54698,Private room,1,2,0.09,84,99.0,EUR per night,3.593127553380227,2-5 km from Oktoberfest,,,
28510719,Berg am Laim,48.12068688420406,11.617056184322392,Entire home/apt,1,38,0.4,55,120.0,EUR per night,5.166826369681644,5-10 km from Oktoberfest,,,
28515604,Ludwigsvorstadt-Isarvorstadt,48.13591003417969,11.561090469360352,Entire home/apt,1,557,6.18,306,175.0,EUR per night,0.9688427209660031,0-2 km from Oktoberfest,,,
28532610,Untergiesing-Harlaching,48.10685,11.57384,Private room,3,1,0.01,80,89.0,EUR per night,3.3201132826959663,2-5 km from Oktoberfest,,,
28535504,Altstadt-Lehel,48.13593,11.58677,Entire home/apt,1,381,4.03,151,371.0,EUR per night,2.801894981182946,2-5 km from Oktoberfest,,,
28538490,Schwabing-Freimann,48.17453,11.58759,Entire home/apt,1,27,0.29,318,259.0,EUR per night,5.518513546425731,5-10 km from Oktoberfest,,,
28541638,Thalkirchen-Obersendling-Forstenried-Fürstenried-Solln,48.07584282287282,11.527489253110897,Private room,2,66,0.7,283,78.0,EUR per night,6.443983049489774,5-10 km from Oktoberfest,,,
28543306,Bogenhausen,48.15508,11.64181,Entire home/apt,4,37,0.41,264,240.0,EUR per night,7.318038444299413,5-10 km from Oktoberfest,,,
28559393,Maxvorstadt,48.15,11.55679,Entire home/apt,4,68,0.72,208,208.0,EUR per night,2.0840508030727976,2-5 km from Oktoberfest,,,
28572397,Feldmoching-Hasenbergl,48.19612,11.55429,Private room,2,5,0.05,87,148.0,EUR per night,7.149769790667361,5-10 km from Oktoberfest,,,
28585025,Milbertshofen-Am Hart,48.20443,11.58446,Private room,2,169,1.79,26,77.0,EUR per night,8.471460844823282,5-10 km from Oktoberfest,,,
28626244,Maxvorstadt,48.15166,11.56188,Entire home/apt,1,185,1.98,76,199.0,EUR per night,2.3814995971980464,2-5 km from Oktoberfest,,,
28638213,Ludwigsvorstadt-Isarvorstadt,48.12689,11.56947,Entire home/apt,2,11,0.52,331,145.0,EUR per night,1.5833549866943304,0-2 km from Oktoberfest,,,
28651800,Obergiesing,48.0935,11.6094,Entire home/apt,5,14,0.16,89,110.0,EUR per night,6.165076952603309,5-10 km from Oktoberfest,,,
28651801,Ramersdorf-Perlach,48.10938,11.60816,Entire home/apt,4,4,0.08,151,236.0,EUR per night,5.023012332344799,5-10 km from Oktoberfest,,,
28661182,Milbertshofen-Am Hart,48.18132,11.54952,Entire home/apt,1,20,0.23,5,165.0,EUR per night,5.49525347503207,5-10 km from Oktoberfest,,,
28664976,Obergiesing,48.09702,11.58762,Private room,1,69,0.74,179,112.0,EUR per night,4.801185409609313,2-5 km from Oktoberfest,,,
28689432,Ramersdorf-Perlach,48.09648,11.63035,Entire home/apt,1,187,1.98,132,101.0,EUR per night,7.179048493040411,5-10 km from Oktoberfest,,,
28727579,Maxvorstadt,48.14814,11.57539,Private room,1,1,0.01,89,250.0,EUR per night,2.63656904302135,2-5 km from Oktoberfest,,,
28731374,Tudering-Riem,48.13301883898357,11.695672475218156,Private room,1,196,5.04,86,70.0,EUR per night,10.848564699650966,10+ km from Oktoberfest,,,
28755975,Obergiesing,48.11282,11.58079,Private room,2,85,0.9,4,67.0,EUR per night,3.1457149783666276,2-5 km from Oktoberfest,,,
28861176,Schwabing-West,48.1705854,11.5820134,Entire home/apt,1,10,0.43,37,201.0,EUR per night,4.931713306751129,2-5 km from Oktoberfest,,,
28907798,Schwabing-Freimann,48.17269,11.58251,Private room,1,68,0.72,4,39.0,EUR per night,5.154486505797311,5-10 km from Oktoberfest,,,
28936103,Bogenhausen,48.14517,11.66343,Private room,2,37,0.39,65,66.0,EUR per night,8.581855391906535,5-10 km from Oktoberfest,,,
28953693,Feldmoching-Hasenbergl,48.2135,11.54017,Entire home/apt,1,304,3.26,79,71.0,EUR per night,9.099845248240301,5-10 km from Oktoberfest,,,
29108536,Tudering-Riem,48.13172,11.69229,Private room,2,50,0.55,362,162.0,EUR per night,10.596981762454313,10+ km from Oktoberfest,,,
29113843,Thalkirchen-Obersendling-Forstenried-Fürstenried-Solln,48.08971,11.51499,Entire home/apt,3,76,0.83,71,147.0,EUR per night,5.345380080720181,5-10 km from Oktoberfest,,,
29124571,Schwabing-Freimann,48.17503,11.58437,Entire home/apt,12,29,0.84,281,112.0,EUR per night,5.44896919779799,5-10 km from Oktoberfest,,,
29301238,Maxvorstadt,48.14321,11.55895,Hotel room,1,1625,17.42,332,142.0,EUR per night,1.4399071331438364,0-2 km from Oktoberfest,,,
29343721,Maxvorstadt,48.15312,11.56922,Private room,2,0,,296,183.0,EUR per night,2.7764049854767725,2-5 km from Oktoberfest,,,
29383225,Ludwigsvorstadt-Isarvorstadt,48.13246,11.56665,Private room,1,621,6.65,260,109.0,EUR per night,1.2742769397124627,0-2 km from Oktoberfest,,,
29415058,Schwanthalerhöhe,48.13971,11.52922,Entire home/apt,5,4,0.04,262,147.0,EUR per night,1.7375284621105345,0-2 km from Oktoberfest,,,
29455648,Au-Haidhausen,48.1214599609375,11.577739715576172,Private room,4,236,2.56,19,68.0,EUR per night,2.395992067863432,2-5 km from Oktoberfest,,,
29499003,Ludwigsvorstadt-Isarvorstadt,48.13555,11.56245,Entire home/apt,2,137,1.48,4,293.0,EUR per night,1.0432178631856992,0-2 km from Oktoberfest,,,
29629976,Bogenhausen,48.16803,11.64663,Private room,1,112,1.21,163,99.0,EUR per night,8.250086669877964,5-10 km from Oktoberfest,,,
29692694,Schwanthalerhöhe,48.13704,11.54358,Private room,13,95,1.02,92,86.0,EUR per night,0.7208771973336866,0-2 km from Oktoberfest,,,
29843557,Bogenhausen,48.1394,11.61984,Entire home/apt,1,64,0.71,328,250.0,EUR per night,5.285997095439339,5-10 km from Oktoberfest,,,
29869163,Ludwigsvorstadt-Isarvorstadt,48.125135,11.561828,Private room,1,20,0.59,238,84.0,EUR per night,1.1844894166317192,0-2 km from Oktoberfest,,,
29952085,Schwabing-West,48.16095,11.5729,Entire home/apt,18,0,,121,106.0,EUR per night,3.6671968344524317,2-5 km from Oktoberfest,,,
29984746,Thalkirchen-Obersendling-Forstenried-Fürstenried-Solln,48.08684,11.51771,Private room,1,271,2.95,197,75.0,EUR per night,5.538544327845463,5-10 km from Oktoberfest,,,
30057488,Schwabing-Freimann,48.16782,11.58626,Private room,3,73,0.79,4,80.0,EUR per night,4.836348551722135,2-5 km from Oktoberfest,,,
30075642,Ludwigsvorstadt-Isarvorstadt,48.12659454345703,11.553213119506836,Entire home/apt,1,183,1.99,30,157.0,EUR per night,0.6511314535682687,0-2 km from Oktoberfest,,,
30076654,Berg am Laim,48.12183,11.63006,Private room,1,36,0.77,331,106.0,EUR per night,6.083168548394731,5-10 km from Oktoberfest,,,
30085755,Tudering-Riem,48.133488,11.697076,Entire home/apt,1,77,0.85,82,78.0,EUR per night,10.953383978853154,10+ km from Oktoberfest,,,
30149648,Ludwigsvorstadt-Isarvorstadt,48.1266,11.55321,Entire home/apt,1,131,1.43,10,124.0,EUR per night,0.6504837423354697,0-2 km from Oktoberfest,,,
30260989,Bogenhausen,48.14111,11.60451,Private room,3,2,0.06,318,40.0,EUR per night,4.208620055772475,2-5 km from Oktoberfest,,,
30337738,Neuhausen-Nymphenburg,48.14434,11.51353,Entire home/apt,2,48,0.52,88,301.0,EUR per night,3.0062784173379242,2-5 km from Oktoberfest,,,
30363681,Maxvorstadt,48.14321,11.55895,Hotel room,1,3114,33.8,336,137.0,EUR per night,1.4399071331438364,0-2 km from Oktoberfest,,,
30388629,Altstadt-Lehel,48.14008,11.58664,Entire home/apt,180,2,0.02,334,9.0,EUR per night,2.902283030364455,2-5 km from Oktoberfest,,,
30459340,Neuhausen-Nymphenburg,48.15451,11.50435,Hotel room,1,373,4.11,155,115.0,EUR per night,4.18847192155402,2-5 km from Oktoberfest,,,
30895539,Tudering-Riem,48.13452,11.69752,Entire home/apt,3,52,0.57,19,79.0,EUR per night,10.988663029545377,10+ km from Oktoberfest,,,
30905871,Tudering-Riem,48.13436,11.69723,Entire home/apt,3,53,0.58,18,100.0,EUR per night,10.966708145668237,10+ km from Oktoberfest,,,
30907337,Neuhausen-Nymphenburg,48.15252,11.5054,Hotel room,1,102,1.12,148,119.0,EUR per night,3.995513881280703,2-5 km from Oktoberfest,,,
30907740,Neuhausen-Nymphenburg,48.15233,11.50407,Hotel room,1,48,0.55,147,115.0,EUR per night,4.064885792970457,2-5 km from Oktoberfest,,,
30907758,Tudering-Riem,48.13443,11.69596,Entire home/apt,1,88,0.96,78,172.0,EUR per night,10.872680082560294,10+ km from Oktoberfest,,,
30969547,Au-Haidhausen,48.12801,11.59876,Entire home/apt,2,18,0.52,20,443.0,EUR per night,3.68139506306084,2-5 km from Oktoberfest,,,
31122798,Tudering-Riem,48.13241,11.69581,Entire home/apt,1,88,0.97,113,80.0,EUR per night,10.858269865182061,10+ km from Oktoberfest,,,
31200734,Tudering-Riem,48.13293068185637,11.697731540960971,Entire home/apt,1,146,1.65,60,83.0,EUR per night,11.001266489825541,10+ km from Oktoberfest,,,
31272708,Ramersdorf-Perlach,48.09588,11.63124,Private room,2,102,1.13,191,80.0,EUR per night,7.270947981421467,5-10 km from Oktoberfest,,,
31275074,Schwabing-West,48.16467,11.56955,Entire home/apt,7,9,0.11,83,459.0,EUR per night,3.9357810704968688,2-5 km from Oktoberfest,,,
31279266,Maxvorstadt,48.15548,11.56509,Entire home/apt,30,19,0.21,358,630.0,EUR per night,2.8657926765974024,2-5 km from Oktoberfest,,,
31334850,Tudering-Riem,48.13216,11.69809,Entire home/apt,1,457,5.64,364,70.0,EUR per night,11.027392381810396,10+ km from Oktoberfest,,,
31352153,Berg am Laim,48.11924,11.6431,Private room,2,25,0.28,11,141.0,EUR per night,7.0884295302229114,5-10 km from Oktoberfest,,,
31433100,Laim,48.13397,11.51086,Private room,1,79,0.88,220,329.0,EUR per night,2.876774834827098,2-5 km from Oktoberfest,,,
31458973,Laim,48.1346,11.51167,Private room,1,3,0.03,250,231.0,EUR per night,2.82343039549908,2-5 km from Oktoberfest,,,
31486811,Schwabing-Freimann,48.17755,11.5952,Entire home/apt,1,929,10.69,363,106.0,EUR per night,6.10399032017663,5-10 km from Oktoberfest,,,
31548775,Schwabing-Freimann,48.17828,11.596,Entire home/apt,1,85,0.99,363,98.0,EUR per night,6.204439455253719,5-10 km from Oktoberfest,,,
31549210,Schwabing-Freimann,48.17946,11.59394,Entire home/apt,29,10,0.11,317,81.0,EUR per night,6.231736755033486,5-10 km from Oktoberfest,,,
31550918,Schwabing-Freimann,48.17785,11.5944,Entire home/apt,1,26,0.3,358,110.0,EUR per night,6.099144626979485,5-10 km from Oktoberfest,,,
31551209,Schwabing-Freimann,48.17786,11.594,Entire home/apt,29,10,0.12,329,94.0,EUR per night,6.083925545760877,5-10 km from Oktoberfest,,,
31552072,Schwabing-Freimann,48.17766,11.59549,Entire home/apt,1,20,0.86,360,141.0,EUR per night,6.1261175161577395,5-10 km from Oktoberfest,,,
31552494,Schwabing-Freimann,48.17891,11.59396,Entire home/apt,1,2,0.22,360,113.0,EUR per night,6.180722614531791,5-10 km from Oktoberfest,,,
31552791,Schwabing-Freimann,48.17973,11.59447,Entire home/apt,29,0,,331,111.0,EUR per night,6.278031659334219,5-10 km from Oktoberfest,,,
31590112,Berg am Laim,48.1199,11.64544,Private room,2,29,0.32,10,123.0,EUR per night,7.24481308820169,5-10 km from Oktoberfest,,,
31727466,Berg am Laim,48.12626,11.64835,Private room,2,61,0.68,265,94.0,EUR per night,7.363163056197149,5-10 km from Oktoberfest,,,
31990329,Allach-Untermenzing,48.17993,11.47489,Private room,1,9,0.1,351,87.0,EUR per night,7.691127691313684,5-10 km from Oktoberfest,,,
32152566,Neuhausen-Nymphenburg,48.1576,11.53109,Entire home/apt,1,81,0.92,310,474.0,EUR per night,3.1673751112947466,2-5 km from Oktoberfest,,,
32316962,Schwabing-West,48.156494140625,11.577808380126951,Entire home/apt,6,2,0.02,195,386.0,EUR per night,3.4482369759895186,2-5 km from Oktoberfest,,,
32375880,Tudering-Riem,48.13968,11.68294,Hotel room,1,8,0.18,300,143.0,EUR per night,9.940015061049731,5-10 km from Oktoberfest,,,
32529838,Thalkirchen-Obersendling-Forstenried-Fürstenried-Solln,48.08012008666992,11.502180099487305,Private room,1,27,0.56,341,65.0,EUR per night,6.745049277202384,5-10 km from Oktoberfest,,,
32602783,Untergiesing-Harlaching,48.09869,11.56482,Private room,2,49,0.56,86,65.0,EUR per night,3.8639543381889236,2-5 km from Oktoberfest,,,
32636828,Ludwigsvorstadt-Isarvorstadt,48.12931,11.55832,Entire home/apt,1,207,2.33,128,140.0,EUR per night,0.7151331853698758,0-2 km from Oktoberfest,,,
32717899,Schwabing-West,48.16274,11.56757,Private room,2,27,0.31,325,96.0,EUR per night,3.68199248867087,2-5 km from Oktoberfest,,,
32757651,Moosach,48.17914,11.51208,Private room,1,2,0.06,254,95.0,EUR per night,5.941164229980934,5-10 km from Oktoberfest,,,
32780406,Schwabing-West,48.16727,11.56486,Entire home/apt,3,1,0.02,166,670.0,EUR per night,4.094719915215871,2-5 km from Oktoberfest,,,
32948907,Neuhausen-Nymphenburg,48.15609,11.53146,Entire home/apt,5,0,,155,214.0,EUR per night,3.0044341126875134,2-5 km from Oktoberfest,,,
32957335,Pasing-Obermenzing,48.14757,11.45635,Entire home/apt,2,238,2.71,283,207.0,EUR per night,7.128173031840148,5-10 km from Oktoberfest,,,
33093376,Untergiesing-Harlaching,48.11824,11.57613,Entire home/apt,3,136,1.57,307,126.0,EUR per night,2.492779290455822,2-5 km from Oktoberfest,,,
33151495,Pasing-Obermenzing,48.16464,11.48675,Private room,5,2,0.02,358,112.0,EUR per night,5.909844389651568,5-10 km from Oktoberfest,,,
33178833,Au-Haidhausen,48.12632,11.59857,Entire home/apt,2,151,1.73,86,151.0,EUR per night,3.694331164185251,2-5 km from Oktoberfest,,,
33202033,Schwabing-Freimann,48.16257,11.5895,Entire home/apt,1,80,0.91,313,346.0,EUR per night,4.520778907710067,2-5 km from Oktoberfest,,,
33221822,Thalkirchen-Obersendling-Forstenried-Fürstenried-Solln,48.09459,11.49329,Private room,30,2,0.02,180,86.0,EUR per night,5.884382889266126,5-10 km from Oktoberfest,,,
33309107,Sendling,48.10666,11.54288,Entire home/apt,4,13,0.16,28,85.0,EUR per night,2.8492571923788677,2-5 km from Oktoberfest,,,
33329549,Maxvorstadt,48.14333724975586,11.558658599853516,Entire home/apt,1,85,0.97,43,110.0,EUR per night,1.4419646433925557,0-2 km from Oktoberfest,,,
33330034,Maxvorstadt,48.15515,11.56533,Entire home/apt,3,167,1.9,106,408.0,EUR per night,2.8395796636181303,2-5 km from Oktoberfest,,,
33332070,Schwabing-Freimann,48.16214,11.59375,Entire home/apt,3,19,0.22,193,583.0,EUR per night,4.699425221954346,2-5 km from Oktoberfest,,,
33337668,Maxvorstadt,48.15377426147461,11.575522422790527,Entire home/apt,7,70,0.8,323,220.0,EUR per night,3.105498299437464,2-5 km from Oktoberfest,,,
33357184,Moosach,48.178627,11.50532,Hotel room,1,4,0.07,336,164.0,EUR per night,6.143030687040256,5-10 km from Oktoberfest,,,
33412699,Maxvorstadt,48.14745,11.57503,Entire home/apt,3,216,2.46,197,571.0,EUR per night,2.564841379404905,2-5 km from Oktoberfest,,,
33439780,Maxvorstadt,48.14546,11.57589,Entire home/apt,2,208,2.37,175,273.0,EUR per night,2.4714686753171646,2-5 km from Oktoberfest,,,
33451281,Ramersdorf-Perlach,48.12087,11.59872,Entire home/apt,2,7,0.08,62,229.0,EUR per night,3.853567520554019,2-5 km from Oktoberfest,,,
33463675,Au-Haidhausen,48.13207,11.59751,Private room,2,91,1.63,74,105.0,EUR per night,3.5630343720204483,2-5 km from Oktoberfest,,,
33544938,Berg am Laim,48.12192838971167,11.62674169159438,Private room,1,25,0.28,7,147.0,EUR per night,5.8391726565042825,5-10 km from Oktoberfest,,,
33575496,Tudering-Riem,48.1176,11.66113,Entire home/apt,1,0,,31,310.0,EUR per night,8.436802739763221,5-10 km from Oktoberfest,,,
33575912,Neuhausen-Nymphenburg,48.154596944737776,11.536746415344249,Entire home/apt,2,15,0.32,12,118.0,EUR per night,2.6953543555658417,2-5 km from Oktoberfest,,,
33600793,Sendling,48.10479,11.53962,Private room,2,179,2.03,83,68.0,EUR per night,3.1024322693846194,2-5 km from Oktoberfest,,,
33605354,Au-Haidhausen,48.12756,11.58036,Private room,2,5,0.07,6,130.0,EUR per night,2.3406152350248632,2-5 km from Oktoberfest,,,
33631731,Maxvorstadt,48.14651,11.55339,Private room,1,23,0.28,80,80.0,EUR per night,1.6500020611696289,0-2 km from Oktoberfest,,,
33634972,Bogenhausen,48.1604,11.64977,Private room,1,7,0.08,136,74.0,EUR per night,8.086186892247062,5-10 km from Oktoberfest,,,
33635514,Bogenhausen,48.16269,11.65779,Private room,1,17,0.31,134,30.0,EUR per night,8.733243442943094,5-10 km from Oktoberfest,,,
33681609,Altstadt-Lehel,48.13108,11.56917,Entire home/apt,5,1,0.09,120,227.0,EUR per night,1.462636030428516,0-2 km from Oktoberfest,,,
33709297,Tudering-Riem,48.1303,11.68482,Entire home/apt,1,232,2.64,22,102.0,EUR per night,10.044301888188944,10+ km from Oktoberfest,,,
33709767,Schwabing-West,48.16219,11.56525,Entire home/apt,2,2,0.02,87,132.0,EUR per night,3.565037622684387,2-5 km from Oktoberfest,,,
33742550,Schwanthalerhöhe,48.13774,11.54434,Private room,2,9,0.11,279,254.0,EUR per night,0.7538699559333005,0-2 km from Oktoberfest,,,
33743760,Schwanthalerhöhe,48.13596,11.53821,Private room,2,2,0.04,284,254.0,EUR per night,0.951724599160901,0-2 km from Oktoberfest,,,
33767567,Thalkirchen-Obersendling-Forstenried-Fürstenried-Solln,48.09122,11.49918,Private room,1,48,0.55,128,118.0,EUR per night,5.866702438921162,5-10 km from Oktoberfest,,,
33792601,Thalkirchen-Obersendling-Forstenried-Fürstenried-Solln,48.08342,11.49479,Private room,1,59,0.72,131,94.0,EUR per night,6.74988304513246,5-10 km from Oktoberfest,,,
33841387,Schwabing-Freimann,48.17641,11.59808,Entire home/apt,2,54,0.63,80,648.0,EUR per night,6.122278474127879,5-10 km from Oktoberfest,,,
34009693,Schwanthalerhöhe,48.13774,11.54434,Private room,2,6,0.07,284,254.0,EUR per night,0.7538699559333005,0-2 km from Oktoberfest,,,
34058783,Thalkirchen-Obersendling-Forstenried-Fürstenried-Solln,48.07912,11.51214,Entire home/apt,2,38,0.44,280,319.0,EUR per night,6.49144937357922,5-10 km from Oktoberfest,,,
34193278,Sendling,48.11318,11.55102,Entire home/apt,180,27,0.33,305,16.0,EUR per night,2.084624453407734,2-5 km from Oktoberfest,,,
34194191,Ludwigsvorstadt-Isarvorstadt,48.137615,11.553809,Entire home/apt,4,18,0.56,72,170.0,EUR per night,0.7113966935599633,0-2 km from Oktoberfest,,,
34228576,Tudering-Riem,48.1285,11.68519,Entire home/apt,5,15,0.17,77,270.0,EUR per night,10.077456148470052,10+ km from Oktoberfest,,,
34239756,Milbertshofen-Am Hart,48.17711,11.5685,Entire home/apt,15,4,0.05,295,193.0,EUR per night,5.22096451357399,5-10 km from Oktoberfest,,,
34298106,Au-Haidhausen,48.12912,11.60253,Entire home/apt,1,112,1.3,269,331.0,EUR per night,3.9477695894248934,2-5 km from Oktoberfest,,,
34312665,Altstadt-Lehel,48.13440704345703,11.578750610351562,Entire home/apt,1,198,2.32,222,770.0,EUR per night,2.188564134581426,2-5 km from Oktoberfest,,,
34331943,Ludwigsvorstadt-Isarvorstadt,48.13024,11.579,Entire home/apt,1,305,3.52,95,244.0,EUR per night,2.197101030164797,2-5 km from Oktoberfest,,,
34338749,Schwanthalerhöhe,48.13774,11.54434,Private room,2,12,0.15,277,254.0,EUR per night,0.7538699559333005,0-2 km from Oktoberfest,,,
34431776,Ludwigsvorstadt-Isarvorstadt,48.13081,11.57832,Entire home/apt,1,261,3.01,115,205.0,EUR per night,2.1422871219501523,2-5 km from Oktoberfest,,,
34436149,Schwabing-West,48.1639,11.57251,Entire home/apt,2,114,1.31,214,290.0,EUR per night,3.946557395976863,2-5 km from Oktoberfest,,,
34444247,Sendling,48.11684036254883,11.548094749450684,Private room,1,100,1.15,193,95.0,EUR per night,1.677800549870462,0-2 km from Oktoberfest,,,
34506692,Ludwigsvorstadt-Isarvorstadt,48.12997,11.56345,Entire home/apt,2,9,0.18,23,500.0,EUR per night,1.05730664602327,0-2 km from Oktoberfest,,,
34522268,Tudering-Riem,48.12977981567383,11.695389747619627,Private room,1,10,0.12,252,109.0,EUR per night,10.829777187074626,10+ km from Oktoberfest,,,
34542675,Thalkirchen-Obersendling-Forstenried-Fürstenried-Solln,48.0901,11.51311,Entire home/apt,1,52,0.6,76,151.0,EUR per night,5.376128165852765,5-10 km from Oktoberfest,,,
34642714,Hadern,48.11381,11.48423,Entire home/apt,1,216,2.5,73,143.0,EUR per night,5.245757872255405,5-10 km from Oktoberfest,,,
34643456,Schwanthalerhöhe,48.13774,11.54434,Private room,2,12,0.15,274,254.0,EUR per night,0.7538699559333005,0-2 km from Oktoberfest,,,
34644248,Ramersdorf-Perlach,48.12039,11.60282,Entire home/apt,10,0,,90,200.0,EUR per night,4.1593134812099875,2-5 km from Oktoberfest,,,
34659449,Neuhausen-Nymphenburg,48.14594,11.54115,Entire home/apt,3,50,0.59,14,197.0,EUR per night,1.6796352572271929,0-2 km from Oktoberfest,,,
34677963,Ludwigsvorstadt-Isarvorstadt,48.13014,11.57838,Entire home/apt,1,265,3.07,98,189.0,EUR per night,2.1522387339330726,2-5 km from Oktoberfest,,,
34845492,Bogenhausen,48.14355,11.6174,Private room,4,46,0.54,61,79.0,EUR per night,5.202388705377808,5-10 km from Oktoberfest,,,
34861094,Ludwigsvorstadt-Isarvorstadt,48.13641,11.55692,Private room,1,146,1.73,2,80.0,EUR per night,0.744778987546173,0-2 km from Oktoberfest,,,
34885878,Thalkirchen-Obersendling-Forstenried-Fürstenried-Solln,48.0857,11.48534,Entire home/apt,2,25,0.29,45,155.0,EUR per night,7.0059631403219065,5-10 km from Oktoberfest,,,
34928560,Thalkirchen-Obersendling-Forstenried-Fürstenried-Solln,48.08721,11.51923,Entire home/apt,1,205,2.4,296,122.0,EUR per night,5.453883995013568,5-10 km from Oktoberfest,,,
35010350,Feldmoching-Hasenbergl,48.21452,11.55721,Private room,1,21,0.52,158,92.0,EUR per night,9.204697602000243,5-10 km from Oktoberfest,,,
35052942,Bogenhausen,48.14189,11.66275,Private room,1,40,0.47,8,174.0,EUR per night,8.47695893031353,5-10 km from Oktoberfest,,,
35106492,Untergiesing-Harlaching,48.09705,11.56811,Entire home/apt,3,9,0.11,21,195.0,EUR per night,4.11406160339176,2-5 km from Oktoberfest,,,
35117599,Schwanthalerhöhe,48.13773,11.54488,Entire home/apt,2,49,1.98,244,350.0,EUR per night,0.7333439562690857,0-2 km from Oktoberfest,,,
35249362,Tudering-Riem,48.1411,11.68077,Hotel room,1,29,0.59,288,138.0,EUR per night,9.79470134389382,5-10 km from Oktoberfest,,,
35249886,Tudering-Riem,48.14141,11.68098,Hotel room,1,5,0.14,281,176.0,EUR per night,9.813824802030165,5-10 km from Oktoberfest,,,
35250487,Tudering-Riem,48.1405125,11.6819227,Hotel room,1,3,0.15,292,116.0,EUR per night,9.873281302333035,5-10 km from Oktoberfest,,,
35251077,Tudering-Riem,48.14163,11.68233,Hotel room,1,6,0.13,304,104.0,EUR per night,9.916044613423198,5-10 km from Oktoberfest,,,
35284838,Au-Haidhausen,48.13513,11.60816,Entire home/apt,1,40,0.47,171,241.0,EUR per night,4.368017909994166,2-5 km from Oktoberfest,,,
35380727,Tudering-Riem,48.11875,11.65839,Private room,1,460,5.35,37,57.0,EUR per night,8.213348119770071,5-10 km from Oktoberfest,,,
35539446,Neuhausen-Nymphenburg,48.14999,11.53074,Entire home/apt,100,1,0.01,178,178.0,EUR per night,2.446193270089555,2-5 km from Oktoberfest,,,
35564200,Thalkirchen-Obersendling-Forstenried-Fürstenried-Solln,48.0939,11.5187,Entire home/apt,1,165,1.93,271,154.0,EUR per night,4.804446147218976,2-5 km from Oktoberfest,,,
35565592,Bogenhausen,48.13947,11.60795,Private room,15,0,,213,86.0,EUR per night,4.418380767169691,2-5 km from Oktoberfest,,,
35662969,Laim,48.14137,11.51177,Entire home/apt,1,17,0.2,328,260.0,EUR per night,2.99129046948867,2-5 km from Oktoberfest,,,
35861477,Ludwigsvorstadt-Isarvorstadt,48.13672,11.56118,Hotel room,1,46,0.55,109,149.0,EUR per night,1.0190917929038434,0-2 km from Oktoberfest,,,
35862255,Ludwigsvorstadt-Isarvorstadt,48.13404,11.55717,Hotel room,1,97,1.16,135,105.0,EUR per night,0.6169430452648345,0-2 km from Oktoberfest,,,
35862332,Ludwigsvorstadt-Isarvorstadt,48.13317,11.55752,Hotel room,1,10,0.12,132,110.0,EUR per night,0.6117086598593529,0-2 km from Oktoberfest,,,
35862549,Ludwigsvorstadt-Isarvorstadt,48.13404,11.55717,Hotel room,1,21,0.47,113,110.0,EUR per night,0.6169430452648345,0-2 km from Oktoberfest,,,
35862588,Schwanthalerhöhe,48.13774,11.54434,Private room,2,12,0.15,279,254.0,EUR per night,0.7538699559333005,0-2 km from Oktoberfest,,,
35863698,Schwanthalerhöhe,48.13834,11.54515,Private room,2,7,0.15,279,254.0,EUR per night,0.7854920980345229,0-2 km from Oktoberfest,,,
35863816,Au-Haidhausen,48.13814,11.60335,Hotel room,1,54,0.67,111,159.0,EUR per night,4.05594432398402,2-5 km from Oktoberfest,,,
35863892,Au-Haidhausen,48.13814,11.60335,Hotel room,1,25,0.3,56,162.0,EUR per night,4.05594432398402,2-5 km from Oktoberfest,,,
35864167,Schwanthalerhöhe,48.13687,11.54362,Private room,2,16,0.19,270,254.0,EUR per night,0.7041410894939631,0-2 km from Oktoberfest,,,
35864324,Schwanthalerhöhe,48.13683,11.54397,Private room,2,7,0.08,281,254.0,EUR per night,0.6847816376587832,0-2 km from Oktoberfest,,,
35892900,Milbertshofen-Am Hart,48.18513,11.54883,Private room,2,76,0.89,138,69.0,EUR per night,5.919114579639523,5-10 km from Oktoberfest,,,
35907198,Bogenhausen,48.14221,11.66253,Private room,1,44,0.52,8,174.0,EUR per night,8.465493893940078,5-10 km from Oktoberfest,,,
35958270,Laim,48.14264,11.50854,Private room,2,86,1.01,341,110.0,EUR per night,3.2656628137571344,2-5 km from Oktoberfest,,,
36054399,Au-Haidhausen,48.13211,11.60589,Entire home/apt,1,109,1.29,8,89.0,EUR per night,4.184955817520264,2-5 km from Oktoberfest,,,
36132237,Ludwigsvorstadt-Isarvorstadt,48.1323,11.57961,Entire home/apt,2,217,2.55,186,342.0,EUR per night,2.2350024117031677,2-5 km from Oktoberfest,,,
36340476,Thalkirchen-Obersendling-Forstenried-Fürstenried-Solln,48.0898,11.53505,Entire home/apt,5,18,0.35,40,115.0,EUR per night,4.802664065205139,2-5 km from Oktoberfest,,,
36353650,Maxvorstadt,48.15252,11.56404,Entire home/apt,3,65,0.77,170,250.0,EUR per night,2.5339740763356304,2-5 km from Oktoberfest,,,
36594960,Aubing-Lochhausen-Langwied,48.13674,11.43604,Entire home/apt,1,41,0.49,169,120.0,EUR per night,8.43704857388648,5-10 km from Oktoberfest,,,
36622718,Schwabing-West,48.15848,11.56501,Entire home/apt,7,2,0.02,48,144.0,EUR per night,3.1716833295946114,2-5 km from Oktoberfest,,,
36660105,Obergiesing,48.11233,11.5842,Entire home/apt,10,26,0.31,16,264.0,EUR per night,3.3718793590791467,2-5 km from Oktoberfest,,,
36706192,Maxvorstadt,48.14879,11.55581,Private room,1,3,0.32,58,113.0,EUR per night,1.9355655312805407,0-2 km from Oktoberfest,,,
36793380,Au-Haidhausen,48.12355,11.57775,Entire home/apt,2,14,0.17,30,548.0,EUR per night,2.293082923819116,2-5 km from Oktoberfest,,,
36854495,Maxvorstadt,48.14921,11.56142,Entire home/apt,1,32,0.46,169,128.0,EUR per night,2.1182756172038113,2-5 km from Oktoberfest,,,
37079503,Ludwigsvorstadt-Isarvorstadt,48.12969,11.56909,Entire home/apt,1,83,1.01,7,419.0,EUR per night,1.474495662431499,0-2 km from Oktoberfest,,,
37100407,Ludwigsvorstadt-Isarvorstadt,48.1367,11.56248,Entire home/apt,1,80,1.0,1,206.0,EUR per night,1.1012343160401166,0-2 km from Oktoberfest,,,
37245732,Ramersdorf-Perlach,48.09948,11.63812,Private room,2,63,0.78,141,67.0,EUR per night,7.5018125846387935,5-10 km from Oktoberfest,,,
37247943,Sendling-Westpark,48.12088564192573,11.53504363186397,Entire home/apt,1,2,0.09,8,768.0,EUR per night,1.628269132689518,0-2 km from Oktoberfest,,,
37288215,Ramersdorf-Perlach,48.11368,11.59815,Entire home/apt,2,0,,35,109.0,EUR per night,4.140627997369225,2-5 km from Oktoberfest,,,
37385362,Obergiesing,48.11014,11.59514,Entire home/apt,3,65,0.79,3,196.0,EUR per night,4.163148719761768,2-5 km from Oktoberfest,,,
37418102,Maxvorstadt,48.14271,11.54423,Entire home/apt,3,11,0.13,106,644.0,EUR per night,1.2640317566918704,0-2 km from Oktoberfest,,,
37440198,Schwabing-West,48.16098,11.57253,Entire home/apt,2,89,1.06,10,206.0,EUR per night,3.6572298549112787,2-5 km from Oktoberfest,,,
37510602,Milbertshofen-Am Hart,48.20242,11.58435,Entire home/apt,1,140,1.74,91,119.0,EUR per night,8.256425386073456,5-10 km from Oktoberfest,,,
37544892,Aubing-Lochhausen-Langwied,48.17771,11.41826,Entire home/apt,1,0,,363,77.0,EUR per night,10.98753126900685,10+ km from Oktoberfest,,,
37551743,Pasing-Obermenzing,48.16519,11.4868,Private room,5,5,0.08,347,85.0,EUR per night,5.944790373699224,5-10 km from Oktoberfest,,,
37591960,Bogenhausen,48.14306,11.623,Entire home/apt,3,38,0.46,152,173.0,EUR per night,5.593489075110552,5-10 km from Oktoberfest,,,
37654617,Feldmoching-Hasenbergl,48.19259,11.54741,Entire home/apt,1,197,2.39,197,288.0,EUR per night,6.750200242675154,5-10 km from Oktoberfest,,,
37683310,Altstadt-Lehel,48.13712,11.58925,Private room,2,107,1.3,332,116.0,EUR per night,3.006400536778013,2-5 km from Oktoberfest,,,
37735575,Sendling-Westpark,48.11238,11.53178,Private room,1,579,7.02,188,65.0,EUR per night,2.537957303353799,2-5 km from Oktoberfest,,,
37740705,Ludwigsvorstadt-Isarvorstadt,48.12485,11.55367,Entire home/apt,2,15,0.18,9,615.0,EUR per night,0.8428061562284637,0-2 km from Oktoberfest,,,
37797930,Schwabing-Freimann,48.17731,11.61018,Entire home/apt,2,16,0.2,27,142.0,EUR per night,6.764436568443599,5-10 km from Oktoberfest,,,
37978289,Schwabing-West,48.16313,11.56538,Entire home/apt,2,64,0.78,200,257.0,EUR per night,3.6670307671817124,2-5 km from Oktoberfest,,,
38011460,Maxvorstadt,48.15056,11.56411,Entire home/apt,2,48,0.66,35,232.0,EUR per night,2.341023240539385,2-5 km from Oktoberfest,,,
38037200,Neuhausen-Nymphenburg,48.14803,11.51461,Private room,10,0,,83,72.0,EUR per night,3.1494957345753827,2-5 km from Oktoberfest,,,
38062749,Schwabing-West,48.16143,11.5766,Entire home/apt,2,26,0.33,55,125.0,EUR per night,3.8502571875773755,2-5 km from Oktoberfest,,,
38062754,Au-Haidhausen,48.12255,11.59064,Private room,1,11,0.13,48,202.0,EUR per night,3.2255698477096595,2-5 km from Oktoberfest,,,
38095345,Schwanthalerhöhe,48.13902,11.52931,Private room,1,21,0.25,2,71.0,EUR per night,1.6945809089813475,0-2 km from Oktoberfest,,,
38097552,Au-Haidhausen,48.1314,11.59322,Private room,1,54,0.66,351,149.0,EUR per night,3.2451063190915805,2-5 km from Oktoberfest,,,
38100507,Pasing-Obermenzing,48.13839,11.44354,Private room,1,170,2.09,65,83.0,EUR per night,7.896211096134431,5-10 km from Oktoberfest,,,
38112380,Schwanthalerhöhe,48.13682,11.52748,Private room,2,2,0.02,20,118.0,EUR per night,1.723249278994892,0-2 km from Oktoberfest,,,
38143811,Feldmoching-Hasenbergl,48.19085,11.54804,Entire home/apt,2,161,1.94,208,315.0,EUR per night,6.555835351135615,5-10 km from Oktoberfest,,,
38148619,Schwanthalerhöhe,48.14058,11.53154,Entire home/apt,1,299,3.65,235,281.0,EUR per night,1.645542760179722,0-2 km from Oktoberfest,,,
38177631,Bogenhausen,48.16905,11.64531,Entire home/apt,1,23,0.28,288,301.0,EUR per night,8.221033979440435,5-10 km from Oktoberfest,,,
38182964,Schwanthalerhöhe,48.13753,11.52711,Shared room,1,1,0.11,66,71.0,EUR per night,1.7755720357315115,0-2 km from Oktoberfest,,,
38281381,Thalkirchen-Obersendling-Forstenried-Fürstenried-Solln,48.09242,11.50693,Entire home/apt,30,248,3.01,177,55.0,EUR per night,5.409301012381469,5-10 km from Oktoberfest,,,
38307061,Milbertshofen-Am Hart,48.18128,11.56863,Hotel room,1,665,8.02,355,111.0,EUR per night,5.671205014295873,5-10 km from Oktoberfest,,,
38308384,Milbertshofen-Am Hart,48.18184,11.56721,Hotel room,1,659,7.97,362,83.0,EUR per night,5.706347120746693,5-10 km from Oktoberfest,,,
38308756,Milbertshofen-Am Hart,48.18155,11.56743,Hotel room,1,57,0.69,361,124.0,EUR per night,5.678772302886713,5-10 km from Oktoberfest,,,
38334967,Schwanthalerhöhe,48.13576,11.54584,Entire home/apt,2,12,0.15,5,412.0,EUR per night,0.5079330125086193,0-2 km from Oktoberfest,,,
38341515,Laim,48.13208,11.50594,Private room,1,20,0.24,362,355.0,EUR per night,3.2327963547488916,2-5 km from Oktoberfest,,,
38345927,Ludwigsvorstadt-Isarvorstadt,48.12538,11.56636,Private room,1,3,0.07,270,255.0,EUR per night,1.4461712245910492,0-2 km from Oktoberfest,,,
38363919,Laim,48.13219,11.5043,Private room,1,10,0.22,361,355.0,EUR per night,3.354595716033719,2-5 km from Oktoberfest,,,
38369024,Allach-Untermenzing,48.17928,11.44238,Private room,1,36,0.44,2,53.0,EUR per night,9.533960138551462,5-10 km from Oktoberfest,,,
38371907,Ludwigsvorstadt-Isarvorstadt,48.12992,11.5683,Entire home/apt,1,14,0.31,304,249.0,EUR per night,1.4125047595816855,0-2 km from Oktoberfest,,,
38380858,Au-Haidhausen,48.13771,11.61053,Private room,1,91,1.11,203,96.0,EUR per night,4.574839235518717,2-5 km from Oktoberfest,,,
38426978,Moosach,48.18378,11.52781,Entire home/apt,2,0,,86,252.0,EUR per night,5.988944512348243,5-10 km from Oktoberfest,,,
38447642,Altstadt-Lehel,48.13464,11.57897,Private room,2,1,0.03,270,373.0,EUR per night,2.208133692024367,2-5 km from Oktoberfest,,,
38451154,Hadern,48.11898,11.49108,Private room,2,4,0.09,30,204.0,EUR per night,4.567896194771722,2-5 km from Oktoberfest,,,
38453899,Maxvorstadt,48.14925,11.56156,Entire home/apt,3,7,0.08,21,472.0,EUR per night,2.1266680220688556,2-5 km from Oktoberfest,,,
38454698,Maxvorstadt,48.14767,11.57676,Entire home/apt,2,65,0.79,29,229.0,EUR per night,2.677019127013723,2-5 km from Oktoberfest,,,
38457761,Berg am Laim,48.11929,11.64515,Entire home/apt,2,68,0.83,92,80.0,EUR per night,7.236535586270778,5-10 km from Oktoberfest,,,
38457956,Laim,48.14017,11.50964,Private room,3,23,0.28,31,101.0,EUR per night,3.097559347268577,2-5 km from Oktoberfest,,,
38509737,Schwabing-Freimann,48.16725,11.6012,Private room,2,110,2.24,11,112.0,EUR per night,5.491986106450045,5-10 km from Oktoberfest,,,
38529430,Schwanthalerhöhe,48.137,11.54536,Private room,2,6,0.13,273,254.0,EUR per night,0.6449691329771128,0-2 km from Oktoberfest,,,
38562519,Tudering-Riem,48.13361,11.66802,Entire home/apt,2,66,0.81,236,438.0,EUR per night,8.797691827386293,5-10 km from Oktoberfest,,,
38577378,Schwabing-Freimann,48.16393,11.59631,Private room,1,106,1.28,1,76.0,EUR per night,4.974484292521314,2-5 km from Oktoberfest,,,
38609453,Schwanthalerhöhe,48.13764,11.5471,Entire home/apt,1,0,,363,915.0,EUR per night,0.6626423456348314,0-2 km from Oktoberfest,,,
38622383,Au-Haidhausen,48.12678,11.59614,Entire home/apt,2,100,1.22,57,354.0,EUR per night,3.5079961934206847,2-5 km from Oktoberfest,,,
38682705,Neuhausen-Nymphenburg,48.15859,11.53991,Private room,1,49,0.59,88,142.0,EUR per night,3.0518940170656323,2-5 km from Oktoberfest,,,
38715347,Schwabing-West,48.15969,11.56488,Entire home/apt,2,137,1.66,14,144.0,EUR per night,3.2940641266771498,2-5 km from Oktoberfest,,,
38741748,Neuhausen-Nymphenburg,48.15206,11.53658,Entire home/apt,2,180,2.19,240,336.0,EUR per night,2.4380695167721926,2-5 km from Oktoberfest,,,
38743616,Tudering-Riem,48.11119,11.67558,Entire home/apt,2,0,,88,136.0,EUR per night,9.63788416259109,5-10 km from Oktoberfest,,,
38744100,Au-Haidhausen,48.12784,11.5897,Entire home/apt,2,67,0.82,155,204.0,EUR per night,3.0174632457409736,2-5 km from Oktoberfest,,,
38752439,Hadern,48.123404309472136,11.484175630329428,Private room,1,6,0.65,245,265.0,EUR per night,4.939526656772645,2-5 km from Oktoberfest,,,
38788014,Au-Haidhausen,48.12978,11.59478,Entire home/apt,1,0,,212,304.0,EUR per night,3.3687147404162077,2-5 km from Oktoberfest,,,
38795952,Tudering-Riem,48.14588,11.66928,Entire home/apt,1,24,0.53,18,167.0,EUR per night,9.022997762973324,5-10 km from Oktoberfest,,,
38796706,Au-Haidhausen,48.12284,11.57531,Entire home/apt,3,0,,345,319.0,EUR per night,2.164371720233978,2-5 km from Oktoberfest,,,
38798564,Neuhausen-Nymphenburg,48.16474,11.50862,Entire home/apt,2,36,0.44,165,69.0,EUR per night,4.746875871695683,2-5 km from Oktoberfest,,,
38809171,Schwanthalerhöhe,48.14102,11.52924,Entire home/apt,2,13,1.2,79,290.0,EUR per night,1.8134778673676675,0-2 km from Oktoberfest,,,
38874108,Ramersdorf-Perlach,48.10754,11.60209,Private room,1,191,2.33,53,101.0,EUR per night,4.751511409923734,2-5 km from Oktoberfest,,,
38884432,Moosach,48.17749,11.53186,Entire home/apt,1,20,0.28,260,58.0,EUR per night,5.23553909081922,5-10 km from Oktoberfest,,,
38892903,Obergiesing,48.11401,11.58031,Entire home/apt,1,6,0.09,285,159.0,EUR per night,3.0310409960164635,2-5 km from Oktoberfest,,,
38954676,Berg am Laim,48.12778,11.61694,Entire home/apt,9,28,0.35,179,161.0,EUR per night,5.026081433354749,5-10 km from Oktoberfest,,,
38967478,Sendling-Westpark,48.12138,11.53314,Entire home/apt,1,2,0.04,80,190.0,EUR per night,1.686055733674917,0-2 km from Oktoberfest,,,
39029487,Ramersdorf-Perlach,48.09641,11.60854,Entire home/apt,4,0,,90,204.0,EUR per night,5.897857580580495,5-10 km from Oktoberfest,,,
39049561,Pasing-Obermenzing,48.13761,11.4831,Private room,1,221,2.75,200,79.0,EUR per night,4.9682397705575445,2-5 km from Oktoberfest,,,
39072868,Sendling,48.12601,11.53942,Entire home/apt,1,4,0.43,226,193.0,EUR per night,0.9942937068706954,0-2 km from Oktoberfest,,,
39127542,Milbertshofen-Am Hart,48.1851,11.56971,Entire home/apt,2,83,1.03,237,118.0,EUR per night,6.102557082210512,5-10 km from Oktoberfest,,,
39152687,Maxvorstadt,48.15403,11.58127,Entire home/apt,1,51,0.64,130,235.0,EUR per night,3.4076252216574607,2-5 km from Oktoberfest,,,
39167172,Ludwigsvorstadt-Isarvorstadt,48.13856,11.55305,Entire home/apt,3,43,0.54,289,958.0,EUR per night,0.7860200647388622,0-2 km from Oktoberfest,,,
39380594,Pasing-Obermenzing,48.16529,11.48835,Private room,8,24,0.4,295,72.0,EUR per night,5.86228067865133,5-10 km from Oktoberfest,,,
39436139,Laim,48.13557,11.5239,Entire home/apt,1,100,5.32,342,121.0,EUR per night,1.9431327977189732,0-2 km from Oktoberfest,,,
39453843,Laim,48.13513,11.52311,Entire home/apt,1,7,0.17,243,138.0,EUR per night,1.9910937218000406,0-2 km from Oktoberfest,,,
39475675,Pasing-Obermenzing,48.14242,11.46059,Entire home/apt,5,5,0.1,358,108.0,EUR per night,6.70054451405095,5-10 km from Oktoberfest,,,
39480919,Tudering-Riem,48.11143,11.67718,Private room,3,20,0.25,172,66.0,EUR per night,9.746962852469384,5-10 km from Oktoberfest,,,
39516939,Laim,48.13503,11.523,Entire home/apt,1,1,0.18,338,122.0,EUR per night,1.9971577161689003,0-2 km from Oktoberfest,,,
39520119,Laim,48.13462,11.52305,Entire home/apt,1,1,0.1,301,178.0,EUR per night,1.9860597446993482,0-2 km from Oktoberfest,,,
39525547,Altstadt-Lehel,48.13646,11.58107,Private room,1,3,0.06,242,445.0,EUR per night,2.3970578219207006,2-5 km from Oktoberfest,,,
39525675,Altstadt-Lehel,48.13621,11.58097,Private room,1,0,,250,395.0,EUR per night,2.38406748961068,2-5 km from Oktoberfest,,,
39525724,Altstadt-Lehel,48.13671,11.58047,Private room,1,3,0.07,213,465.0,EUR per night,2.3596977385858713,2-5 km from Oktoberfest,,,
39525775,Altstadt-Lehel,48.13666,11.5828,Private room,1,0,,213,485.0,EUR per night,2.5272416687760986,2-5 km from Oktoberfest,,,
39525816,Altstadt-Lehel,48.13436,11.5824,Private room,1,0,,198,428.0,EUR per night,2.4568408241895447,2-5 km from Oktoberfest,,,
39525901,Altstadt-Lehel,48.1366,11.58259,Private room,1,0,,207,536.0,EUR per night,2.5106094116650115,2-5 km from Oktoberfest,,,
39554306,Ludwigsvorstadt-Isarvorstadt,48.12442,11.56162,Entire home/apt,3,1,0.07,333,203.0,EUR per night,1.2251318498416222,0-2 km from Oktoberfest,,,
39736985,Altstadt-Lehel,48.135353088378906,11.577025413513184,Private room,1,52,0.97,210,179.0,EUR per night,2.0784625490169018,2-5 km from Oktoberfest,,,
39789762,Ludwigsvorstadt-Isarvorstadt,48.138893,11.552064,Private room,1,700,8.66,314,70.0,EUR per night,0.8005267171183176,0-2 km from Oktoberfest,,,
39790169,Ludwigsvorstadt-Isarvorstadt,48.138893,11.552064,Private room,1,2135,26.4,320,144.0,EUR per night,0.8005267171183176,0-2 km from Oktoberfest,,,
39794389,Schwabing-Freimann,48.162952,11.590493,Private room,1,365,4.53,354,193.0,EUR per night,4.60125958613481,2-5 km from Oktoberfest,,,
39812954,Au-Haidhausen,48.12711,11.59962,Entire home/apt,20,1,0.02,115,121.0,EUR per night,3.757693228026359,2-5 km from Oktoberfest,,,
39840875,Milbertshofen-Am Hart,48.20249,11.58519,Entire home/apt,1,127,1.58,100,119.0,EUR per night,8.283512595421016,5-10 km from Oktoberfest,,,
39864876,Schwabing-West,48.16174,11.55633,Entire home/apt,12,2,0.06,21,350.0,EUR per night,3.3565273533086186,2-5 km from Oktoberfest,,,
39876462,Obergiesing,48.116544,11.59449,Entire home/apt,3,9,0.19,362,547.0,EUR per night,3.750592397789242,2-5 km from Oktoberfest,,,
39882092,Schwabing-Freimann,48.17486,11.5861,Private room,1,15,0.19,171,139.0,EUR per night,5.494610484267523,5-10 km from Oktoberfest,,,
39932401,Sendling,48.12506,11.54489,Private room,1,90,1.12,44,93.0,EUR per night,0.8339882060312153,0-2 km from Oktoberfest,,,
39941806,Schwabing-West,48.17552,11.57541,Private room,30,6,0.11,103,48.0,EUR per night,5.217271774629774,5-10 km from Oktoberfest,,,
39959373,Untergiesing-Harlaching,48.10375,11.55985,Entire home/apt,3,74,0.92,230,119.0,EUR per night,3.2230536361107807,2-5 km from Oktoberfest,,,
40051271,Bogenhausen,48.15839,11.64209,Private room,2,34,0.42,33,83.0,EUR per night,7.474519607976016,5-10 km from Oktoberfest,,,
40083585,Schwabing-West,48.15982,11.5639,Entire home/apt,2,50,0.63,30,195.0,EUR per night,3.283253166682978,2-5 km from Oktoberfest,,,
40100371,Ludwigsvorstadt-Isarvorstadt,48.1385,11.56028,Private room,1,1179,16.1,164,91.0,EUR per night,1.0856065669884731,0-2 km from Oktoberfest,,,
40125079,Altstadt-Lehel,48.14158,11.59338,Entire home/apt,6,13,0.16,88,248.0,EUR per night,3.429472713410771,2-5 km from Oktoberfest,,,
40188285,Ludwigsvorstadt-Isarvorstadt,48.138847,11.551998,Private room,1,789,9.83,313,153.0,EUR per night,0.7944021369849577,0-2 km from Oktoberfest,,,
40189354,Maxvorstadt,48.143211,11.55895,Private room,1,879,10.96,340,204.0,EUR per night,1.4400042484638027,0-2 km from Oktoberfest,,,
40191312,Schwabing-Freimann,48.162952,11.590493,Private room,1,47,1.26,333,127.0,EUR per night,4.60125958613481,2-5 km from Oktoberfest,,,
40230681,Altstadt-Lehel,48.135353088378906,11.577025413513184,Private room,1,63,1.13,201,121.0,EUR per night,2.0784625490169018,2-5 km from Oktoberfest,,,
40231143,Altstadt-Lehel,48.13445,11.57621,Private room,1,52,0.72,202,179.0,EUR per night,2.0023709810903765,2-5 km from Oktoberfest,,,
40231250,Altstadt-Lehel,48.135353088378906,11.577025413513184,Private room,1,84,1.61,225,194.0,EUR per night,2.0784625490169018,2-5 km from Oktoberfest,,,
40360079,Ludwigsvorstadt-Isarvorstadt,48.13557,11.55558,Entire home/apt,1,61,0.76,281,309.0,EUR per night,0.6083723267569479,0-2 km from Oktoberfest,,,
40360534,Ludwigsvorstadt-Isarvorstadt,48.13507403497123,11.556581370467972,Entire home/apt,1,236,2.95,286,443.0,EUR per night,0.6330342845566681,0-2 km from Oktoberfest,,,
40360677,Ludwigsvorstadt-Isarvorstadt,48.13472,11.55455,Entire home/apt,2,199,2.49,281,337.0,EUR per night,0.4886480564863431,0-2 km from Oktoberfest,,,
40374243,Schwabing-West,48.17746,11.5738,Private room,30,2,0.03,273,49.0,EUR per night,5.377182567272686,5-10 km from Oktoberfest,,,
40421213,Schwabing-West,48.1676,11.56652,Private room,2,140,3.42,136,75.0,EUR per night,4.165637847194921,2-5 km from Oktoberfest,,,
40448228,Milbertshofen-Am Hart,48.19605,11.57385,Entire home/apt,2,97,1.22,25,96.0,EUR per night,7.358221164694564,5-10 km from Oktoberfest,,,
40517769,Bogenhausen,48.15327,11.62132,Entire home/apt,3,2,0.09,180,354.0,EUR per night,5.834699222139018,5-10 km from Oktoberfest,,,
40715943,Bogenhausen,48.1606,11.63119,Entire home/apt,3,73,0.92,81,117.0,EUR per night,6.849651729055779,5-10 km from Oktoberfest,,,
40719026,Sendling,48.112339,11.550864,Entire home/apt,7,5,0.08,256,235.0,EUR per night,2.1774391117866445,2-5 km from Oktoberfest,,,
40727143,Laim,48.13205,11.48581,Entire home/apt,2,7,0.14,62,207.0,EUR per night,4.726680269181827,2-5 km from Oktoberfest,,,
40731943,Laim,48.13204,11.48413,Private room,2,4,0.08,89,195.0,EUR per night,4.851354778364855,2-5 km from Oktoberfest,,,
40754638,Sendling-Westpark,48.10701,11.50711,Entire home/apt,30,0,,58,42.0,EUR per night,4.190631037435906,2-5 km from Oktoberfest,,,
40886602,Altstadt-Lehel,48.13593,11.58677,Entire home/apt,2,345,4.36,163,571.0,EUR per night,2.801894981182946,2-5 km from Oktoberfest,,,
40944186,Untergiesing-Harlaching,48.10774931521281,11.571788974106312,Entire home/apt,3,12,0.36,12,165.0,EUR per night,3.1542081129990014,2-5 km from Oktoberfest,,,
40961775,Altstadt-Lehel,48.13593,11.58677,Entire home/apt,1,404,5.11,153,615.0,EUR per night,2.801894981182946,2-5 km from Oktoberfest,,,
41135001,Schwabing-Freimann,48.15739,11.58113,Entire home/apt,30,0,,57,55.0,EUR per night,3.6798116373245566,2-5 km from Oktoberfest,,,
41135795,Schwabing-West,48.16594,11.57937,Private room,3,23,0.29,52,92.0,EUR per night,4.38606313028382,2-5 km from Oktoberfest,,,
41146464,Ludwigsvorstadt-Isarvorstadt,48.13944,11.55037,Entire home/apt,1,24,0.31,334,371.0,EUR per night,0.8408918046377631,0-2 km from Oktoberfest,,,
41188915,Bogenhausen,48.15646743774414,11.651825904846191,Private room,1,133,1.68,23,76.0,EUR per night,8.068659962365949,5-10 km from Oktoberfest,,,
41224455,Thalkirchen-Obersendling-Forstenried-Fürstenried-Solln,48.08864509561688,11.490689614982298,Entire home/apt,7,1,0.04,55,351.0,EUR per night,6.496043360289913,5-10 km from Oktoberfest,,,
41309273,Thalkirchen-Obersendling-Forstenried-Fürstenried-Solln,48.09242,11.50693,Entire home/apt,1,238,3.1,95,217.0,EUR per night,5.409301012381469,5-10 km from Oktoberfest,,,
41365870,Au-Haidhausen,48.13105,11.5926,Entire home/apt,6,33,0.42,99,178.0,EUR per night,3.20002443293555,2-5 km from Oktoberfest,,,
41402276,Sendling-Westpark,48.11343,11.50688,Entire home/apt,1,0,,355,537.0,EUR per night,3.7717381933538565,2-5 km from Oktoberfest,,,
41448699,Moosach,48.18459,11.53486,Entire home/apt,30,9,0.12,100,43.0,EUR per night,5.958648171783659,5-10 km from Oktoberfest,,,
41710827,Ramersdorf-Perlach,48.1046,11.60427,Entire home/apt,1,438,5.62,300,106.0,EUR per night,5.073987547346499,5-10 km from Oktoberfest,,,
41711024,Ramersdorf-Perlach,48.1046,11.60427,Entire home/apt,1,884,11.33,305,114.0,EUR per night,5.073987547346499,5-10 km from Oktoberfest,,,
41711131,Ramersdorf-Perlach,48.1046,11.60427,Entire home/apt,1,59,0.76,230,136.0,EUR per night,5.073987547346499,5-10 km from Oktoberfest,,,
41759275,Tudering-Riem,48.13443,11.69743,Entire home/apt,2,33,0.43,152,184.0,EUR per night,10.981735031073011,10+ km from Oktoberfest,,,
42107985,Schwabing-Freimann,48.17541,11.5853,Private room,1,43,0.56,175,139.0,EUR per night,5.519054364365233,5-10 km from Oktoberfest,,,
42112326,Bogenhausen,48.1681,11.64617,Private room,2,15,0.3,252,163.0,EUR per night,8.224099455237848,5-10 km from Oktoberfest,,,
42214707,Moosach,48.17938,11.53217,Entire home/apt,1,28,0.46,260,60.0,EUR per night,5.433789270643968,5-10 km from Oktoberfest,,,
42355563,Sendling-Westpark,48.10482,11.52829,Entire home/apt,3,97,1.25,130,115.0,EUR per night,3.397951412068615,2-5 km from Oktoberfest,,,
42366472,Laim,48.14152,11.50554,Entire home/apt,2,5,0.06,27,782.0,EUR per night,3.433026896506008,2-5 km from Oktoberfest,,,
42373717,Moosach,48.17824,11.53217,Entire home/apt,1,147,2.03,281,152.0,EUR per night,5.310713708237127,5-10 km from Oktoberfest,,,
42375162,Moosach,48.17753,11.53388,Entire home/apt,1,8,0.14,256,96.0,EUR per night,5.204448085901004,5-10 km from Oktoberfest,,,
42375451,Ramersdorf-Perlach,48.10744,11.60025,Private room,1,336,4.37,275,124.0,EUR per night,4.64645025656984,2-5 km from Oktoberfest,,,
42376159,Moosach,48.17985,11.53386,Entire home/apt,1,3,0.09,256,83.0,EUR per night,5.456557579070718,5-10 km from Oktoberfest,,,
42376693,Ramersdorf-Perlach,48.10671,11.59869,Private room,1,64,0.89,277,134.0,EUR per night,4.602036709516528,2-5 km from Oktoberfest,,,
42377118,Ramersdorf-Perlach,48.10658,11.59875,Private room,1,4,0.05,275,144.0,EUR per night,4.614380756610924,2-5 km from Oktoberfest,,,
42393334,Milbertshofen-Am Hart,48.17778,11.58444,Entire home/apt,180,0,,194,11.0,EUR per night,5.722263710775554,5-10 km from Oktoberfest,,,
42524609,Schwabing-Freimann,48.16544,11.5803,Entire home/apt,20,1,0.03,170,179.0,EUR per night,4.373827028061245,2-5 km from Oktoberfest,,,
42601564,Thalkirchen-Obersendling-Forstenried-Fürstenried-Solln,48.08916,11.49101,Private room,2,13,0.33,216,113.0,EUR per night,6.437682083896403,5-10 km from Oktoberfest,,,
42698508,Neuhausen-Nymphenburg,48.15167,11.53528,Private room,2,9,0.15,26,241.0,EUR per night,2.4384195906345942,2-5 km from Oktoberfest,,,
42774140,Pasing-Obermenzing,48.14312,11.44527,Entire home/apt,4,0,,87,130.0,EUR per night,7.834404351094526,5-10 km from Oktoberfest,,,
42845770,Ludwigsvorstadt-Isarvorstadt,48.13573,11.5587,Entire home/apt,1,94,1.29,17,374.0,EUR per night,0.8046757404950144,0-2 km from Oktoberfest,,,
42846048,Ludwigsvorstadt-Isarvorstadt,48.13537,11.55888,Entire home/apt,1,27,0.37,8,449.0,EUR per night,0.7958840514263766,0-2 km from Oktoberfest,,,
42875109,Neuhausen-Nymphenburg,48.1492471,11.538833,Private room,1,5,0.29,135,166.0,EUR per night,2.0849860460783662,2-5 km from Oktoberfest,,,
42969121,Neuhausen-Nymphenburg,48.16524,11.53376,Entire home/apt,28,75,0.99,310,62.0,EUR per night,3.886803232192979,2-5 km from Oktoberfest,,,
42998045,Ludwigsvorstadt-Isarvorstadt,48.12639,11.55436,Entire home/apt,1,28,0.39,12,146.0,EUR per night,0.7109740079673507,0-2 km from Oktoberfest,,,
42998278,Ludwigsvorstadt-Isarvorstadt,48.12763,11.55217,Entire home/apt,1,44,0.64,29,115.0,EUR per night,0.5144938922933125,0-2 km from Oktoberfest,,,
42998349,Ludwigsvorstadt-Isarvorstadt,48.12699,11.5521,Entire home/apt,1,41,0.58,32,161.0,EUR per night,0.5790641541856724,0-2 km from Oktoberfest,,,
42998395,Ludwigsvorstadt-Isarvorstadt,48.12616,11.55211,Entire home/apt,1,84,1.17,13,155.0,EUR per night,0.6670061544706347,0-2 km from Oktoberfest,,,
43033879,Ludwigsvorstadt-Isarvorstadt,48.13754,11.56032,Private room,5,28,0.38,179,178.0,EUR per night,1.018835638156603,0-2 km from Oktoberfest,,,
43073658,Schwanthalerhöhe,48.1358171,11.540842,Private room,1,1,0.91,89,80.0,EUR per night,0.7762349758312874,0-2 km from Oktoberfest,,,
43074108,Ramersdorf-Perlach,48.1029,11.60486,Private room,1,1,1.0,363,104.0,EUR per night,5.223730013577973,5-10 km from Oktoberfest,,,
43074349,Schwanthalerhöhe,48.1358171,11.540842,Entire home/apt,1,14,0.19,134,99.0,EUR per night,0.7762349758312874,0-2 km from Oktoberfest,,,
43075492,Moosach,48.17767,11.5319,Entire home/apt,1,8,0.11,262,89.0,EUR per night,5.254182671109163,5-10 km from Oktoberfest,,,
43075797,Moosach,48.17986,11.53235,Entire home/apt,1,2,0.03,262,111.0,EUR per night,5.482547183443835,5-10 km from Oktoberfest,,,
43093587,Ludwigsvorstadt-Isarvorstadt,48.1385,11.56028,Private room,1,236,3.3,159,112.0,EUR per night,1.0856065669884731,0-2 km from Oktoberfest,,,
43100779,Pasing-Obermenzing,48.16508,11.48895,Private room,5,2,0.04,179,70.0,EUR per night,5.813059559108362,5-10 km from Oktoberfest,,,
43122019,Ludwigsvorstadt-Isarvorstadt,48.13715,11.56199,Private room,7,4,0.05,179,196.0,EUR per night,1.0953978585008317,0-2 km from Oktoberfest,,,
43122092,Ludwigsvorstadt-Isarvorstadt,48.13862,11.56006,Private room,7,1,0.01,179,207.0,EUR per night,1.0827969969268472,0-2 km from Oktoberfest,,,
43122181,Ludwigsvorstadt-Isarvorstadt,48.13726,11.56019,Private room,7,0,,179,294.0,EUR per night,0.9922439604411967,0-2 km from Oktoberfest,,,
43218570,Ludwigsvorstadt-Isarvorstadt,48.13629,11.55261,Private room,2,14,0.42,355,170.0,EUR per night,0.5399557189855627,0-2 km from Oktoberfest,,,
43330813,Moosach,48.17863,11.50532,Entire home/apt,1,1,0.18,326,195.0,EUR per night,6.143312786111977,5-10 km from Oktoberfest,,,
43369365,Schwabing-Freimann,48.17596,11.58648,Private room,1,3,0.05,360,139.0,EUR per night,5.614978776507509,5-10 km from Oktoberfest,,,
43422478,Obergiesing,48.11574,11.59058,Entire home/apt,180,0,,304,9.0,EUR per night,3.5392548074768917,2-5 km from Oktoberfest,,,
43440504,Ludwigsvorstadt-Isarvorstadt,48.12923431396485,11.559160232543944,Private room,1,49,1.08,343,151.0,EUR per night,0.775796264852794,0-2 km from Oktoberfest,,,
43445413,Tudering-Riem,48.11973069824673,11.694408424042448,Private room,1,140,2.78,94,62.0,EUR per night,10.840222095159918,10+ km from Oktoberfest,,,
43493601,Pasing-Obermenzing,48.15134,11.48092,Entire home/apt,7,1,0.02,77,89.0,EUR per night,5.528695397696941,5-10 km from Oktoberfest,,,
43517781,Altstadt-Lehel,48.13759,11.56794,Entire home/apt,1,6,0.26,8,525.0,EUR per night,1.5076088972940371,0-2 km from Oktoberfest,,,
43550485,Schwanthalerhöhe,48.13327,11.54632,Private room,1,980,13.26,61,244.0,EUR per night,0.28089248334259737,0-2 km from Oktoberfest,,,
43551708,Schwanthalerhöhe,48.1358171,11.540842,Entire home/apt,1,87,1.21,30,209.0,EUR per night,0.7762349758312874,0-2 km from Oktoberfest,,,
43647302,Pasing-Obermenzing,48.16256,11.4807,Entire home/apt,1,24,0.34,189,953.0,EUR per night,6.138193911738134,5-10 km from Oktoberfest,,,
43662088,Altstadt-Lehel,48.13731,11.58779,Private room,20,52,0.72,27,83.0,EUR per night,2.904465219925322,2-5 km from Oktoberfest,,,
43683188,Schwabing-West,48.17613,11.57568,Private room,60,6,0.11,109,31.0,EUR per night,5.28770840383118,5-10 km from Oktoberfest,,,
43736110,Pasing-Obermenzing,48.15247,11.48087,Entire home/apt,1,42,0.58,282,169.0,EUR per night,5.582354280661378,5-10 km from Oktoberfest,,,
43748107,Moosach,48.17716,11.52424,Entire home/apt,5,5,0.08,157,111.0,EUR per night,5.370199510878615,5-10 km from Oktoberfest,,,
43840403,Untergiesing-Harlaching,48.10643,11.57042,Private room,1,4,0.05,304,35.0,EUR per night,3.2299509676276013,2-5 km from Oktoberfest,,,
43881616,Bogenhausen,48.14994,11.64208,Entire home/apt,3,10,0.21,16,249.0,EUR per night,7.156367461640869,5-10 km from Oktoberfest,,,
43890349,Ludwigsvorstadt-Isarvorstadt,48.1385,11.56028,Private room,1,449,6.19,159,132.0,EUR per night,1.0856065669884731,0-2 km from Oktoberfest,,,
43904288,Ludwigsvorstadt-Isarvorstadt,48.1385,11.56028,Private room,1,136,1.87,141,147.0,EUR per night,1.0856065669884731,0-2 km from Oktoberfest,,,
43905059,Ludwigsvorstadt-Isarvorstadt,48.1385,11.56028,Private room,1,142,1.96,141,179.0,EUR per night,1.0856065669884731,0-2 km from Oktoberfest,,,
43905484,Ludwigsvorstadt-Isarvorstadt,48.1385,11.56028,Private room,1,57,0.78,126,176.0,EUR per night,1.0856065669884731,0-2 km from Oktoberfest,,,
43905987,Ludwigsvorstadt-Isarvorstadt,48.1385,11.56028,Private room,1,673,9.29,161,67.0,EUR per night,1.0856065669884731,0-2 km from Oktoberfest,,,
43906801,Ludwigsvorstadt-Isarvorstadt,48.1385,11.56028,Private room,1,137,1.88,152,168.0,EUR per night,1.0856065669884731,0-2 km from Oktoberfest,,,
43907428,Ludwigsvorstadt-Isarvorstadt,48.1385,11.56028,Private room,1,92,1.27,91,289.0,EUR per night,1.0856065669884731,0-2 km from Oktoberfest,,,
43975586,Schwabing-Freimann,48.1521,11.58495,Private room,1,246,3.38,264,130.0,EUR per night,3.4588842540088764,2-5 km from Oktoberfest,,,
44023117,Ludwigsvorstadt-Isarvorstadt,48.13118,11.57736,Entire home/apt,115,6,0.11,182,27.0,EUR per night,2.0691520630849616,2-5 km from Oktoberfest,,,
44093801,Untergiesing-Harlaching,48.08843,11.55977,Private room,1,84,1.94,220,89.0,EUR per night,4.8934147492326,2-5 km from Oktoberfest,,,
44186707,Maxvorstadt,48.15104,11.58441,Private room,1,326,4.54,262,145.0,EUR per night,3.3524982976373296,2-5 km from Oktoberfest,,,
44229586,Schwanthalerhöhe,48.12841,11.54399,Private room,1,5,0.11,88,275.0,EUR per night,0.5637575113744323,0-2 km from Oktoberfest,,,
44240830,Sendling-Westpark,48.11214,11.532,Private room,1,64,0.89,339,80.0,EUR per night,2.552470244253919,2-5 km from Oktoberfest,,,
44254128,Laim,48.13378,11.51039,Private room,1,13,0.19,243,122.0,EUR per night,2.9099553527509414,2-5 km from Oktoberfest,,,
44319001,Thalkirchen-Obersendling-Forstenried-Fürstenried-Solln,48.09866,11.53268,Entire home/apt,2,206,2.88,335,542.0,EUR per night,3.90134431784886,2-5 km from Oktoberfest,,,
44327894,Tudering-Riem,48.13839,11.67995,Entire home/apt,7,1,0.08,136,60.0,EUR per night,9.707399573224246,5-10 km from Oktoberfest,,,
44436632,Ludwigsvorstadt-Isarvorstadt,48.12275,11.5649,Entire home/apt,14,70,1.01,328,68.0,EUR per night,1.530227631331298,0-2 km from Oktoberfest,,,
44436672,Ludwigsvorstadt-Isarvorstadt,48.12275,11.5649,Entire home/apt,28,36,0.52,331,70.0,EUR per night,1.530227631331298,0-2 km from Oktoberfest,,,
44526701,Au-Haidhausen,48.12764,11.58949,Entire home/apt,14,44,0.62,327,81.0,EUR per night,3.005484563035666,2-5 km from Oktoberfest,,,
44554394,Bogenhausen,48.16077,11.64092,Entire home/apt,3,2,0.03,88,273.0,EUR per night,7.504015828060579,5-10 km from Oktoberfest,,,
44556840,Bogenhausen,48.1654,11.65709,Entire home/apt,5,69,0.97,125,114.0,EUR per night,8.808437147053834,5-10 km from Oktoberfest,,,
44573525,Allach-Untermenzing,48.18658,11.47269,Private room,1,137,1.92,287,51.0,EUR per night,8.332306833764914,5-10 km from Oktoberfest,,,
44652201,Ludwigsvorstadt-Isarvorstadt,48.13533,11.5651,Entire home/apt,1,86,1.48,238,711.0,EUR per night,1.2188993128834218,0-2 km from Oktoberfest,,,
44652208,Ludwigsvorstadt-Isarvorstadt,48.13537,11.5652,Entire home/apt,1,3,0.06,292,306.0,EUR per night,1.2273405398325228,0-2 km from Oktoberfest,,,
44652220,Altstadt-Lehel,48.13642,11.56562,Entire home/apt,1,5,0.08,280,360.0,EUR per night,1.297562063185143,0-2 km from Oktoberfest,,,
44652228,Altstadt-Lehel,48.13566,11.56547,Entire home/apt,1,9,0.13,257,379.0,EUR per night,1.256731175704185,0-2 km from Oktoberfest,,,
44652259,Altstadt-Lehel,48.13691,11.56523,Entire home/apt,1,3,0.05,256,419.0,EUR per night,1.2934391194124986,0-2 km from Oktoberfest,,,
45074457,Altstadt-Lehel,48.14292,11.58752,Private room,1,32,0.46,338,274.0,EUR per night,3.0759111722697545,2-5 km from Oktoberfest,,,
45076732,Ramersdorf-Perlach,48.09849,11.61159,Entire home/apt,7,6,0.13,63,142.0,EUR per night,5.920143205870656,5-10 km from Oktoberfest,,,
45094125,Obergiesing,48.10574,11.59055,Entire home/apt,2,10,0.17,108,142.0,EUR per night,4.212734706885046,2-5 km from Oktoberfest,,,
45112489,Altstadt-Lehel,48.1424,11.58529,Private room,1,9,0.16,351,234.0,EUR per night,2.901137053742887,2-5 km from Oktoberfest,,,
45131385,Moosach,48.17968,11.53272,Entire home/apt,1,31,0.47,293,206.0,EUR per night,5.4567548492516655,5-10 km from Oktoberfest,,,
45150385,Berg am Laim,48.12505,11.64451,Entire home/apt,1,136,1.92,246,315.0,EUR per night,7.092512928264785,5-10 km from Oktoberfest,,,
45174039,Neuhausen-Nymphenburg,48.16541,11.53394,Entire home/apt,14,25,0.42,310,75.0,EUR per night,3.9008639114403545,2-5 km from Oktoberfest,,,
45230603,Neuhausen-Nymphenburg,48.16541,11.53394,Entire home/apt,14,5,0.08,328,77.0,EUR per night,3.9008639114403545,2-5 km from Oktoberfest,,,
45230654,Neuhausen-Nymphenburg,48.16541,11.53394,Entire home/apt,28,62,0.89,331,65.0,EUR per night,3.9008639114403545,2-5 km from Oktoberfest,,,
45237951,Schwabing-West,48.16068,11.56252,Entire home/apt,3,12,0.26,342,346.0,EUR per night,3.342805794205261,2-5 km from Oktoberfest,,,
45254710,Obergiesing,48.08828,11.60894,Private room,1,24,0.4,267,94.0,EUR per night,6.55753658445069,5-10 km from Oktoberfest,,,
45284543,Maxvorstadt,48.15377426147461,11.575522422790527,Entire home/apt,7,48,0.69,306,245.0,EUR per night,3.105498299437464,2-5 km from Oktoberfest,,,
45296670,Sendling-Westpark,48.11302,11.53258,Entire home/apt,1,4,0.43,183,195.0,EUR per night,2.4463557523879764,2-5 km from Oktoberfest,,,
45323850,Altstadt-Lehel,48.1359,11.56533,Entire home/apt,1,26,0.4,292,151.0,EUR per night,1.2561352861529789,0-2 km from Oktoberfest,,,
45323857,Altstadt-Lehel,48.13708,11.56534,Entire home/apt,1,17,0.28,244,164.0,EUR per night,1.3090161977147587,0-2 km from Oktoberfest,,,
45390172,Untergiesing-Harlaching,48.08287,11.54569,Entire home/apt,1,14,0.2,72,160.0,EUR per night,5.459221597180264,5-10 km from Oktoberfest,,,
45393177,Neuhausen-Nymphenburg,48.16699,11.51863,Private room,4,9,0.16,6,99.0,EUR per night,4.524294089662765,2-5 km from Oktoberfest,,,
45393521,Au-Haidhausen,48.12666,11.59491,Private room,4,13,0.18,80,58.0,EUR per night,3.420203111373614,2-5 km from Oktoberfest,,,
45404571,Thalkirchen-Obersendling-Forstenried-Fürstenried-Solln,48.08034,11.5045,Entire home/apt,3,47,0.67,104,93.0,EUR per night,6.635802535647159,5-10 km from Oktoberfest,,,
45416379,Ludwigsvorstadt-Isarvorstadt,48.13603,11.55885,Entire home/apt,1,37,1.18,6,899.0,EUR per night,0.8320757695408305,0-2 km from Oktoberfest,,,
45461928,Au-Haidhausen,48.12012063932946,11.577530701352316,Private room,2,1,0.04,269,240.0,EUR per night,2.458464789190013,2-5 km from Oktoberfest,,,
45494192,Aubing-Lochhausen-Langwied,48.14558,11.43933,Private room,1,35,0.51,217,129.0,EUR per night,8.31532921069983,5-10 km from Oktoberfest,,,
45494776,Altstadt-Lehel,48.13521,11.58081,Entire home/apt,2,0,,25,561.0,EUR per night,2.3525195754474613,2-5 km from Oktoberfest,,,
45500506,Au-Haidhausen,48.13132,11.60805,Private room,5,2,1.13,363,142.0,EUR per night,4.345703503827877,2-5 km from Oktoberfest,,,
45510458,Berg am Laim,48.12032,11.63039,Entire home/apt,2,9,0.26,14,215.0,EUR per night,6.140334156185307,5-10 km from Oktoberfest,,,
45524195,Ludwigsvorstadt-Isarvorstadt,48.12278,11.56485,Entire home/apt,28,25,0.37,335,59.0,EUR per night,1.5252375078596154,0-2 km from Oktoberfest,,,
45645967,Neuhausen-Nymphenburg,48.15686,11.52665,Private room,1,63,0.91,180,120.0,EUR per night,3.252268858269017,2-5 km from Oktoberfest,,,
45664825,Maxvorstadt,48.1498,11.56305,Entire home/apt,1,67,0.96,157,172.0,EUR per night,2.2299133944758056,2-5 km from Oktoberfest,,,
45692972,Ramersdorf-Perlach,48.08199,11.66827,Entire home/apt,1,23,0.36,351,140.0,EUR per night,10.419578864031909,10+ km from Oktoberfest,,,
45786641,Schwanthalerhöhe,48.13661,11.53591,Private room,29,0,,89,28.0,EUR per night,1.1363952128812378,0-2 km from Oktoberfest,,,
45844467,Schwabing-West,48.15865,11.55964,Entire home/apt,2,0,,179,405.0,EUR per night,3.068132410154365,2-5 km from Oktoberfest,,,
45862794,Laim,48.13992,11.51181,Entire home/apt,2,31,0.79,152,140.0,EUR per night,2.9356195414737503,2-5 km from Oktoberfest,,,
45948634,Obergiesing,48.11645,11.58099,Entire home/apt,1,100,1.45,81,378.0,EUR per night,2.900780125511352,2-5 km from Oktoberfest,,,
45953173,Sendling-Westpark,48.12188,11.53328,Entire home/apt,5,24,0.4,263,110.0,EUR per night,1.6403236686477756,0-2 km from Oktoberfest,,,
45964705,Schwabing-West,48.16054,11.57258,Entire home/apt,180,4,0.1,303,12.0,EUR per night,3.6158031039733305,2-5 km from Oktoberfest,,,
45997402,Au-Haidhausen,48.12764,11.58949,Entire home/apt,14,78,1.15,333,78.0,EUR per night,3.005484563035666,2-5 km from Oktoberfest,,,
46008408,Moosach,48.18487597345398,11.493558381601693,Private room,2,11,0.43,266,175.0,EUR per night,7.205418692622166,5-10 km from Oktoberfest,,,
46017222,Ludwigsvorstadt-Isarvorstadt,48.136467,11.560696,Entire home/apt,1,13,0.55,288,540.0,EUR per night,0.9737620474429007,0-2 km from Oktoberfest,,,
46018189,Ludwigsvorstadt-Isarvorstadt,48.136467,11.560696,Private room,1,3,0.14,360,315.0,EUR per night,0.9737620474429007,0-2 km from Oktoberfest,,,
46018348,Ludwigsvorstadt-Isarvorstadt,48.136467,11.560696,Entire home/apt,1,53,1.05,350,315.0,EUR per night,0.9737620474429007,0-2 km from Oktoberfest,,,
46018507,Ludwigsvorstadt-Isarvorstadt,48.136467,11.560696,Entire home/apt,1,20,0.44,349,270.0,EUR per night,0.9737620474429007,0-2 km from Oktoberfest,,,
46018708,Ludwigsvorstadt-Isarvorstadt,48.136467,11.560696,Entire home/apt,1,24,0.52,354,270.0,EUR per night,0.9737620474429007,0-2 km from Oktoberfest,,,
46018792,Ludwigsvorstadt-Isarvorstadt,48.136467,11.560696,Entire home/apt,1,25,1.04,283,405.0,EUR per night,0.9737620474429007,0-2 km from Oktoberfest,,,
46059066,Ludwigsvorstadt-Isarvorstadt,48.12381,11.5511,Entire home/apt,3,85,1.43,153,233.0,EUR per night,0.9073712021410534,0-2 km from Oktoberfest,,,
46152648,Moosach,48.179581,11.50198,Entire home/apt,1,66,1.16,258,55.0,EUR per night,6.366751456995484,5-10 km from Oktoberfest,,,
46185956,Altstadt-Lehel,48.135933,11.586773,Entire home/apt,1,337,5.06,138,416.0,EUR per night,2.8021680340452297,2-5 km from Oktoberfest,,,
46196486,Ludwigsvorstadt-Isarvorstadt,48.13585,11.56314,Entire home/apt,3,6,0.09,4,60.0,EUR per night,1.1034175371384054,0-2 km from Oktoberfest,,,
46479716,Au-Haidhausen,48.13012,11.60751,Entire home/apt,10,5,0.1,145,211.0,EUR per night,4.309747044438777,2-5 km from Oktoberfest,,,
46500636,Pasing-Obermenzing,48.16519,11.48834,Entire home/apt,5,15,0.23,315,72.0,EUR per night,5.855822886261527,5-10 km from Oktoberfest,,,
46501116,Schwabing-West,48.16362,11.57066,Entire home/apt,1,107,1.59,13,158.0,EUR per night,3.8606936919208223,2-5 km from Oktoberfest,,,
46632415,Berg am Laim,48.12645,11.63053,Private room,2,12,0.26,361,75.0,EUR per night,6.044295504583566,5-10 km from Oktoberfest,,,
46651624,Neuhausen-Nymphenburg,48.148912,11.5293335,Entire home/apt,1,258,3.81,302,628.0,EUR per night,2.411945575596253,2-5 km from Oktoberfest,,,
46671407,Altstadt-Lehel,48.13763,11.582489,Private room,10,7,0.12,343,203.0,EUR per night,2.5296468959720952,2-5 km from Oktoberfest,,,
46853436,Schwanthalerhöhe,48.13683,11.54598,Entire home/apt,6,0,,222,90.0,EUR per night,0.6072468335068559,0-2 km from Oktoberfest,,,
46858868,Untergiesing-Harlaching,48.0857769,11.5612178,Entire home/apt,20,0,,89,56.0,EUR per night,5.201924208361093,5-10 km from Oktoberfest,,,
46863158,Tudering-Riem,48.12602,11.65681,Entire home/apt,1,8,0.12,12,92.0,EUR per night,7.991098792733466,5-10 km from Oktoberfest,,,
46913713,Sendling-Westpark,48.10667,11.50743,Entire home/apt,180,0,,275,9.0,EUR per night,4.198002198299243,2-5 km from Oktoberfest,,,
46957370,Ludwigsvorstadt-Isarvorstadt,48.12278,11.56485,Entire home/apt,14,8,0.13,330,84.0,EUR per night,1.5252375078596154,0-2 km from Oktoberfest,,,
47188283,Neuhausen-Nymphenburg,48.16442,11.53165,Entire home/apt,180,0,,180,6.0,EUR per night,3.8509259253837604,2-5 km from Oktoberfest,,,
47514598,Laim,48.13557815551758,11.506440162658691,Entire home/apt,2,26,0.57,109,350.0,EUR per night,3.2215738826594746,2-5 km from Oktoberfest,,,
47714960,Ludwigsvorstadt-Isarvorstadt,48.1266,11.55321,Entire home/apt,1,26,0.4,25,248.0,EUR per night,0.6504837423354697,0-2 km from Oktoberfest,,,
47867980,Ludwigsvorstadt-Isarvorstadt,48.13223,11.58223,Entire home/apt,1,295,4.49,110,183.0,EUR per night,2.4292772151914384,2-5 km from Oktoberfest,,,
47900822,Schwanthalerhöhe,48.1309157,11.538358,Entire home/apt,2,18,0.73,345,662.0,EUR per night,0.8341067386365184,0-2 km from Oktoberfest,,,
48038492,Ludwigsvorstadt-Isarvorstadt,48.136322021484375,11.554807662963867,Entire home/apt,1,2781,44.1,343,180.0,EUR per night,0.6300152260907423,0-2 km from Oktoberfest,,,
48038552,Ludwigsvorstadt-Isarvorstadt,48.136322021484375,11.554807662963867,Entire home/apt,1,41,0.66,352,390.0,EUR per night,0.6300152260907423,0-2 km from Oktoberfest,,,
48038730,Ludwigsvorstadt-Isarvorstadt,48.136322021484375,11.554807662963867,Entire home/apt,1,33,0.71,194,167.0,EUR per night,0.6300152260907423,0-2 km from Oktoberfest,,,
48038797,Ludwigsvorstadt-Isarvorstadt,48.136322021484375,11.554807662963867,Entire home/apt,1,1,0.09,343,445.0,EUR per night,0.6300152260907423,0-2 km from Oktoberfest,,,
48077576,Schwabing-West,48.16473,11.56512,Entire home/apt,3,25,0.4,27,206.0,EUR per night,3.8300502728589185,2-5 km from Oktoberfest,,,
48128355,Moosach,48.180225,11.50095,Entire home/apt,1,116,1.89,289,109.0,EUR per night,6.468717563465828,5-10 km from Oktoberfest,,,
48142001,Moosach,48.180233,11.501025,Entire home/apt,1,121,2.18,292,121.0,EUR per night,6.466361037681496,5-10 km from Oktoberfest,,,
48142596,Thalkirchen-Obersendling-Forstenried-Fürstenried-Solln,48.097408,11.527628,Entire home/apt,1,24,0.55,357,226.0,EUR per night,4.164893501030473,2-5 km from Oktoberfest,,,
48142618,Thalkirchen-Obersendling-Forstenried-Fürstenried-Solln,48.097408,11.527628,Entire home/apt,1,854,16.9,357,189.0,EUR per night,4.164893501030473,2-5 km from Oktoberfest,,,
48142852,Thalkirchen-Obersendling-Forstenried-Fürstenried-Solln,48.097408,11.527628,Entire home/apt,1,664,12.99,360,274.0,EUR per night,4.164893501030473,2-5 km from Oktoberfest,,,
48142883,Thalkirchen-Obersendling-Forstenried-Fürstenried-Solln,48.097408,11.527628,Entire home/apt,1,84,1.65,336,211.0,EUR per night,4.164893501030473,2-5 km from Oktoberfest,,,
48142885,Thalkirchen-Obersendling-Forstenried-Fürstenried-Solln,48.097408,11.527628,Entire home/apt,1,24,0.56,327,311.0,EUR per night,4.164893501030473,2-5 km from Oktoberfest,,,
48276071,Tudering-Riem,48.11596,11.69979,Entire home/apt,45,14,0.24,280,44.0,EUR per night,11.295209340762483,10+ km from Oktoberfest,,,
48324716,Ludwigsvorstadt-Isarvorstadt,48.13221,11.58091,Entire home/apt,1,282,4.36,118,235.0,EUR per night,2.3312938674740833,2-5 km from Oktoberfest,,,
48354952,Sendling,48.1099,11.53764,Entire home/apt,1,10,0.17,130,368.0,EUR per night,2.5998772459990156,2-5 km from Oktoberfest,,,
48458370,Laim,48.14173,11.51655,Entire home/apt,2,170,3.28,258,290.0,EUR per night,2.6782956495009276,2-5 km from Oktoberfest,,,
48561630,Pasing-Obermenzing,48.14395,11.47742,Entire home/apt,2,47,0.87,346,213.0,EUR per night,5.513956842490553,5-10 km from Oktoberfest,,,
48651893,Hadern,48.11497,11.46801,Private room,1,22,0.37,266,128.0,EUR per night,6.33483567202207,5-10 km from Oktoberfest,,,
48695865,Ramersdorf-Perlach,48.08396,11.66821,Entire home/apt,1,10,0.16,354,140.0,EUR per night,10.300616184457832,10+ km from Oktoberfest,,,
48707270,Schwabing-Freimann,48.17574,11.58684,Entire home/apt,1,114,1.77,222,165.0,EUR per night,5.606794998427132,5-10 km from Oktoberfest,,,
48711982,Ludwigsvorstadt-Isarvorstadt,48.13486,11.55941,Private room,1,14,0.24,321,144.0,EUR per night,0.8057265045189974,0-2 km from Oktoberfest,,,
48732688,Au-Haidhausen,48.12631,11.57818,Private room,2,86,1.35,2,112.0,EUR per night,2.217459094183137,2-5 km from Oktoberfest,,,
48761022,Ludwigsvorstadt-Isarvorstadt,48.13133,11.56575,Entire home/apt,4,23,0.39,283,769.0,EUR per night,1.2076404580231235,0-2 km from Oktoberfest,,,
48927082,Schwabing-West,48.16917,11.57376,Entire home/apt,30,7,0.11,127,93.0,EUR per night,4.518167814777403,2-5 km from Oktoberfest,,,
49122824,Maxvorstadt,48.14259,11.56118,Entire home/apt,1,39,0.65,246,136.0,EUR per night,1.471106682730706,0-2 km from Oktoberfest,,,
49187366,Ludwigsvorstadt-Isarvorstadt,48.137646,11.560234,Private room,1,7,0.13,269,413.0,EUR per night,1.0211460932796321,0-2 km from Oktoberfest,,,
49187678,Ludwigsvorstadt-Isarvorstadt,48.137646,11.560234,Private room,1,0,,296,375.0,EUR per night,1.0211460932796321,0-2 km from Oktoberfest,,,
49187875,Ludwigsvorstadt-Isarvorstadt,48.137646,11.560234,Private room,1,0,,264,350.0,EUR per night,1.0211460932796321,0-2 km from Oktoberfest,,,
49188012,Ludwigsvorstadt-Isarvorstadt,48.137646,11.560234,Private room,1,25,0.46,290,240.0,EUR per night,1.0211460932796321,0-2 km from Oktoberfest,,,
49188188,Ludwigsvorstadt-Isarvorstadt,48.137646,11.560234,Private room,1,0,,300,184.0,EUR per night,1.0211460932796321,0-2 km from Oktoberfest,,,
49188375,Ludwigsvorstadt-Isarvorstadt,48.137646,11.560234,Private room,1,6,0.11,279,240.0,EUR per night,1.0211460932796321,0-2 km from Oktoberfest,,,
49188452,Ludwigsvorstadt-Isarvorstadt,48.137646,11.560234,Private room,1,1,0.02,310,210.0,EUR per night,1.0211460932796321,0-2 km from Oktoberfest,,,
49188546,Ludwigsvorstadt-Isarvorstadt,48.137646,11.560234,Private room,1,4,0.08,300,192.0,EUR per night,1.0211460932796321,0-2 km from Oktoberfest,,,
49188633,Ludwigsvorstadt-Isarvorstadt,48.137646,11.560234,Private room,1,2,0.03,292,144.0,EUR per night,1.0211460932796321,0-2 km from Oktoberfest,,,
49207253,Laim,48.13169,11.49879,Entire home/apt,2,11,0.17,26,69.0,EUR per night,3.763446706165184,2-5 km from Oktoberfest,,,
49286950,Thalkirchen-Obersendling-Forstenried-Fürstenried-Solln,48.08246,11.52093,Entire home/apt,1,0,,336,101.0,EUR per night,5.892551950982979,5-10 km from Oktoberfest,,,
49489760,Au-Haidhausen,48.13189,11.59039,Entire home/apt,13,10,0.27,176,131.0,EUR per night,3.034590519661705,2-5 km from Oktoberfest,,,
49520770,Feldmoching-Hasenbergl,48.20063,11.5461,Private room,3,1,0.02,119,37.0,EUR per night,7.646586053746665,5-10 km from Oktoberfest,,,
49599683,Milbertshofen-Am Hart,48.17852410588808,11.568424133836174,Entire home/apt,2,28,0.45,21,311.0,EUR per night,5.371056894584483,5-10 km from Oktoberfest,,,
49731325,Thalkirchen-Obersendling-Forstenried-Fürstenried-Solln,48.08507,11.51954,Entire home/apt,1,101,1.63,286,129.0,EUR per night,5.662483314171822,5-10 km from Oktoberfest,,,
49746091,Moosach,48.179581,11.50198,Entire home/apt,1,2,0.15,249,94.0,EUR per night,6.366751456995484,5-10 km from Oktoberfest,,,
49746415,Moosach,48.17843,11.50236,Entire home/apt,1,1,0.05,228,118.0,EUR per night,6.244767496922509,5-10 km from Oktoberfest,,,
49846031,Ludwigsvorstadt-Isarvorstadt,48.13155,11.56623,Entire home/apt,4,22,0.38,47,334.0,EUR per night,1.2422059029327739,0-2 km from Oktoberfest,,,
49872391,Ludwigsvorstadt-Isarvorstadt,48.13682,11.5611,Private room,1,51,0.84,274,182.0,EUR per night,1.019967159204886,0-2 km from Oktoberfest,,,
49872983,Ludwigsvorstadt-Isarvorstadt,48.13493,11.56061,Private room,1,92,1.54,292,192.0,EUR per night,0.890671334560668,0-2 km from Oktoberfest,,,
49873252,Ludwigsvorstadt-Isarvorstadt,48.136,11.56136,Private room,1,31,0.51,258,196.0,EUR per night,0.9912039078481529,0-2 km from Oktoberfest,,,
49873368,Ludwigsvorstadt-Isarvorstadt,48.13622,11.55936,Private room,1,82,1.35,233,264.0,EUR per night,0.8753020072321551,0-2 km from Oktoberfest,,,
49873685,Ludwigsvorstadt-Isarvorstadt,48.13684,11.56077,Private room,1,120,1.99,289,237.0,EUR per night,1.0006039278664642,0-2 km from Oktoberfest,,,
49873819,Ludwigsvorstadt-Isarvorstadt,48.13696,11.56062,Private room,1,50,0.83,226,281.0,EUR per night,0.9987733281537001,0-2 km from Oktoberfest,,,
49874015,Ludwigsvorstadt-Isarvorstadt,48.13685,11.56103,Private room,1,205,3.4,291,326.0,EUR per night,1.0173873791501407,0-2 km from Oktoberfest,,,
50026145,Bogenhausen,48.14003,11.609514,Entire home/apt,3,3,0.06,9,109.0,EUR per night,4.544323083988316,2-5 km from Oktoberfest,,,
50081202,Pasing-Obermenzing,48.15049,11.46995,Entire home/apt,4,12,0.54,19,210.0,EUR per night,6.254104404390336,5-10 km from Oktoberfest,,,
50098116,Maxvorstadt,48.15327,11.56245,Private room,1,7,0.15,153,104.0,EUR per night,2.5631536709359435,2-5 km from Oktoberfest,,,
50144061,Milbertshofen-Am Hart,48.18485,11.56342,Private room,1,133,2.18,350,85.0,EUR per night,5.977620531684132,5-10 km from Oktoberfest,,,
50219998,Ludwigsvorstadt-Isarvorstadt,48.126591,11.553116,Entire home/apt,1,13,0.21,11,146.0,EUR per night,0.6484724136412463,0-2 km from Oktoberfest,,,
50253250,Au-Haidhausen,48.12778,11.59383,Entire home/apt,2,51,0.84,87,208.0,EUR per night,3.3217593011900406,2-5 km from Oktoberfest,,,
50265732,Maxvorstadt,48.15172,11.56782,Entire home/apt,3,78,1.3,273,133.0,EUR per night,2.5893777835841525,2-5 km from Oktoberfest,,,
50277786,Au-Haidhausen,48.13662,11.60134,Private room,1,108,1.76,64,135.0,EUR per night,3.882687017207944,2-5 km from Oktoberfest,,,
50278841,Untergiesing-Harlaching,48.08626,11.56068,Private room,4,66,1.09,187,61.0,EUR per night,5.142373508951064,5-10 km from Oktoberfest,,,
50305670,Ludwigsvorstadt-Isarvorstadt,48.12767,11.55436,Entire home/apt,1,57,0.93,11,127.0,EUR per night,0.5927330348107709,0-2 km from Oktoberfest,,,
50317859,Milbertshofen-Am Hart,48.2032,11.58359,Entire home/apt,1,81,1.4,78,235.0,EUR per night,8.321539811535722,5-10 km from Oktoberfest,,,
50318161,Tudering-Riem,48.13098,11.69881,Private room,2,90,1.49,278,95.0,EUR per night,11.08138756229965,10+ km from Oktoberfest,,,
50369314,Neuhausen-Nymphenburg,48.15265,11.51064,Private room,1,37,0.61,157,266.0,EUR per night,3.692876688104172,2-5 km from Oktoberfest,,,
50407308,Neuhausen-Nymphenburg,48.15315,11.50348,Private room,1,19,0.41,142,259.0,EUR per night,4.152438093532976,2-5 km from Oktoberfest,,,
50466456,Schwabing-West,48.17642,11.58216,Entire home/apt,3,64,1.07,166,252.0,EUR per night,5.511462259594349,5-10 km from Oktoberfest,,,
50560868,Maxvorstadt,48.14551,11.54291,Private room,1,42,0.84,283,300.0,EUR per night,1.5904057745799745,0-2 km from Oktoberfest,,,
50561204,Maxvorstadt,48.14538,11.54262,Private room,1,39,0.79,297,318.0,EUR per night,1.5834634815643642,0-2 km from Oktoberfest,,,
50561444,Maxvorstadt,48.144836,11.5418,Entire home/apt,1,132,2.66,246,421.0,EUR per night,1.5477438541271293,0-2 km from Oktoberfest,,,
50561722,Maxvorstadt,48.14393,11.54262,Private room,1,35,0.75,304,444.0,EUR per night,1.4317870832622395,0-2 km from Oktoberfest,,,
50605321,Sendling-Westpark,48.1146,11.50656,Entire home/apt,3,30,0.5,55,247.0,EUR per night,3.7227905115925797,2-5 km from Oktoberfest,,,
50751481,Schwabing-Freimann,48.16941,11.59715,Entire home/apt,10,31,0.52,15,172.0,EUR per night,5.467419870395567,5-10 km from Oktoberfest,,,
50827929,Altstadt-Lehel,48.13993,11.59068,Private room,1,190,3.19,315,103.0,EUR per night,3.183649090785581,2-5 km from Oktoberfest,,,
50836484,Ludwigsvorstadt-Isarvorstadt,48.13744,11.55746,Private room,1,49,0.85,337,225.0,EUR per night,0.8534728923974269,0-2 km from Oktoberfest,,,
50836673,Ludwigsvorstadt-Isarvorstadt,48.13701,11.55746,Private room,1,28,0.49,331,354.0,EUR per night,0.8196319509064075,0-2 km from Oktoberfest,,,
50839889,Neuhausen-Nymphenburg,48.15098,11.51218,Private room,1,16,0.29,178,246.0,EUR per night,3.4884497656426734,2-5 km from Oktoberfest,,,
50863271,Ludwigsvorstadt-Isarvorstadt,48.12716,11.55203,Entire home/apt,1,42,0.7,13,112.0,EUR per night,0.5595118771101282,0-2 km from Oktoberfest,,,
50951735,Ludwigsvorstadt-Isarvorstadt,48.1269,11.55875,Private room,1,58,0.97,243,159.0,EUR per night,0.8834033296145083,0-2 km from Oktoberfest,,,
50977241,Schwanthalerhöhe,48.13618,11.54208,Entire home/apt,1,127,2.13,16,594.0,EUR per night,0.7278050353844949,0-2 km from Oktoberfest,,,
51037534,Aubing-Lochhausen-Langwied,48.17406,11.41029,Private room,14,16,0.27,292,57.0,EUR per night,11.341270780449062,10+ km from Oktoberfest,,,
51058679,Hadern,48.12404,11.50132,Private room,11,0,,151,16.0,EUR per night,3.6811384574121067,2-5 km from Oktoberfest,,,
51081321,Ramersdorf-Perlach,48.10029,11.62989,Entire home/apt,180,13,0.35,303,11.0,EUR per night,6.926013315849609,5-10 km from Oktoberfest,,,
51286077,Sendling,48.11661,11.53845,Private room,1,158,3.23,134,75.0,EUR per night,1.887664370677205,0-2 km from Oktoberfest,,,
51336791,Au-Haidhausen,48.124622,11.577435,Entire home/apt,2,30,0.52,310,199.0,EUR per night,2.22564731106746,2-5 km from Oktoberfest,,,
51364235,Schwabing-West,48.16225,11.57016,Entire home/apt,3,55,0.93,235,237.0,EUR per night,3.7065502112965922,2-5 km from Oktoberfest,,,
51390863,Obergiesing,48.11728,11.5833,Private room,22,9,0.15,319,43.0,EUR per night,2.98943909055199,2-5 km from Oktoberfest,,,
51396953,Sendling-Westpark,48.10723,11.51297,Private room,1,81,1.36,18,94.0,EUR per night,3.8572251056073052,2-5 km from Oktoberfest,,,
51441593,Tudering-Riem,48.14209,11.67276,Private room,1,41,0.92,25,142.0,EUR per night,9.216562346705137,5-10 km from Oktoberfest,,,
51452413,Bogenhausen,48.13923,11.61931,Entire home/apt,2,59,1.26,187,196.0,EUR per night,5.244200347061359,5-10 km from Oktoberfest,,,
51496838,Tudering-Riem,48.10636,11.70538,Entire home/apt,1,12,0.2,125,97.0,EUR per night,11.914677243141615,10+ km from Oktoberfest,,,
51553423,Maxvorstadt,48.14769,11.55016,Private room,2,48,1.04,56,115.0,EUR per night,1.756450762594978,0-2 km from Oktoberfest,,,
51577740,Milbertshofen-Am Hart,48.17129,11.56051,Entire home/apt,1,12,0.81,340,143.0,EUR per night,4.455473709729478,2-5 km from Oktoberfest,,,
51700993,Laim,48.13885,11.5194,Private room,1,16,0.27,28,57.0,EUR per night,2.363584569414869,2-5 km from Oktoberfest,,,
51738160,Ludwigsvorstadt-Isarvorstadt,48.13317,11.56447,Entire home/apt,2,56,0.96,153,144.0,EUR per night,1.1199016857845834,0-2 km from Oktoberfest,,,
51799819,Neuhausen-Nymphenburg,48.1467,11.53436,Entire home/apt,2,83,1.75,269,124.0,EUR per night,1.992579946103363,0-2 km from Oktoberfest,,,
51895527,Milbertshofen-Am Hart,48.20241,11.57366,Private room,2,4,0.07,169,101.0,EUR per night,8.042486042508857,5-10 km from Oktoberfest,,,
51936792,Allach-Untermenzing,48.18926,11.46611,Entire home/apt,180,1,0.02,182,11.0,EUR per night,8.88467472190316,5-10 km from Oktoberfest,,,
52141450,Altstadt-Lehel,48.13513946533203,11.567562103271484,Private room,1,223,3.93,44,99.0,EUR per night,1.3879664083256398,0-2 km from Oktoberfest,,,
52141999,Altstadt-Lehel,48.13513946533203,11.567562103271484,Private room,1,16,0.33,49,119.0,EUR per night,1.3879664083256398,0-2 km from Oktoberfest,,,
52142260,Altstadt-Lehel,48.13513946533203,11.567562103271484,Private room,1,135,2.38,35,299.0,EUR per night,1.3879664083256398,0-2 km from Oktoberfest,,,
52157344,Ludwigsvorstadt-Isarvorstadt,48.136322021484375,11.554807662963867,Entire home/apt,1,4,0.07,359,192.0,EUR per night,0.6300152260907423,0-2 km from Oktoberfest,,,
52292348,Altstadt-Lehel,48.13561248779297,11.56725788116455,Private room,1,66,1.34,56,128.0,EUR per night,1.3809705445203502,0-2 km from Oktoberfest,,,
52292896,Altstadt-Lehel,48.13561248779297,11.56725788116455,Private room,1,61,1.17,54,92.0,EUR per night,1.3809705445203502,0-2 km from Oktoberfest,,,
52293018,Altstadt-Lehel,48.13561248779297,11.56725788116455,Private room,1,0,,55,139.0,EUR per night,1.3809705445203502,0-2 km from Oktoberfest,,,
52293182,Altstadt-Lehel,48.13561248779297,11.56725788116455,Private room,1,8,0.16,51,147.0,EUR per night,1.3809705445203502,0-2 km from Oktoberfest,,,
52293350,Altstadt-Lehel,48.13561248779297,11.56725788116455,Private room,1,4,0.1,56,174.0,EUR per night,1.3809705445203502,0-2 km from Oktoberfest,,,
52361667,Laim,48.13482,11.50091,Private room,1,1,0.07,365,250.0,EUR per night,3.620519922557676,2-5 km from Oktoberfest,,,
52396615,Altstadt-Lehel,48.13924,11.57905,Entire home/apt,2,10,0.18,17,834.0,EUR per night,2.339815264762841,2-5 km from Oktoberfest,,,
52413181,Tudering-Riem,48.14172,11.67573,Private room,21,0,,334,37.0,EUR per night,9.430502828639092,5-10 km from Oktoberfest,,,
52560628,Obergiesing,48.10282,11.5971,Entire home/apt,10,10,0.18,57,76.0,EUR per night,4.789770340798539,2-5 km from Oktoberfest,,,
52590648,Ramersdorf-Perlach,48.113885778093305,11.623118743300438,Private room,2,40,0.7,197,84.0,EUR per night,5.820027621641195,5-10 km from Oktoberfest,,,
52591075,Laim,48.13498,11.49084,Private room,1,34,0.69,266,105.0,EUR per night,4.366684440433545,2-5 km from Oktoberfest,,,
52666891,Sendling,48.12083,11.54322,Entire home/apt,1,33,0.58,5,166.0,EUR per night,1.3162229376607075,0-2 km from Oktoberfest,,,
52732156,Berg am Laim,48.126102,11.654006,Private room,2,50,0.89,56,92.0,EUR per night,7.782941867909769,5-10 km from Oktoberfest,,,
52766269,Schwabing-West,48.15842,11.57166,Private room,1,36,0.64,197,50.0,EUR per night,3.376265154186165,2-5 km from Oktoberfest,,,
52801383,Altstadt-Lehel,48.14111,11.59113,Entire home/apt,2,13,0.23,11,789.0,EUR per night,3.254556702067547,2-5 km from Oktoberfest,,,
52808099,Thalkirchen-Obersendling-Forstenried-Fürstenried-Solln,48.098888,11.497075,Private room,1,99,1.73,2,73.0,EUR per night,5.349893457940932,5-10 km from Oktoberfest,,,
52823628,Schwabing-West,48.15786,11.56932,Entire home/apt,5,97,1.89,129,260.0,EUR per night,3.239608572009631,2-5 km from Oktoberfest,,,
52837699,Ramersdorf-Perlach,48.11884,11.60071,Entire home/apt,4,0,,274,103.0,EUR per night,4.068927636013857,2-5 km from Oktoberfest,,,
52840109,Schwabing-West,48.15738,11.57016,Entire home/apt,3,2,0.08,16,800.0,EUR per night,3.2213318374457547,2-5 km from Oktoberfest,,,
53004292,Schwanthalerhöhe,48.13778,11.53632,Entire home/apt,3,19,0.34,88,211.0,EUR per night,1.176488466130991,0-2 km from Oktoberfest,,,
53100572,Thalkirchen-Obersendling-Forstenried-Fürstenried-Solln,48.09422,11.53011,Entire home/apt,1,563,10.21,269,159.0,EUR per night,4.430222530052689,2-5 km from Oktoberfest,,,
53100610,Thalkirchen-Obersendling-Forstenried-Fürstenried-Solln,48.09436,11.52986,Entire home/apt,1,1,0.61,243,176.0,EUR per night,4.421587954713481,2-5 km from Oktoberfest,,,
53100634,Thalkirchen-Obersendling-Forstenried-Fürstenried-Solln,48.09381,11.53021,Private room,1,44,0.99,182,299.0,EUR per night,4.470981416433549,2-5 km from Oktoberfest,,,
53120985,Schwanthalerhöhe,48.13841,11.53125,Entire home/apt,2,21,0.38,114,300.0,EUR per night,1.5356294431902107,0-2 km from Oktoberfest,,,
53138474,Ludwigsvorstadt-Isarvorstadt,48.13776,11.56251,Entire home/apt,2,126,2.91,48,138.0,EUR per night,1.1647761413887228,0-2 km from Oktoberfest,,,
53141511,Neuhausen-Nymphenburg,48.16069306897682,11.540571774785525,Entire home/apt,3,0,,300,100.0,EUR per night,3.2694502386108084,2-5 km from Oktoberfest,,,
53143867,Altstadt-Lehel,48.13527,11.57967,Entire home/apt,2,192,3.43,235,636.0,EUR per night,2.270089794712307,2-5 km from Oktoberfest,,,
53169794,Altstadt-Lehel,48.13229,11.57085,Entire home/apt,30,0,,301,82.0,EUR per night,1.5850455715182656,0-2 km from Oktoberfest,,,
53208131,Sendling-Westpark,48.1093,11.51458,Private room,1,83,1.48,17,80.0,EUR per night,3.6102918431568987,2-5 km from Oktoberfest,,,
53276822,Pasing-Obermenzing,48.13724,11.44631,Private room,2,7,0.15,196,107.0,EUR per night,7.680678909656154,5-10 km from Oktoberfest,,,
53287771,Obergiesing,48.1154,11.57746,Entire home/apt,1,67,1.21,359,98.0,EUR per night,2.7700598477496747,2-5 km from Oktoberfest,,,
53308158,Sendling,48.11445,11.54882,Entire home/apt,1,42,0.76,336,252.0,EUR per night,1.9410078378870088,0-2 km from Oktoberfest,,,
53310951,Obergiesing,48.11458,11.5776,Entire home/apt,1,87,1.57,359,103.0,EUR per night,2.838914072249823,2-5 km from Oktoberfest,,,
53310968,Obergiesing,48.11323,11.5798,Entire home/apt,1,23,0.42,346,108.0,EUR per night,3.06074588115358,2-5 km from Oktoberfest,,,
53310983,Obergiesing,48.11377,11.5794,Entire home/apt,1,60,1.08,347,96.0,EUR per night,2.998289129780608,2-5 km from Oktoberfest,,,
53322131,Sendling,48.1142,11.54774,Entire home/apt,1,72,1.32,360,119.0,EUR per night,1.9724810704520352,0-2 km from Oktoberfest,,,
53327008,Sendling,48.1151,11.54956,Entire home/apt,1,73,1.32,358,107.0,EUR per night,1.8680800762965508,0-2 km from Oktoberfest,,,
53391485,Sendling,48.11371972199649,11.550011516818808,Entire home/apt,1,74,1.34,324,123.0,EUR per night,2.0219112003822577,2-5 km from Oktoberfest,,,
53408942,Moosach,48.18555,11.53773,Private room,1,4,0.43,359,102.0,EUR per night,6.02915160541165,5-10 km from Oktoberfest,,,
53442604,Neuhausen-Nymphenburg,48.1582,11.53507,Entire home/apt,28,1,0.08,41,192.0,EUR per night,3.114243389312882,2-5 km from Oktoberfest,,,
53485694,Obergiesing,48.11024,11.58066,Private room,1,5,0.22,177,260.0,EUR per night,3.339260972364166,2-5 km from Oktoberfest,,,
53564663,Neuhausen-Nymphenburg,48.14837,11.5006,Entire home/apt,2,0,,335,96.0,EUR per night,4.064438736532547,2-5 km from Oktoberfest,,,
53607649,Bogenhausen,48.14444,11.60268,Entire home/apt,1,20,0.37,26,379.0,EUR per night,4.185300314337838,2-5 km from Oktoberfest,,,
53641383,Neuhausen-Nymphenburg,48.14939,11.50529,Entire home/apt,1,3,0.06,57,140.0,EUR per night,3.813580928745076,2-5 km from Oktoberfest,,,
53644055,Laim,48.142364501953125,11.493976593017578,Entire home/apt,2,11,0.24,161,658.0,EUR per night,4.281324010933731,2-5 km from Oktoberfest,,,
53730282,Ludwigsvorstadt-Isarvorstadt,48.13184,11.564453,Private room,28,8,0.16,123,59.0,EUR per night,1.1097351823231427,0-2 km from Oktoberfest,,,
53730521,Ludwigsvorstadt-Isarvorstadt,48.13184,11.564453,Private room,21,6,0.13,302,61.0,EUR per night,1.1097351823231427,0-2 km from Oktoberfest,,,
578060223913513005,Ludwigsvorstadt-Isarvorstadt,48.13495,11.55415,Entire home/apt,1,127,2.49,226,200.0,EUR per night,0.48383981112340824,0-2 km from Oktoberfest,,,
53732989,Thalkirchen-Obersendling-Forstenried-Fürstenried-Solln,48.097408,11.527628,Entire home/apt,1,195,3.83,350,183.0,EUR per night,4.164893501030473,2-5 km from Oktoberfest,,,
53747279,Ramersdorf-Perlach,48.10068,11.63089,Entire home/apt,25,22,0.4,254,93.0,EUR per night,6.968356111784435,5-10 km from Oktoberfest,,,
53777502,Thalkirchen-Obersendling-Forstenried-Fürstenried-Solln,48.09495,11.50724,Entire home/apt,3,7,0.14,90,320.0,EUR per night,5.169549743214501,5-10 km from Oktoberfest,,,
53853951,Pasing-Obermenzing,48.16532,11.48842,Private room,5,8,0.16,344,95.0,EUR per night,5.860376373406418,5-10 km from Oktoberfest,,,
53912168,Schwanthalerhöhe,48.13843675740053,11.53955069492892,Entire home/apt,2,35,1.41,27,202.0,EUR per night,1.0360704832845617,0-2 km from Oktoberfest,,,
53932094,Ludwigsvorstadt-Isarvorstadt,48.12754,11.55368,Entire home/apt,1,82,1.5,13,153.0,EUR per night,0.5755697565683279,0-2 km from Oktoberfest,,,
53933241,Ludwigsvorstadt-Isarvorstadt,48.13184,11.564453,Private room,28,7,0.14,94,57.0,EUR per night,1.1097351823231427,0-2 km from Oktoberfest,,,
53944836,Neuhausen-Nymphenburg,48.15488,11.508,Entire home/apt,4,120,2.31,191,150.0,EUR per night,4.001330340735515,2-5 km from Oktoberfest,,,
54013065,Sendling-Westpark,48.11192,11.50449,Entire home/apt,1,156,2.91,61,94.0,EUR per night,4.012245605995746,2-5 km from Oktoberfest,,,
54016636,Ludwigsvorstadt-Isarvorstadt,48.137646,11.560234,Private room,1,14,0.27,261,158.0,EUR per night,1.0211460932796321,0-2 km from Oktoberfest,,,
54030960,Sendling,48.11526,11.53994,Entire home/apt,26,10,0.19,317,104.0,EUR per night,1.9816850934103718,0-2 km from Oktoberfest,,,
54105887,Ramersdorf-Perlach,48.100677,11.630885,Entire home/apt,14,30,0.56,170,73.0,EUR per night,6.96820062625847,5-10 km from Oktoberfest,,,
54116929,Obergiesing,48.10661,11.58249,Entire home/apt,20,9,0.17,85,87.0,EUR per night,3.728962097096662,2-5 km from Oktoberfest,,,
54152630,Ludwigsvorstadt-Isarvorstadt,48.13184,11.564453,Entire home/apt,28,4,0.09,296,63.0,EUR per night,1.1097351823231427,0-2 km from Oktoberfest,,,
54165229,Bogenhausen,48.14613685306216,11.639401687001694,Entire home/apt,2,16,0.65,174,148.0,EUR per night,6.856256435846414,5-10 km from Oktoberfest,,,
54178180,Ludwigsvorstadt-Isarvorstadt,48.137646,11.560234,Private room,1,0,,261,210.0,EUR per night,1.0211460932796321,0-2 km from Oktoberfest,,,
54178767,Ludwigsvorstadt-Isarvorstadt,48.137646,11.560234,Private room,1,1,0.02,274,160.0,EUR per night,1.0211460932796321,0-2 km from Oktoberfest,,,
54178975,Ludwigsvorstadt-Isarvorstadt,48.137646,11.560234,Private room,1,0,,292,169.0,EUR per night,1.0211460932796321,0-2 km from Oktoberfest,,,
54179153,Ludwigsvorstadt-Isarvorstadt,48.137646,11.560234,Private room,1,0,,300,235.0,EUR per night,1.0211460932796321,0-2 km from Oktoberfest,,,
54179385,Ludwigsvorstadt-Isarvorstadt,48.137646,11.560234,Private room,1,0,,279,276.0,EUR per night,1.0211460932796321,0-2 km from Oktoberfest,,,
54179540,Ludwigsvorstadt-Isarvorstadt,48.137646,11.560234,Private room,1,0,,290,301.0,EUR per night,1.0211460932796321,0-2 km from Oktoberfest,,,
54179717,Ludwigsvorstadt-Isarvorstadt,48.137646,11.560234,Private room,1,0,,310,269.0,EUR per night,1.0211460932796321,0-2 km from Oktoberfest,,,
54179821,Ludwigsvorstadt-Isarvorstadt,48.137646,11.560234,Private room,1,0,,300,211.0,EUR per night,1.0211460932796321,0-2 km from Oktoberfest,,,
54180056,Ludwigsvorstadt-Isarvorstadt,48.137646,11.560234,Private room,1,0,,269,529.0,EUR per night,1.0211460932796321,0-2 km from Oktoberfest,,,
54180161,Ludwigsvorstadt-Isarvorstadt,48.137646,11.560234,Private room,1,0,,264,404.0,EUR per night,1.0211460932796321,0-2 km from Oktoberfest,,,
54237579,Ludwigsvorstadt-Isarvorstadt,48.13932,11.55964,Private room,1,25,0.47,155,93.0,EUR per night,1.1166675359108427,0-2 km from Oktoberfest,,,
54289883,Bogenhausen,48.16354,11.62943,Entire home/apt,4,0,,310,115.0,EUR per night,6.895169156932677,5-10 km from Oktoberfest,,,
54333532,Bogenhausen,48.15071,11.60692,Entire home/apt,4,41,0.8,43,130.0,EUR per night,4.746267099320107,2-5 km from Oktoberfest,,,
54343071,Obergiesing,48.11968,11.58249,Private room,1,37,1.02,111,109.0,EUR per night,2.800349740529305,2-5 km from Oktoberfest,,,
54347693,Ramersdorf-Perlach,48.10534,11.6189,Private room,1,37,0.75,343,130.0,EUR per night,5.938241532219932,5-10 km from Oktoberfest,,,
54352909,Moosach,48.180214,11.501107,Entire home/apt,1,50,0.93,286,100.0,EUR per night,6.461224214663408,5-10 km from Oktoberfest,,,
54363526,Moosach,48.180225,11.501053,Entire home/apt,1,6,0.13,283,129.0,EUR per night,6.464466996479017,5-10 km from Oktoberfest,,,
512180705246147427,Tudering-Riem,48.14023,11.6791,Private room,21,0,,276,46.0,EUR per night,9.661789822143502,5-10 km from Oktoberfest,,,
537488118145133694,Ludwigsvorstadt-Isarvorstadt,48.13927,11.56126,Private room,1,30,0.56,119,137.0,EUR per night,1.197153151034462,0-2 km from Oktoberfest,,,
548360084175142009,Thalkirchen-Obersendling-Forstenried-Fürstenried-Solln,48.097408,11.527628,Entire home/apt,1,14,0.37,354,264.0,EUR per night,4.164893501030473,2-5 km from Oktoberfest,,,
548390539359180723,Schwabing-West,48.16285,11.56848,Entire home/apt,240,0,,365,7.0,EUR per night,3.71842504910872,2-5 km from Oktoberfest,,,
558770988287860687,Bogenhausen,48.15294,11.61353,Private room,4,0,,364,120.0,EUR per night,5.295721115748757,5-10 km from Oktoberfest,,,
559383437015173348,Obergiesing,48.10347,11.59467,Private room,3,60,1.13,46,79.0,EUR per night,4.6083906174808895,2-5 km from Oktoberfest,,,
562811443013705157,Obergiesing,48.08571,11.59589,Private room,1,238,4.56,343,88.0,EUR per night,6.184071689776917,5-10 km from Oktoberfest,,,
563615263522802173,Untergiesing-Harlaching,48.10505294799805,11.564494132995604,Entire home/apt,7,6,0.13,158,194.0,EUR per night,3.1860086570828727,2-5 km from Oktoberfest,,,
564872281313688822,Maxvorstadt,48.15113679969958,11.575285302714615,Entire home/apt,10,7,0.13,252,92.0,EUR per night,2.869848257529521,2-5 km from Oktoberfest,,,
565069134749042939,Ludwigsvorstadt-Isarvorstadt,48.1324,11.58242,Entire home/apt,1,123,2.67,181,382.0,EUR per night,2.4437290731849965,2-5 km from Oktoberfest,,,
565148435260261648,Ludwigsvorstadt-Isarvorstadt,48.12659454345703,11.553213119506836,Entire home/apt,1,131,2.48,10,280.0,EUR per night,0.6511314535682687,0-2 km from Oktoberfest,,,
566278327673262838,Maxvorstadt,48.14552,11.56264,Entire home/apt,1,96,2.07,171,412.0,EUR per night,1.801202250134301,0-2 km from Oktoberfest,,,
567389345274342834,Obergiesing,48.11797,11.58283,Private room,2,8,0.24,241,116.0,EUR per night,2.918779099981897,2-5 km from Oktoberfest,,,
569316432979654002,Pasing-Obermenzing,48.16497,11.48699,Private room,5,1,0.05,358,91.0,EUR per night,5.918544959611279,5-10 km from Oktoberfest,,,
569411791929106557,Laim,48.13497,11.4945,Entire home/apt,14,2,0.08,95,107.0,EUR per night,4.095870837284762,2-5 km from Oktoberfest,,,
570112533741382280,Neuhausen-Nymphenburg,48.15345,11.51115,Entire home/apt,1,256,4.87,344,249.0,EUR per night,3.7200581898899383,2-5 km from Oktoberfest,,,
571503186354619249,Neuhausen-Nymphenburg,48.15934,11.54625,Entire home/apt,3,65,1.29,48,597.0,EUR per night,3.060701947420276,2-5 km from Oktoberfest,,,
571612771693772450,Sendling-Westpark,48.10940859999999,11.5161784,Entire home/apt,2,21,0.69,81,135.0,EUR per night,3.5174740201628314,2-5 km from Oktoberfest,,,
574361551287792827,Ramersdorf-Perlach,48.09852,11.62969,Private room,3,37,0.8,84,82.0,EUR per night,7.015424697956976,5-10 km from Oktoberfest,,,
577162537802001304,Sendling-Westpark,48.11427,11.53189,Private room,1,13,0.25,334,77.0,EUR per night,2.356185546791881,2-5 km from Oktoberfest,,,
578115417893039768,Ludwigsvorstadt-Isarvorstadt,48.13186,11.57521,Entire home/apt,3,25,0.59,19,250.0,EUR per night,1.9080350292542463,0-2 km from Oktoberfest,,,
579830024865658337,Sendling-Westpark,48.112862,11.527869,Private room,1,0,,365,550.0,EUR per night,2.6569477109060533,2-5 km from Oktoberfest,,,
580255648645094384,Laim,48.13376,11.51065,Entire home/apt,1,24,0.52,107,313.0,EUR per night,2.89055096802809,2-5 km from Oktoberfest,,,
585470894169371759,Sendling-Westpark,48.11193,11.52337,Entire home/apt,21,1,0.02,358,185.0,EUR per night,2.94836442606387,2-5 km from Oktoberfest,,,
587579749919567652,Obergiesing,48.11613186934652,11.592291674108452,Entire home/apt,2,12,0.45,223,104.0,EUR per night,3.628013380660279,2-5 km from Oktoberfest,,,
588224296705272706,Sendling,48.11676,11.53973,Private room,1,106,2.35,2,106.0,EUR per night,1.8330352255898696,0-2 km from Oktoberfest,,,
588357153425882216,Ludwigsvorstadt-Isarvorstadt,48.132622,11.577197,Entire home/apt,2,142,2.83,151,421.0,EUR per night,2.0570441185310706,2-5 km from Oktoberfest,,,
590436730348432253,Bogenhausen,48.15116,11.6156,Entire home/apt,1,22,0.43,117,68.0,EUR per night,5.351778754619315,5-10 km from Oktoberfest,,,
591957992259591189,Laim,48.13922,11.50419,Private room,6,9,0.19,62,43.0,EUR per night,3.459489614201638,2-5 km from Oktoberfest,,,
594008376655883856,Neuhausen-Nymphenburg,48.14959,11.53948,Entire home/apt,1,170,3.38,192,374.0,EUR per night,2.102859626333541,2-5 km from Oktoberfest,,,
596047131791200539,Ludwigsvorstadt-Isarvorstadt,48.13082,11.56537,Entire home/apt,28,2,0.06,338,58.0,EUR per night,1.1838872322016483,0-2 km from Oktoberfest,,,
596047768098496121,Ludwigsvorstadt-Isarvorstadt,48.13184,11.564453,Entire home/apt,28,10,0.2,259,58.0,EUR per night,1.1097351823231427,0-2 km from Oktoberfest,,,
598105060825139785,Untergiesing-Harlaching,48.0931510925293,11.554850578308104,Entire home/apt,5,1,0.03,344,190.0,EUR per night,4.326954528576936,2-5 km from Oktoberfest,,,
598458988194669392,Schwabing-West,48.15905624102455,11.579858103398932,Entire home/apt,180,7,0.14,267,14.0,EUR per night,3.7671530607055494,2-5 km from Oktoberfest,,,
600502056234369706,Obergiesing,48.11503,11.59367,Entire home/apt,2,0,,341,322.0,EUR per night,3.7772643621453104,2-5 km from Oktoberfest,,,
601395918713976971,Schwabing-West,48.17591,11.57397,Private room,90,1,0.05,365,17.0,EUR per night,5.21950515680233,5-10 km from Oktoberfest,,,
602133980245339931,Au-Haidhausen,48.13624,11.60304,Entire home/apt,2,35,0.74,141,166.0,EUR per night,4.002422895038218,2-5 km from Oktoberfest,,,
603271920772579526,Hadern,48.107445,11.47203,Private room,2,95,1.95,73,264.0,EUR per night,6.361199282528083,5-10 km from Oktoberfest,,,
604210636568243063,Aubing-Lochhausen-Langwied,48.13844,11.40843,Entire home/apt,5,13,0.26,259,100.0,EUR per night,10.493858385237198,10+ km from Oktoberfest,,,
604937049814744622,Neuhausen-Nymphenburg,48.15566,11.51269,Private room,1,172,3.36,65,61.0,EUR per night,3.799919857855055,2-5 km from Oktoberfest,,,
606391035061973464,Sendling-Westpark,48.11114,11.50375,Entire home/apt,3,10,0.2,146,206.0,EUR per night,4.1062444563692395,2-5 km from Oktoberfest,,,
607044384590842280,Ludwigsvorstadt-Isarvorstadt,48.13725,11.55492,Entire home/apt,182,114,2.25,266,38.0,EUR per night,0.7181054241376441,0-2 km from Oktoberfest,,,
607208708749057215,Obergiesing,48.11744,11.5816,Private room,4,13,0.26,256,55.0,EUR per night,2.8743699764045063,2-5 km from Oktoberfest,,,
607724748492694457,Pasing-Obermenzing,48.16945,11.4628,Private room,1,29,0.62,1,107.0,EUR per night,7.668362181270238,5-10 km from Oktoberfest,,,
609134295224647219,Schwabing-West,48.17549,11.57459,Private room,90,6,0.12,365,20.0,EUR per night,5.192055863426647,5-10 km from Oktoberfest,,,
610964368134388001,Tudering-Riem,48.1021819878714,11.68707014917947,Private room,2,4,0.27,363,147.0,EUR per night,10.73383059410023,10+ km from Oktoberfest,,,
612063565064615390,Tudering-Riem,48.13058,11.69001,Private room,1,25,0.53,268,136.0,EUR per night,10.428904529797267,10+ km from Oktoberfest,,,
613020591220661510,Sendling,48.12022,11.54854,Entire home/apt,2,26,0.56,238,261.0,EUR per night,1.3007098357990399,0-2 km from Oktoberfest,,,
613787499720392477,Au-Haidhausen,48.12922,11.60721,Entire home/apt,1,1,0.51,127,659.0,EUR per night,4.293327548988399,2-5 km from Oktoberfest,,,
614145977592461090,Maxvorstadt,48.14584,11.58053,Entire home/apt,3,14,0.3,78,624.0,EUR per night,2.7756679525405064,2-5 km from Oktoberfest,,,
615258737023736417,Thalkirchen-Obersendling-Forstenried-Fürstenried-Solln,48.0997,11.5423,Private room,1,18,0.39,178,92.0,EUR per night,3.620153064530786,2-5 km from Oktoberfest,,,
616307946510123733,Tudering-Riem,48.10768,11.66631,Private room,2,4,0.44,353,99.0,EUR per night,9.079531865967686,5-10 km from Oktoberfest,,,
616557679781455297,Schwanthalerhöhe,48.13293,11.53799,Entire home/apt,2,24,1.08,52,120.0,EUR per night,0.8618328456222699,0-2 km from Oktoberfest,,,
617263324128322687,Tudering-Riem,48.108181,11.665199,Private room,1,17,0.34,108,120.0,EUR per night,8.984254533016639,5-10 km from Oktoberfest,,,
618001486793926194,Ludwigsvorstadt-Isarvorstadt,48.120754,11.56269,Private room,1,46,1.99,57,118.0,EUR per night,1.57938778900086,0-2 km from Oktoberfest,,,
618678086362290288,Sendling-Westpark,48.109,11.51444,Entire home/apt,2,45,1.11,45,177.0,EUR per night,3.6410167289054822,2-5 km from Oktoberfest,,,
619465399740139813,Bogenhausen,48.15614,11.64212,Private room,30,137,2.72,202,83.0,EUR per night,7.38172113918852,5-10 km from Oktoberfest,,,
619665058460527771,Ludwigsvorstadt-Isarvorstadt,48.13633,11.55433,Entire home/apt,1,28,0.56,303,555.0,EUR per night,0.6091999392593844,0-2 km from Oktoberfest,,,
620841822062021441,Bogenhausen,48.14308,11.60952,Entire home/apt,1,35,0.71,18,385.0,EUR per night,4.624052556881809,2-5 km from Oktoberfest,,,
621554404818454763,Maxvorstadt,48.1450213,11.5812601,Private room,1,79,1.61,20,163.0,EUR per night,2.771805804989219,2-5 km from Oktoberfest,,,
622386049266568255,Untergiesing-Harlaching,48.1122,11.57259,Entire home/apt,13,3,0.07,86,203.0,EUR per night,2.781363314048753,2-5 km from Oktoberfest,,,
623963721992838175,Neuhausen-Nymphenburg,48.14723,11.52685,Private room,3,0,,358,156.0,EUR per night,2.393830579435193,2-5 km from Oktoberfest,,,
625836652071714887,Ramersdorf-Perlach,48.120655,11.607098,Entire home/apt,2,29,0.6,316,122.0,EUR per night,4.454126039212373,2-5 km from Oktoberfest,,,
625838199883941505,Ramersdorf-Perlach,48.120655,11.607098,Entire home/apt,2,151,3.05,329,90.0,EUR per night,4.454126039212373,2-5 km from Oktoberfest,,,
625839957237364688,Ramersdorf-Perlach,48.120655,11.607098,Entire home/apt,2,47,0.95,352,100.0,EUR per night,4.454126039212373,2-5 km from Oktoberfest,,,
625841067467674022,Ramersdorf-Perlach,48.120655,11.607098,Entire home/apt,2,394,7.95,353,81.0,EUR per night,4.454126039212373,2-5 km from Oktoberfest,,,
625841774684193666,Ramersdorf-Perlach,48.120655,11.607098,Entire home/apt,2,294,5.94,363,169.0,EUR per night,4.454126039212373,2-5 km from Oktoberfest,,,
625843602851162888,Ramersdorf-Perlach,48.120655,11.607098,Entire home/apt,2,76,1.54,359,92.0,EUR per night,4.454126039212373,2-5 km from Oktoberfest,,,
625963233596695814,Milbertshofen-Am Hart,48.1966259,11.5805548,Entire home/apt,1,0,,362,450.0,EUR per night,7.556748373397698,5-10 km from Oktoberfest,,,
627898666090203488,Ramersdorf-Perlach,48.11522,11.60525,Entire home/apt,2,64,1.44,250,140.0,EUR per night,4.534720338512536,2-5 km from Oktoberfest,,,
629649833835346715,Thalkirchen-Obersendling-Forstenried-Fürstenried-Solln,48.09382,11.4973,Private room,2,40,0.87,204,65.0,EUR per night,5.740025643157062,5-10 km from Oktoberfest,,,
630106977755573799,Allach-Untermenzing,48.20022,11.45759,Entire home/apt,1,0,,133,190.0,EUR per night,10.206642217642083,10+ km from Oktoberfest,,,
631001835515578288,Thalkirchen-Obersendling-Forstenried-Fürstenried-Solln,48.07803,11.4857,Entire home/apt,1,5,0.11,358,180.0,EUR per night,7.6369490433877925,5-10 km from Oktoberfest,,,
631738737772834725,Laim,48.13234,11.48495,Entire home/apt,7,12,0.25,42,417.0,EUR per night,4.790710662807704,2-5 km from Oktoberfest,,,
632612906357899523,Ludwigsvorstadt-Isarvorstadt,48.1294,11.5744,Entire home/apt,2,143,2.87,10,165.0,EUR per night,1.8687528873530674,0-2 km from Oktoberfest,,,
633075110649397300,Schwanthalerhöhe,48.138165,11.543962,Entire home/apt,2,19,0.41,348,200.0,EUR per night,0.8088249368826963,0-2 km from Oktoberfest,,,
634483968249859660,Bogenhausen,48.157627,11.62084,Private room,1,145,3.03,335,62.0,EUR per night,6.016660446825088,5-10 km from Oktoberfest,,,
635904152639441493,Sendling-Westpark,48.106495,11.516273,Private room,2,8,0.18,87,59.0,EUR per night,3.7501641725436783,2-5 km from Oktoberfest,,,
638055200106858218,Altstadt-Lehel,48.134312,11.584029,Entire home/apt,2,15,0.33,85,398.0,EUR per night,2.576455361725314,2-5 km from Oktoberfest,,,
638216578651062262,Neuhausen-Nymphenburg,48.153526,11.523548,Private room,4,22,0.45,335,50.0,EUR per night,3.0806589545728915,2-5 km from Oktoberfest,,,
639020061145005956,Schwabing-West,48.16142,11.57341,Entire home/apt,2,0,,263,380.0,EUR per night,3.73115010681156,2-5 km from Oktoberfest,,,
639054627890156300,Neuhausen-Nymphenburg,48.15143,11.50422,Private room,4,5,0.1,18,182.0,EUR per night,4.0004892731548924,2-5 km from Oktoberfest,,,
639077116548454902,Maxvorstadt,48.1543,11.56852,Entire home/apt,20,3,0.09,68,147.0,EUR per night,2.8627775323693703,2-5 km from Oktoberfest,,,
639573325293571834,Ludwigsvorstadt-Isarvorstadt,48.127823,11.55328,Entire home/apt,2,9,0.2,83,393.0,EUR per night,0.5331232277363204,0-2 km from Oktoberfest,,,
639776364358566361,Sendling,48.10622,11.54735,Entire home/apt,4,12,0.25,103,87.0,EUR per night,2.859942392570479,2-5 km from Oktoberfest,,,
639919493009204114,Thalkirchen-Obersendling-Forstenried-Fürstenried-Solln,48.08621,11.51511,Private room,2,94,2.0,236,51.0,EUR per night,5.686033095548305,5-10 km from Oktoberfest,,,
640367745831032271,Schwabing-West,48.1689319,11.5747877,Private room,5,12,0.24,12,67.0,EUR per night,4.524971025240291,2-5 km from Oktoberfest,,,
640963733727264669,Schwabing-Freimann,48.1751581,11.5870453,Entire home/apt,24,25,0.51,289,85.0,EUR per night,5.558253980864905,5-10 km from Oktoberfest,,,
642367329537863181,Ludwigsvorstadt-Isarvorstadt,48.1319,11.57969,Entire home/apt,1,404,8.17,45,156.0,EUR per night,2.2405055810278793,2-5 km from Oktoberfest,,,
644614654180612564,Feldmoching-Hasenbergl,48.19135,11.54954,Entire home/apt,2,141,2.87,186,402.0,EUR per night,6.610539054775681,5-10 km from Oktoberfest,,,
644615022041454113,Neuhausen-Nymphenburg,48.14941,11.53944,Entire home/apt,1,96,3.51,181,561.0,EUR per night,2.0852104206991435,2-5 km from Oktoberfest,,,
645292891511769266,Ramersdorf-Perlach,48.1218,11.60078,Entire home/apt,3,13,0.27,10,242.0,EUR per night,3.9682795793920653,2-5 km from Oktoberfest,,,
646342681660157360,Schwanthalerhöhe,48.13774,11.53057,Entire home/apt,7,67,1.37,30,155.0,EUR per night,1.5476123025963298,0-2 km from Oktoberfest,,,
646805525215314528,Maxvorstadt,48.15419,11.56582,Entire home/apt,4,12,0.24,352,530.0,EUR per night,2.758517273335848,2-5 km from Oktoberfest,,,
647870573246439944,Maxvorstadt,48.1537739,11.5755212,Entire home/apt,20,24,0.58,270,224.0,EUR per night,3.105410413797413,2-5 km from Oktoberfest,,,
649033829340099234,Ludwigsvorstadt-Isarvorstadt,48.12723,11.57283,Entire home/apt,4,24,0.52,175,273.0,EUR per night,1.8076708715506615,0-2 km from Oktoberfest,,,
649191063817185316,Moosach,48.1707,11.51188,Entire home/apt,14,0,,81,91.0,EUR per night,5.138347066198784,5-10 km from Oktoberfest,,,
649650126609199705,Ludwigsvorstadt-Isarvorstadt,48.13088,11.56478,Private room,21,8,0.18,285,61.0,EUR per night,1.139651356473943,0-2 km from Oktoberfest,,,
649744364883499078,Aubing-Lochhausen-Langwied,48.13909719999999,11.4094201,Entire home/apt,4,16,0.33,81,119.0,EUR per night,10.425850525731052,10+ km from Oktoberfest,,,
650468147371364206,Neuhausen-Nymphenburg,48.16452,11.5465,Entire home/apt,3,31,0.64,98,192.0,EUR per night,3.634000718636567,2-5 km from Oktoberfest,,,
650584952497875130,Aubing-Lochhausen-Langwied,48.13909719999999,11.4094201,Entire home/apt,6,5,0.11,76,107.0,EUR per night,10.425850525731052,10+ km from Oktoberfest,,,
651208320128628936,Aubing-Lochhausen-Langwied,48.1391,11.40942,Entire home/apt,5,10,0.21,267,110.0,EUR per night,10.425881545656589,10+ km from Oktoberfest,,,
651303485815881005,Maxvorstadt,48.1544,11.56075,Entire home/apt,3,18,0.39,10,324.0,EUR per night,2.637458720394155,2-5 km from Oktoberfest,,,
652073445061570411,Ludwigsvorstadt-Isarvorstadt,48.1376446,11.5602344,Private room,1,0,,296,456.0,EUR per night,1.021071862919994,0-2 km from Oktoberfest,,,
653608537785776864,Thalkirchen-Obersendling-Forstenried-Fürstenried-Solln,48.0979397,11.4951976,Private room,1,20,0.42,314,50.0,EUR per night,5.523693611309611,5-10 km from Oktoberfest,,,
653620689605866032,Thalkirchen-Obersendling-Forstenried-Fürstenried-Solln,48.09307,11.48968,Entire home/apt,6,12,0.26,178,512.0,EUR per night,6.194041858955563,5-10 km from Oktoberfest,,,
653782647196374568,Altstadt-Lehel,48.13438092406164,11.576589936770612,Entire home/apt,1,8,0.19,231,405.0,EUR per night,2.0292294096724506,2-5 km from Oktoberfest,,,
654029369241225654,Obergiesing,48.11683,11.58134,Entire home/apt,5,0,,88,195.0,EUR per night,2.8971027050888742,2-5 km from Oktoberfest,,,
654210296880294225,Aubing-Lochhausen-Langwied,48.13909719999999,11.4094201,Entire home/apt,5,2,0.04,267,110.0,EUR per night,10.425850525731052,10+ km from Oktoberfest,,,
655420743091208524,Thalkirchen-Obersendling-Forstenried-Fürstenried-Solln,48.08611,11.5153,Private room,2,73,1.58,237,63.0,EUR per night,5.689661994920145,5-10 km from Oktoberfest,,,
655743923182260348,Ramersdorf-Perlach,48.121597216964375,11.6012067720294,Private room,1,2,0.04,356,150.0,EUR per night,4.005068683097795,2-5 km from Oktoberfest,,,
656124497264144027,Maxvorstadt,48.14619,11.58253,Entire home/apt,5,14,0.29,14,244.0,EUR per night,2.9209424726092545,2-5 km from Oktoberfest,,,
656574540257593411,Pasing-Obermenzing,48.15251,11.47388,Private room,2,47,0.97,68,111.0,EUR per night,6.06087404084519,5-10 km from Oktoberfest,,,
660670220329913455,Feldmoching-Hasenbergl,48.20064,11.559639,Entire home/apt,28,3,0.62,361,71.0,EUR per night,7.68043724255967,5-10 km from Oktoberfest,,,
660672332789325289,Feldmoching-Hasenbergl,48.20064,11.559639,Entire home/apt,1,34,0.78,307,107.0,EUR per night,7.68043724255967,5-10 km from Oktoberfest,,,
660676201671890762,Feldmoching-Hasenbergl,48.20064,11.559639,Entire home/apt,28,1,0.03,356,68.0,EUR per night,7.68043724255967,5-10 km from Oktoberfest,,,
661466953652671736,Tudering-Riem,48.1329036,11.696764,Entire home/apt,1,75,2.09,61,94.0,EUR per night,10.929438282842892,10+ km from Oktoberfest,,,
662431906530357593,Schwabing-West,48.15856,11.56624,Private room,1,50,1.04,66,237.0,EUR per night,3.2141244794762125,2-5 km from Oktoberfest,,,
662456079604301009,Schwabing-West,48.15936,11.56638,Entire home/apt,1,23,0.53,20,230.0,EUR per night,3.30027375694957,2-5 km from Oktoberfest,,,
662624201991316546,Sendling-Westpark,48.10884,11.53458,Entire home/apt,1,66,1.38,81,182.0,EUR per night,2.793112627942094,2-5 km from Oktoberfest,,,
662793498552904867,Schwabing-Freimann,48.16698659316622,11.58650290220976,Entire home/apt,1,48,1.02,268,517.0,EUR per night,4.770462716756139,2-5 km from Oktoberfest,,,
663386133076300285,Au-Haidhausen,48.1262657,11.5799412,Entire home/apt,1,56,1.16,76,135.0,EUR per night,2.3445295796944063,2-5 km from Oktoberfest,,,
663552797289764277,Berg am Laim,48.12192,11.63128,Private room,3,3,0.07,86,117.0,EUR per night,6.170380264650207,5-10 km from Oktoberfest,,,
663827639070785498,Au-Haidhausen,48.12262,11.57928,Entire home/apt,3,14,0.31,169,193.0,EUR per night,2.439287267102507,2-5 km from Oktoberfest,,,
664160735706482127,Laim,48.13378,11.51112,Private room,1,2,0.06,262,134.0,EUR per night,2.855923114549815,2-5 km from Oktoberfest,,,
665041834462689115,Neuhausen-Nymphenburg,48.15647044316462,11.546725901358508,Private room,1,24,0.52,90,112.0,EUR per night,2.7398507274899058,2-5 km from Oktoberfest,,,
665058038016176894,Schwanthalerhöhe,48.137103958720594,11.544193900553644,Entire home/apt,180,0,,358,18.0,EUR per night,0.6999217984665842,0-2 km from Oktoberfest,,,
665236285077358947,Sendling,48.12078,11.54324,Private room,1,148,3.23,88,70.0,EUR per night,1.320901063966664,0-2 km from Oktoberfest,,,
666059250398677183,Milbertshofen-Am Hart,48.17632,11.56565,Private room,2,23,0.5,25,103.0,EUR per night,5.082494268266258,5-10 km from Oktoberfest,,,
666511391776593724,Ludwigsvorstadt-Isarvorstadt,48.1369,11.5647,Entire home/apt,3,95,2.0,206,193.0,EUR per night,1.257565064884182,0-2 km from Oktoberfest,,,
666674827979735838,Bogenhausen,48.16602049999999,11.641111,Entire home/apt,200,4,0.09,253,15.0,EUR per night,7.7837797763039855,5-10 km from Oktoberfest,,,
667890018320085702,Schwanthalerhöhe,48.13734,11.53655,Entire home/apt,2,10,0.22,282,633.0,EUR per night,1.1355405163521437,0-2 km from Oktoberfest,,,
668612191227491920,Pasing-Obermenzing,48.15103901950768,11.465029084655772,Private room,1,58,1.25,256,130.0,EUR per night,6.619162070581815,5-10 km from Oktoberfest,,,
668684994432589763,Ludwigsvorstadt-Isarvorstadt,48.1294497,11.560739,Entire home/apt,2,8,0.17,264,642.0,EUR per night,0.8774775420886014,0-2 km from Oktoberfest,,,
668793177240456615,Untergiesing-Harlaching,48.10301,11.57685,Entire home/apt,7,0,,364,141.0,EUR per night,3.8002381907050844,2-5 km from Oktoberfest,,,
669271070006498094,Feldmoching-Hasenbergl,48.19145,11.54956,Entire home/apt,2,128,2.67,211,426.0,EUR per night,6.62165937711873,5-10 km from Oktoberfest,,,
669856374083271026,Pasing-Obermenzing,48.14584,11.47307,Entire home/apt,3,5,0.11,47,71.0,EUR per night,5.879378245405371,5-10 km from Oktoberfest,,,
669954685462252421,Pasing-Obermenzing,48.16434,11.48025,Entire home/apt,2,10,0.21,5,140.0,EUR per night,6.2775144488191446,5-10 km from Oktoberfest,,,
670686350793482345,Laim,48.14163184016196,11.516586035534685,Private room,1,105,2.2,115,105.0,EUR per night,2.6714167823063146,2-5 km from Oktoberfest,,,
671177434271544588,Sendling-Westpark,48.10739419999999,11.5087723,Entire home/apt,7,11,0.24,65,109.0,EUR per night,4.07005294720901,2-5 km from Oktoberfest,,,
672664148273626399,Ludwigsvorstadt-Isarvorstadt,48.12565,11.55084,Entire home/apt,1,37,0.81,163,247.0,EUR per night,0.7020481856272262,0-2 km from Oktoberfest,,,
673084932746290300,Ramersdorf-Perlach,48.12131,11.59768,Entire home/apt,10,1,0.02,315,128.0,EUR per night,3.764868099301558,2-5 km from Oktoberfest,,,
673964287276447019,Sendling-Westpark,48.1224,11.53203,Private room,1,117,2.45,78,81.0,EUR per night,1.6724616314576186,0-2 km from Oktoberfest,,,
674490521866355983,Obergiesing,48.11502,11.57889,Entire home/apt,135,1,0.02,275,14.0,EUR per night,2.8778343179812085,2-5 km from Oktoberfest,,,
675015223477846292,Ludwigsvorstadt-Isarvorstadt,48.12744358573614,11.55821766704321,Entire home/apt,2,9,0.2,283,330.0,EUR per night,0.8149572470814989,0-2 km from Oktoberfest,,,
675664525995008309,Bogenhausen,48.16001,11.6203,Entire home/apt,1,170,3.65,250,302.0,EUR per night,6.112499692251445,5-10 km from Oktoberfest,,,
677973794776972793,Hadern,48.11551799999999,11.4739483,Entire home/apt,14,5,0.1,44,81.0,EUR per night,5.896286354503482,5-10 km from Oktoberfest,,,
678085095618818312,Allach-Untermenzing,48.19378,11.4539,Private room,1,7,0.15,119,118.0,EUR per night,9.880296898182626,5-10 km from Oktoberfest,,,
678085419833647226,Allach-Untermenzing,48.1924,11.4531,Private room,1,9,0.19,153,101.0,EUR per night,9.817253071613548,5-10 km from Oktoberfest,,,
678085581338303587,Allach-Untermenzing,48.19216,11.45509,Private room,1,19,0.4,143,118.0,EUR per night,9.691825802830294,5-10 km from Oktoberfest,,,
679571008354602846,Ludwigsvorstadt-Isarvorstadt,48.12815579999999,11.5748691,Entire home/apt,1,6,0.13,12,942.0,EUR per night,1.92828041282494,0-2 km from Oktoberfest,,,
680280480155578420,Aubing-Lochhausen-Langwied,48.15941,11.41599,Entire home/apt,1,12,0.26,351,343.0,EUR per night,10.3671594838265,10+ km from Oktoberfest,,,
681028353622713149,Milbertshofen-Am Hart,48.184317500026765,11.551060398950217,Entire home/apt,7,3,0.06,247,191.0,EUR per night,5.829709174523747,5-10 km from Oktoberfest,,,
681167154686249064,Maxvorstadt,48.147469343768094,11.5541286465576,Entire home/apt,2,183,3.84,4,278.0,EUR per night,1.7649720627366838,0-2 km from Oktoberfest,,,
681609043999497384,Neuhausen-Nymphenburg,48.16184356238209,11.541242135662806,Entire home/apt,4,11,0.24,14,615.0,EUR per night,3.3854705976181028,2-5 km from Oktoberfest,,,
681667416110895630,Ludwigsvorstadt-Isarvorstadt,48.13804,11.55432,Entire home/apt,1,21,0.46,11,143.0,EUR per night,0.7707594228594515,0-2 km from Oktoberfest,,,
682422826489511023,Maxvorstadt,48.1505482,11.5580708,Private room,1,124,2.61,345,102.0,EUR per night,2.1689150831502273,2-5 km from Oktoberfest,,,
682444133137031830,Maxvorstadt,48.14954,11.55706,Private room,1,150,3.2,349,100.0,EUR per night,2.0401155489172136,2-5 km from Oktoberfest,,,
682580194680086257,Allach-Untermenzing,48.19421,11.45314,Private room,1,1,0.02,165,177.0,EUR per night,9.954026959639577,5-10 km from Oktoberfest,,,
683002873845872545,Schwabing-Freimann,48.16274,11.58871,Entire home/apt,1,37,0.78,17,319.0,EUR per night,4.496917157103128,2-5 km from Oktoberfest,,,
683068910904406598,Ludwigsvorstadt-Isarvorstadt,48.12094,11.56107,Entire home/apt,2,7,0.15,19,562.0,EUR per night,1.4908582872296259,0-2 km from Oktoberfest,,,
683259913103967588,Altstadt-Lehel,48.13898,11.5747,Private room,1,155,3.27,319,962.0,EUR per night,2.02900720409465,2-5 km from Oktoberfest,,,
683412127324713177,Obergiesing,48.10704,11.58362,Private room,1,4,0.09,251,55.0,EUR per night,3.749179698251276,2-5 km from Oktoberfest,,,
684423514116339521,Maxvorstadt,48.1522264,11.5810651,Entire home/apt,2,17,0.37,250,526.0,EUR per night,3.254822462374149,2-5 km from Oktoberfest,,,
684482569864561487,Untergiesing-Harlaching,48.1159781,11.5703825,Entire home/apt,2,16,0.34,176,350.0,EUR per night,2.3530723845759325,2-5 km from Oktoberfest,,,
684653366807377770,Pasing-Obermenzing,48.14452,11.48333,Private room,2,2,2.0,181,75.0,EUR per night,5.106692970892927,5-10 km from Oktoberfest,,,
684841146298103525,Feldmoching-Hasenbergl,48.21191,11.56076,Entire home/apt,3,25,0.53,167,135.0,EUR per night,8.935803911310721,5-10 km from Oktoberfest,,,
686819016094075512,Milbertshofen-Am Hart,48.20266,11.58434,Entire home/apt,1,66,1.43,319,136.0,EUR per night,8.281541829502663,5-10 km from Oktoberfest,,,
686916663792958327,Laim,48.14118,11.51035,Private room,1,48,1.02,8,60.0,EUR per night,3.0830112550257405,2-5 km from Oktoberfest,,,
686974970656257449,Schwanthalerhöhe,48.13692,11.54709,Entire home/apt,2,32,0.7,18,189.0,EUR per night,0.5861496559202557,0-2 km from Oktoberfest,,,
687331847606142096,Sendling,48.11112,11.54852,Entire home/apt,1,11,0.24,151,118.0,EUR per night,2.311775365070293,2-5 km from Oktoberfest,,,
687745523977035372,Au-Haidhausen,48.13298,11.60388,Private room,1,66,1.45,231,114.0,EUR per night,4.037474040949624,2-5 km from Oktoberfest,,,
688099158969955735,Schwabing-West,48.16477,11.56944,Entire home/apt,2,30,0.64,158,123.0,EUR per night,3.943008445451571,2-5 km from Oktoberfest,,,
688115832976654973,Ramersdorf-Perlach,48.09691,11.62995,Entire home/apt,1,60,1.27,334,139.0,EUR per night,7.128007792967678,5-10 km from Oktoberfest,,,
688294502317227946,Laim,48.13548,11.50835,Private room,5,13,0.28,64,94.0,EUR per night,3.0796156568911797,2-5 km from Oktoberfest,,,
688893432903046161,Au-Haidhausen,48.12938,11.58557,Private room,1,5,0.11,87,165.0,EUR per night,2.691572333530843,2-5 km from Oktoberfest,,,
689645858660722141,Au-Haidhausen,48.12808,11.6033,Entire home/apt,5,0,,178,239.0,EUR per night,4.015364805697962,2-5 km from Oktoberfest,,,
689877258538771558,Tudering-Riem,48.11564,11.6999,Entire home/apt,2,6,0.13,148,305.0,EUR per night,11.308941544131002,10+ km from Oktoberfest,,,
690331522072477225,Au-Haidhausen,48.13035,11.60146,Entire home/apt,30,9,0.19,88,141.0,EUR per night,3.8600413456459925,2-5 km from Oktoberfest,,,
690382188053298375,Untergiesing-Harlaching,48.10442,11.56028,Entire home/apt,2,12,0.26,341,130.0,EUR per night,3.158685147124378,2-5 km from Oktoberfest,,,
690413466249289852,Maxvorstadt,48.15524,11.56388,Entire home/apt,3,1,0.02,78,201.0,EUR per night,2.806047956474383,2-5 km from Oktoberfest,,,
690468530641188230,Bogenhausen,48.13966,11.61545,Entire home/apt,1,12,0.27,179,177.0,EUR per night,4.969495646740606,2-5 km from Oktoberfest,,,
691091051259663269,Au-Haidhausen,48.12112,11.57763,Entire home/apt,1,84,1.82,289,209.0,EUR per night,2.4074744225797704,2-5 km from Oktoberfest,,,
691305155300767202,Pasing-Obermenzing,48.1669254,11.4794677,Entire home/apt,1,17,0.37,329,143.0,EUR per night,6.493243364710928,5-10 km from Oktoberfest,,,
691741663093969627,Maxvorstadt,48.1517837,11.5730532,Entire home/apt,1,13,0.28,29,570.0,EUR per night,2.8182570975043006,2-5 km from Oktoberfest,,,
691816929731030371,Schwabing-Freimann,48.1614,11.58847,Entire home/apt,2,15,0.32,82,177.0,EUR per night,4.3725826997322255,2-5 km from Oktoberfest,,,
691834145184013698,Moosach,48.1819864,11.5241179,Entire home/apt,8,17,0.36,347,173.0,EUR per night,5.878991610590772,5-10 km from Oktoberfest,,,
691940654210304477,Bogenhausen,48.16617,11.64816,Entire home/apt,1,120,2.72,157,494.0,EUR per night,8.252002258946007,5-10 km from Oktoberfest,,,
693167070566352002,Altstadt-Lehel,48.14112555508612,11.587698496878147,Entire home/apt,3,41,0.89,208,279.0,EUR per night,3.014504076914623,2-5 km from Oktoberfest,,,
693278821497321377,Untergiesing-Harlaching,48.1138096,11.5706211,Private room,1,70,1.5,324,111.0,EUR per night,2.5503345961667327,2-5 km from Oktoberfest,,,
693329205257742145,Laim,48.13883,11.51723,Entire home/apt,2,99,2.11,118,351.0,EUR per night,2.5156354030523254,2-5 km from Oktoberfest,,,
693373852390117745,Neuhausen-Nymphenburg,48.15097,11.5439,Private room,1,15,0.39,315,171.0,EUR per night,2.160815064029543,2-5 km from Oktoberfest,,,
693943177179565277,Sendling-Westpark,48.13388628204588,11.524400040507317,Entire home/apt,1,22,0.48,32,340.0,EUR per night,1.8757681896088005,0-2 km from Oktoberfest,,,
694071866611341963,Untergiesing-Harlaching,48.10491184876706,11.56126532703638,Entire home/apt,1,57,1.22,126,152.0,EUR per night,3.125453347160506,2-5 km from Oktoberfest,,,
694725580487544329,Untergiesing-Harlaching,48.1076973171496,11.571259355115837,Entire home/apt,1,0,,251,58.0,EUR per night,3.1387213172835375,2-5 km from Oktoberfest,,,
694891546942678608,Sendling,48.11871,11.5403,Entire home/apt,1,13,0.29,86,113.0,EUR per night,1.6178323234721381,0-2 km from Oktoberfest,,,
695256500807515105,Maxvorstadt,48.15111,11.57916,Entire home/apt,1,1,0.02,360,400.0,EUR per night,3.0669327241563797,2-5 km from Oktoberfest,,,
695304762846281333,Sendling-Westpark,48.12704,11.53325,Private room,2,14,0.3,13,63.0,EUR per night,1.3215672157421647,0-2 km from Oktoberfest,,,
695341053020233552,Ludwigsvorstadt-Isarvorstadt,48.12073,11.55987,Entire home/apt,1,61,1.32,4,236.0,EUR per night,1.4611931184602833,0-2 km from Oktoberfest,,,
695485232873926125,Neuhausen-Nymphenburg,48.15375,11.50916,Private room,1,68,1.47,111,95.0,EUR per night,3.855108414662062,2-5 km from Oktoberfest,,,
695501849352958176,Ludwigsvorstadt-Isarvorstadt,48.12691,11.5467,Entire home/apt,14,1,0.02,17,146.0,EUR per night,0.5925003972742868,0-2 km from Oktoberfest,,,
696137033366599412,Aubing-Lochhausen-Langwied,48.13909719999999,11.4094201,Entire home/apt,6,17,0.37,75,107.0,EUR per night,10.425850525731052,10+ km from Oktoberfest,,,
696150541232012680,Aubing-Lochhausen-Langwied,48.13909719999999,11.4094201,Entire home/apt,6,13,0.33,72,105.0,EUR per night,10.425850525731052,10+ km from Oktoberfest,,,
696189590220701428,Ludwigsvorstadt-Isarvorstadt,48.1297204,11.5698529,Entire home/apt,3,9,0.19,25,191.0,EUR per night,1.5298119891296544,0-2 km from Oktoberfest,,,
696877291342569596,Altstadt-Lehel,48.14601,11.59226,Entire home/apt,3,27,0.58,25,291.0,EUR per night,3.5396528064503263,2-5 km from Oktoberfest,,,
697430348487556979,Moosach,48.17930437270371,11.521277613937857,Private room,1,29,0.63,175,87.0,EUR per night,5.671646237535995,5-10 km from Oktoberfest,,,
697610818091899022,Ludwigsvorstadt-Isarvorstadt,48.12925,11.56886,Entire home/apt,3,0,,336,233.0,EUR per night,1.4667149147074856,0-2 km from Oktoberfest,,,
698273767564570497,Maxvorstadt,48.14376578441641,11.561005240427724,Entire home/apt,1,12,0.49,234,130.0,EUR per night,1.5715398215807448,0-2 km from Oktoberfest,,,
698367448861811786,Feldmoching-Hasenbergl,48.1942647,11.556073,Entire home/apt,3,0,,342,183.0,EUR per night,6.951753196926141,5-10 km from Oktoberfest,,,
698387757281300486,Bogenhausen,48.15798,11.61043,Entire home/apt,2,13,0.28,352,850.0,EUR per night,5.370878551193956,5-10 km from Oktoberfest,,,
698568383281912104,Sendling,48.11742,11.53882,Entire home/apt,1,3,0.07,178,540.0,EUR per night,1.7946649756630326,0-2 km from Oktoberfest,,,
698804264950813765,Sendling,48.1060345,11.5396032,Entire home/apt,2,8,0.21,6,400.0,EUR per night,2.9684590842332472,2-5 km from Oktoberfest,,,
698978815470951228,Ramersdorf-Perlach,48.10584,11.65637,Entire home/apt,5,0,,90,195.0,EUR per night,8.44586809531194,5-10 km from Oktoberfest,,,
699021373415422407,Sendling-Westpark,48.11918680090041,11.52570686560669,Private room,2,27,0.58,127,102.0,EUR per night,2.2621028101430567,2-5 km from Oktoberfest,,,
699307546485235746,Ludwigsvorstadt-Isarvorstadt,48.13975,11.54886,Entire home/apt,2,19,0.44,2,148.0,EUR per night,0.8741712557823463,0-2 km from Oktoberfest,,,
699748530478265605,Ludwigsvorstadt-Isarvorstadt,48.13595280000001,11.5631559,Private room,1,1,0.65,23,79.0,EUR per night,1.1090943755745468,0-2 km from Oktoberfest,,,
699845096194793531,Ramersdorf-Perlach,48.121923136022914,11.60309072698364,Entire home/apt,2,7,0.15,179,155.0,EUR per night,4.129352807144599,2-5 km from Oktoberfest,,,
699927086469542434,Obergiesing,48.11296,11.59158,Private room,1,1,0.03,270,165.0,EUR per night,3.767160340741042,2-5 km from Oktoberfest,,,
700019215450926726,Aubing-Lochhausen-Langwied,48.1829226123925,11.404650084655756,Entire home/apt,2,2,0.04,180,473.0,EUR per night,12.150383963394221,10+ km from Oktoberfest,,,
700052649141086047,Pasing-Obermenzing,48.14295,11.48899,Entire home/apt,90,15,0.32,332,50.0,EUR per night,4.6552540653127314,2-5 km from Oktoberfest,,,
700547799245195970,Aubing-Lochhausen-Langwied,48.15625379999999,11.4276853,Entire home/apt,180,0,,364,11.0,EUR per night,9.43512189762299,5-10 km from Oktoberfest,,,
700739242334334727,Sendling,48.1254974784195,11.5431322529912,Entire home/apt,4,4,0.09,303,364.0,EUR per night,0.8545140452583623,0-2 km from Oktoberfest,,,
701160313688450665,Ludwigsvorstadt-Isarvorstadt,48.1318409,11.564453,Entire home/apt,21,11,0.26,250,67.0,EUR per night,1.1097345754602812,0-2 km from Oktoberfest,,,
701200998888750282,Neuhausen-Nymphenburg,48.15628,11.55351,Private room,1,126,2.74,35,115.0,EUR per night,2.7272101875797072,2-5 km from Oktoberfest,,,
701272811216526704,Bogenhausen,48.16632,11.64275,Private room,1,61,1.31,30,150.0,EUR per night,7.906225225379332,5-10 km from Oktoberfest,,,
701311457778384975,Schwabing-Freimann,48.1592292,11.5912834,Entire home/apt,4,0,,159,313.0,EUR per night,4.3410985202463594,2-5 km from Oktoberfest,,,
702569876959787652,Maxvorstadt,48.15304,11.56223,Entire home/apt,7,0,,240,338.0,EUR per night,2.533331427406752,2-5 km from Oktoberfest,,,
702738438432728146,Ludwigsvorstadt-Isarvorstadt,48.12686014458635,11.549637654492209,Entire home/apt,2,27,0.59,347,202.0,EUR per night,0.560499468119777,0-2 km from Oktoberfest,,,
702880342946745150,Tudering-Riem,48.11722,11.6492,Entire home/apt,2,15,0.33,166,166.0,EUR per night,7.578037678096998,5-10 km from Oktoberfest,,,
703627063892969531,Neuhausen-Nymphenburg,48.1619,11.54032,Private room,1,2,0.04,289,151.0,EUR per night,3.404666164888693,2-5 km from Oktoberfest,,,
704357827371231800,Sendling-Westpark,48.1203504,11.534113,Private room,2,44,0.96,245,164.0,EUR per night,1.7186033779571521,0-2 km from Oktoberfest,,,
704689468710217202,Neuhausen-Nymphenburg,48.16806955596576,11.51999182999134,Entire home/apt,1,9,0.2,45,830.0,EUR per night,4.579055680363427,2-5 km from Oktoberfest,,,
704773355713791100,Thalkirchen-Obersendling-Forstenried-Fürstenried-Solln,48.072317915958976,11.520177908241749,Entire home/apt,1,20,0.43,171,129.0,EUR per night,6.9738436274270015,5-10 km from Oktoberfest,,,
704904411623721965,Laim,48.14333,11.50917,Private room,1,40,0.86,74,95.0,EUR per night,3.2513953184285116,2-5 km from Oktoberfest,,,
705140153309238576,Sendling,48.10957,11.54986,Entire home/apt,1,22,0.48,231,112.0,EUR per night,2.483126506833812,2-5 km from Oktoberfest,,,
705525787765110202,Maxvorstadt,48.15531,11.56298,Entire home/apt,3,6,0.13,123,315.0,EUR per night,2.7886071966890995,2-5 km from Oktoberfest,,,
705834667809569948,Schwabing-West,48.17237,11.56638,Private room,3,86,1.87,30,64.0,EUR per night,4.671039310790887,2-5 km from Oktoberfest,,,
706319502567300882,Ludwigsvorstadt-Isarvorstadt,48.13857,11.55064,Private room,1,14,0.32,87,110.0,EUR per night,0.7464793576128361,0-2 km from Oktoberfest,,,
706415229184395734,Allach-Untermenzing,48.18132,11.48833,Entire home/apt,1,87,1.9,217,237.0,EUR per night,7.126450660313086,5-10 km from Oktoberfest,,,
707173026379442122,Schwabing-West,48.15852,11.57836,Private room,1,23,0.5,89,82.0,EUR per night,3.653298347244821,2-5 km from Oktoberfest,,,
707267622726541111,Obergiesing,48.0955881211318,11.591547466814518,Private room,1,200,4.32,121,59.0,EUR per night,5.103658972196189,5-10 km from Oktoberfest,,,
707718509401652660,Au-Haidhausen,48.1275,11.60345,Entire home/apt,3,113,2.46,213,178.0,EUR per night,4.033770887912519,2-5 km from Oktoberfest,,,
707749222102625825,Obergiesing,48.114776472079136,11.576489545404913,Private room,1,200,4.31,68,61.0,EUR per night,2.763820807985327,2-5 km from Oktoberfest,,,
707814204472395435,Schwabing-West,48.173,11.56544,Private room,1,35,0.76,182,111.0,EUR per night,4.7206144349481365,2-5 km from Oktoberfest,,,
707866434286631908,Maxvorstadt,48.14965,11.57798,Entire home/apt,4,0,,97,300.0,EUR per night,2.8915901688767094,2-5 km from Oktoberfest,,,
707881838901195531,Schwanthalerhöhe,48.13230961047135,11.543378429005523,Entire home/apt,1,14,0.3,188,863.0,EUR per night,0.45657886309383805,0-2 km from Oktoberfest,,,
707943659446890522,Berg am Laim,48.12463,11.64748,Entire home/apt,2,58,1.26,34,167.0,EUR per night,7.316747264435812,5-10 km from Oktoberfest,,,
707966018517044256,Sendling-Westpark,48.11835,11.52369,Entire home/apt,1,2,0.04,316,156.0,EUR per night,2.437219118854392,2-5 km from Oktoberfest,,,
708455798084394916,Schwabing-West,48.16229,11.56505,Private room,1,0,,365,215.0,EUR per night,3.5707225867047416,2-5 km from Oktoberfest,,,
708548535736960964,Schwabing-West,48.16439,11.56591,Private room,1,1,0.02,365,215.0,EUR per night,3.812344821723093,2-5 km from Oktoberfest,,,
708560362776220641,Schwabing-West,48.16247,11.56478,Entire home/apt,1,1,0.02,355,660.0,EUR per night,3.58328164695821,2-5 km from Oktoberfest,,,
708593384636263136,Neuhausen-Nymphenburg,48.15865,11.54544,Entire home/apt,7,6,0.13,211,296.0,EUR per night,2.989678293078106,2-5 km from Oktoberfest,,,
708614083576374858,Feldmoching-Hasenbergl,48.21194,11.53262,Private room,2,3,0.07,176,58.0,EUR per night,8.987636863866635,5-10 km from Oktoberfest,,,
708669864587698599,Feldmoching-Hasenbergl,48.2130209,11.5328234,Private room,2,28,0.61,246,58.0,EUR per night,9.104608683379174,5-10 km from Oktoberfest,,,
708693388575862359,Untergiesing-Harlaching,48.1078,11.57386,Entire home/apt,4,4,0.09,322,388.0,EUR per night,3.2328220177644296,2-5 km from Oktoberfest,,,
708840413498212109,Altstadt-Lehel,48.13475,11.57622,Entire home/apt,5,32,0.76,78,304.0,EUR per night,2.0080934603366356,2-5 km from Oktoberfest,,,
709286651556348060,Schwanthalerhöhe,48.13482560000001,11.5342925,Entire home/apt,3,1,0.03,362,417.0,EUR per night,1.1745200314544728,0-2 km from Oktoberfest,,,
709330602111597293,Milbertshofen-Am Hart,48.20820466673543,11.567638590931894,Private room,1,6,0.13,364,150.0,EUR per night,8.590655567749696,5-10 km from Oktoberfest,,,
709359914282699853,Schwabing-West,48.1680139,11.5656786,Private room,1,247,5.34,122,97.0,EUR per night,4.1912171679496595,2-5 km from Oktoberfest,,,
709784334309884184,Obergiesing,48.09934,11.58775,Entire home/apt,3,11,0.24,140,402.0,EUR per night,4.601217760362878,2-5 km from Oktoberfest,,,
709917667841580535,Schwanthalerhöhe,48.13637,11.54792,Entire home/apt,2,113,2.46,3,460.0,EUR per night,0.5106840126854195,0-2 km from Oktoberfest,,,
709990799654609304,Schwanthalerhöhe,48.13859082254567,11.541903803704823,Entire home/apt,3,9,0.2,165,252.0,EUR per night,0.9334217680266154,0-2 km from Oktoberfest,,,
710288717041092923,Schwabing-Freimann,48.19153,11.61902,Entire home/apt,2,1,0.07,266,318.0,EUR per night,8.399519474778158,5-10 km from Oktoberfest,,,
710478386849484041,Au-Haidhausen,48.13671,11.60554,Entire home/apt,2,43,0.93,245,195.0,EUR per night,4.1929816103452895,2-5 km from Oktoberfest,,,
710589083114119968,Laim,48.14019,11.5119,Private room,2,11,0.24,87,120.0,EUR per night,2.9385294542031435,2-5 km from Oktoberfest,,,
710765754007462839,Sendling-Westpark,48.1088,11.51516,Private room,1,26,0.56,49,58.0,EUR per night,3.6187637573356426,2-5 km from Oktoberfest,,,
710823823883270248,Sendling-Westpark,48.11366,11.52344,Entire home/apt,2,2,0.04,179,211.0,EUR per night,2.8027265469704754,2-5 km from Oktoberfest,,,
711200430750123152,Untergiesing-Harlaching,48.10402,11.57232,Private room,2,24,0.52,346,90.0,EUR per night,3.532758962184699,2-5 km from Oktoberfest,,,
711223498069107789,Berg am Laim,48.13392,11.62975,Private room,1,3,0.08,365,270.0,EUR per night,5.959750221031003,5-10 km from Oktoberfest,,,
712090803826596133,Laim,48.13002,11.49238,Entire home/apt,1,44,0.96,47,283.0,EUR per night,4.244303928662484,2-5 km from Oktoberfest,,,
712145510609059121,Pasing-Obermenzing,48.14267267515156,11.444552368881949,Entire home/apt,2,37,0.81,94,101.0,EUR per night,7.879299849321832,5-10 km from Oktoberfest,,,
712205639416305924,Aubing-Lochhausen-Langwied,48.14868,11.43298,Entire home/apt,15,0,,179,170.0,EUR per night,8.844983529845114,5-10 km from Oktoberfest,,,
712260737400314324,Allach-Untermenzing,48.18474,11.4716,Entire home/apt,2,59,1.32,63,87.0,EUR per night,8.240764866914594,5-10 km from Oktoberfest,,,
712399771437821646,Ludwigsvorstadt-Isarvorstadt,48.12805,11.55795,Private room,2,17,0.4,49,141.0,EUR per night,0.7593148393269041,0-2 km from Oktoberfest,,,
712856155637445438,Thalkirchen-Obersendling-Forstenried-Fürstenried-Solln,48.094091404521066,11.500327357602703,Private room,1,297,6.42,60,58.0,EUR per night,5.567913587407225,5-10 km from Oktoberfest,,,
712955221621858202,Pasing-Obermenzing,48.1676703,11.4811042,Entire home/apt,1,28,0.61,122,146.0,EUR per night,6.447250529125539,5-10 km from Oktoberfest,,,
713089752039554424,Milbertshofen-Am Hart,48.20522649999999,11.5757825,Private room,1,14,0.31,243,120.0,EUR per night,8.383269576097408,5-10 km from Oktoberfest,,,
713123884225278154,Ludwigsvorstadt-Isarvorstadt,48.13303,11.57887,Private room,4,19,0.49,231,106.0,EUR per night,2.183245244039656,2-5 km from Oktoberfest,,,
713446895260147249,Ludwigsvorstadt-Isarvorstadt,48.13006,11.5778,Entire home/apt,58,6,0.13,364,182.0,EUR per night,2.110221648434763,2-5 km from Oktoberfest,,,
713468136268013695,Tudering-Riem,48.11141481736927,11.69789909241361,Private room,2,1,0.02,240,77.0,EUR per night,11.248460665811999,10+ km from Oktoberfest,,,
713526524557501046,Schwanthalerhöhe,48.13614,11.54582,Entire home/apt,10,7,0.15,87,320.0,EUR per night,0.5448497095511857,0-2 km from Oktoberfest,,,
713527372319769668,Bogenhausen,48.13993,11.60754,Entire home/apt,1,56,1.22,190,110.0,EUR per night,4.398594943244642,2-5 km from Oktoberfest,,,
713551138760903753,Ludwigsvorstadt-Isarvorstadt,48.12533,11.56635,Entire home/apt,30,0,,297,61.0,EUR per night,1.448326038202676,0-2 km from Oktoberfest,,,
713605649834149391,Ludwigsvorstadt-Isarvorstadt,48.13031,11.56403,Private room,1,18,0.39,90,99.0,EUR per night,1.0927364356251534,0-2 km from Oktoberfest,,,
713688388270509642,Bogenhausen,48.1469408,11.6301373,Private room,1,2,0.13,364,295.0,EUR per night,6.212840827687002,5-10 km from Oktoberfest,,,
713759107162185518,Schwabing-Freimann,48.17723952828993,11.586770958660706,Entire home/apt,2,16,0.35,253,371.0,EUR per night,5.74987171743257,5-10 km from Oktoberfest,,,
713831910908047117,Obergiesing,48.114721610851326,11.58472191542387,Entire home/apt,1,15,0.33,328,334.0,EUR per night,3.2378462509704655,2-5 km from Oktoberfest,,,
714225941932738563,Bogenhausen,48.1461367,11.6347466,Entire home/apt,3,13,0.28,102,166.0,EUR per night,6.520651393848545,5-10 km from Oktoberfest,,,
714259941530149345,Schwabing-West,48.16789,11.56325,Entire home/apt,3,36,0.84,5,107.0,EUR per night,4.129867535769679,2-5 km from Oktoberfest,,,
714303993609674765,Milbertshofen-Am Hart,48.2052491851337,11.56825415790081,Private room,1,8,0.18,178,143.0,EUR per night,8.273792469736481,5-10 km from Oktoberfest,,,
714399966126972853,Ludwigsvorstadt-Isarvorstadt,48.12663,11.5711,Entire home/apt,2,8,0.18,188,330.0,EUR per night,1.70683998756712,0-2 km from Oktoberfest,,,
714401971296375239,Neuhausen-Nymphenburg,48.15297309730835,11.538745500147344,Entire home/apt,1,56,1.22,351,250.0,EUR per night,2.4753657583288873,2-5 km from Oktoberfest,,,
714538780100687224,Schwanthalerhöhe,48.13596318997287,11.546821966767313,Entire home/apt,2,4,0.1,16,319.0,EUR per night,0.4935845389945704,0-2 km from Oktoberfest,,,
714899855911560470,Neuhausen-Nymphenburg,48.15598,11.53705,Entire home/apt,13,2,0.06,224,93.0,EUR per night,2.8324370788085833,2-5 km from Oktoberfest,,,
714918961999936285,Schwabing-Freimann,48.21428,11.6387,Entire home/apt,3,10,0.22,157,200.0,EUR per night,11.298759333225881,10+ km from Oktoberfest,,,
715102808579942682,Tudering-Riem,48.13163660212519,11.679142654821703,Entire home/apt,2,4,0.09,14,216.0,EUR per night,9.621303410434521,5-10 km from Oktoberfest,,,
715106542275805418,Ludwigsvorstadt-Isarvorstadt,48.128978832385855,11.575677476721172,Private room,1,154,3.44,30,101.0,EUR per night,1.9697440393517873,0-2 km from Oktoberfest,,,
715594185280706679,Maxvorstadt,48.15014,11.5645,Entire home/apt,1,19,0.58,226,229.0,EUR per night,2.3135160367071532,2-5 km from Oktoberfest,,,
715952571311079953,Thalkirchen-Obersendling-Forstenried-Fürstenried-Solln,48.09637,11.50893,Entire home/apt,1,2,0.04,352,430.0,EUR per night,4.967887857421092,2-5 km from Oktoberfest,,,
716533591846999470,Schwabing-Freimann,48.20585,11.59518,Entire home/apt,1,7,0.15,22,775.0,EUR per night,8.893342563594086,5-10 km from Oktoberfest,,,
716718495994900951,Maxvorstadt,48.156457835962414,11.563246664885892,Entire home/apt,2,47,1.02,13,178.0,EUR per night,2.9149692051028078,2-5 km from Oktoberfest,,,
716988110721209611,Pasing-Obermenzing,48.14495373511733,11.448011380387866,Private room,1,4,0.09,364,127.0,EUR per night,7.669475099539727,5-10 km from Oktoberfest,,,
717187821371657379,Sendling,48.12484,11.5467,Entire home/apt,1,2,0.09,179,270.0,EUR per night,0.8120761481869583,0-2 km from Oktoberfest,,,
717226957752339558,Au-Haidhausen,48.12698,11.57819,Private room,5,10,0.22,153,127.0,EUR per night,2.198444903380695,2-5 km from Oktoberfest,,,
717322074189616028,Laim,48.13204,11.5057,Private room,1,13,0.29,357,651.0,EUR per night,3.250584145832677,2-5 km from Oktoberfest,,,
717751409872697037,Schwabing-Freimann,48.17547,11.5832,Entire home/apt,3,45,0.98,14,227.0,EUR per night,5.451733256380964,5-10 km from Oktoberfest,,,
717853841988055690,Ludwigsvorstadt-Isarvorstadt,48.12866545546974,11.555113010108473,Entire home/apt,1,258,5.62,78,78.0,EUR per night,0.5503571351908326,0-2 km from Oktoberfest,,,
717910994699636306,Au-Haidhausen,48.12313,11.5872,Entire home/apt,5,0,,365,303.0,EUR per night,2.9631521581916833,2-5 km from Oktoberfest,,,
717927505861662671,Neuhausen-Nymphenburg,48.14819,11.50273,Entire home/apt,30,0,,90,48.0,EUR per night,3.914693220751381,2-5 km from Oktoberfest,,,
717961031563062964,Tudering-Riem,48.13098,11.66127,Private room,1,25,0.55,141,80.0,EUR per night,8.295547375620933,5-10 km from Oktoberfest,,,
718156749250610256,Ludwigsvorstadt-Isarvorstadt,48.12909,11.57052,Entire home/apt,1,9,1.0,75,144.0,EUR per night,1.5909941856073362,0-2 km from Oktoberfest,,,
718615382083772333,Sendling-Westpark,48.10613,11.50483,Private room,2,12,0.27,11,125.0,EUR per night,4.382529762096971,2-5 km from Oktoberfest,,,
719537671774242754,Milbertshofen-Am Hart,48.18517929999999,11.5715096,Entire home/apt,1,60,1.31,315,764.0,EUR per night,6.145211872650116,5-10 km from Oktoberfest,,,
720052759369903812,Untergiesing-Harlaching,48.08811,11.55859,Private room,1,0,,365,200.0,EUR per night,4.915774037273531,2-5 km from Oktoberfest,,,
720584711393787713,Hadern,48.12396,11.50181,Private room,1,1,0.02,365,470.0,EUR per night,3.647966562037738,2-5 km from Oktoberfest,,,
720706601218404060,Neuhausen-Nymphenburg,48.14973,11.54098,Entire home/apt,1,144,3.22,190,610.0,EUR per night,2.0809584246626747,2-5 km from Oktoberfest,,,
720963792956083839,Untergiesing-Harlaching,48.0915848,11.5594315,Entire home/apt,1,13,0.29,128,251.0,EUR per night,4.543080098370956,2-5 km from Oktoberfest,,,
721050703837071496,Au-Haidhausen,48.13821,11.61363,Private room,2,9,0.2,192,110.0,EUR per night,4.810463897489956,2-5 km from Oktoberfest,,,
722371640312231948,Ludwigsvorstadt-Isarvorstadt,48.13715,11.56134,Private room,1,160,3.51,182,154.0,EUR per night,1.0548956072392053,0-2 km from Oktoberfest,,,
722428199862525615,Ludwigsvorstadt-Isarvorstadt,48.13551,11.56138,Private room,1,295,6.45,168,110.0,EUR per night,0.9687085690512613,0-2 km from Oktoberfest,,,
723068370875452143,Tudering-Riem,48.13059,11.6659,Entire home/apt,2,42,0.93,83,98.0,EUR per night,8.639788912078664,5-10 km from Oktoberfest,,,
723699132048210827,Ludwigsvorstadt-Isarvorstadt,48.12580070278155,11.549022383987904,Entire home/apt,1,43,1.11,15,330.0,EUR per night,0.6791366363115905,0-2 km from Oktoberfest,,,
724533004783033609,Moosach,48.18133,11.50738,Private room,2,5,0.11,349,82.0,EUR per night,6.322317799656391,5-10 km from Oktoberfest,,,
724590904777093769,Ludwigsvorstadt-Isarvorstadt,48.12151,11.56336,Private room,1,47,1.03,193,142.0,EUR per night,1.546927157030561,0-2 km from Oktoberfest,,,
725256708410320041,Maxvorstadt,48.155,11.56332,Private room,1,0,,365,200.0,EUR per night,2.7657124230503682,2-5 km from Oktoberfest,,,
725723631739564344,Au-Haidhausen,48.12474,11.59647,Entire home/apt,1,3,0.15,148,114.0,EUR per night,3.57580984497088,2-5 km from Oktoberfest,,,
725784393117774425,Ludwigsvorstadt-Isarvorstadt,48.13648,11.55955,Private room,1,1,1.0,181,154.0,EUR per night,0.903102938238837,0-2 km from Oktoberfest,,,
726101669184270666,Sendling,48.12049,11.54486,Private room,1,4,0.1,353,165.0,EUR per night,1.3146444241131279,0-2 km from Oktoberfest,,,
727856568119440343,Ludwigsvorstadt-Isarvorstadt,48.13530179821198,11.559385532585882,Private room,1,0,,176,154.0,EUR per night,0.8253936269228839,0-2 km from Oktoberfest,,,
731261426122689940,Maxvorstadt,48.15143339999999,11.577171,Entire home/apt,6,2,0.05,77,246.0,EUR per night,2.988839361284875,2-5 km from Oktoberfest,,,
732996685832764819,Ludwigsvorstadt-Isarvorstadt,48.12688,11.57331,Entire home/apt,1,7,0.16,89,260.0,EUR per night,1.8531763842255013,0-2 km from Oktoberfest,,,
733152026364770370,Milbertshofen-Am Hart,48.19624899999999,11.5796652,Private room,2,10,0.29,21,104.0,EUR per night,7.4968929820660835,5-10 km from Oktoberfest,,,
736171971413557397,Tudering-Riem,48.13028,11.70328,Private room,1,11,0.25,285,200.0,EUR per night,11.414151822815208,10+ km from Oktoberfest,,,
739243075097596416,Ludwigsvorstadt-Isarvorstadt,48.13706375823485,11.561334052526718,Private room,1,25,0.6,176,110.0,EUR per night,1.0492503213876259,0-2 km from Oktoberfest,,,
739874797729608316,Aubing-Lochhausen-Langwied,48.1397699,11.431491,Entire home/apt,2,88,2.06,272,393.0,EUR per night,8.800803788922842,5-10 km from Oktoberfest,,,
740589053123401730,Tudering-Riem,48.12921,11.67303,Private room,2,11,0.25,89,194.0,EUR per night,9.172711138619297,5-10 km from Oktoberfest,,,
740991868336012360,Untergiesing-Harlaching,48.10422,11.57832,Private room,1,1,0.57,359,107.0,EUR per night,3.74838505380256,2-5 km from Oktoberfest,,,
741664230260558168,Untergiesing-Harlaching,48.114,11.57123,Private room,2,14,0.63,88,76.0,EUR per night,2.5618793539804967,2-5 km from Oktoberfest,,,
742010867504964861,Obergiesing,48.11367,11.57572,Entire home/apt,1,60,1.37,167,294.0,EUR per night,2.8101339461896506,2-5 km from Oktoberfest,,,
742642855315098358,Tudering-Riem,48.1284549,11.6739426,Private room,2,12,0.27,89,194.0,EUR per night,9.243571076786457,5-10 km from Oktoberfest,,,
742668681358631338,Bogenhausen,48.14299,11.6024,Entire home/apt,3,7,0.16,328,867.0,EUR per night,4.114605584403346,2-5 km from Oktoberfest,,,
744099365113775744,Sendling,48.11362039999999,11.5501913,Entire home/apt,4,23,0.52,7,278.0,EUR per night,2.033246374880481,2-5 km from Oktoberfest,,,
744755886241486258,Au-Haidhausen,48.1308273,11.5943679,Private room,2,36,0.82,356,115.0,EUR per night,3.331974342953587,2-5 km from Oktoberfest,,,
746082038368013068,Schwabing-West,48.16972,11.58175,Entire home/apt,7,32,0.78,21,135.0,EUR per night,4.838325830035136,2-5 km from Oktoberfest,,,
746827500593480670,Aubing-Lochhausen-Langwied,48.13946300000001,11.4092088,Entire home/apt,5,7,0.47,259,110.0,EUR per night,10.444643867991829,10+ km from Oktoberfest,,,
747571557876832363,Untergiesing-Harlaching,48.111441,11.565981,Entire home/apt,90,6,0.16,334,26.0,EUR per night,2.583009685582461,2-5 km from Oktoberfest,,,
748224359511000454,Neuhausen-Nymphenburg,48.16777125946295,11.519165709614754,Private room,5,4,0.11,203,106.0,EUR per night,4.579756236309249,2-5 km from Oktoberfest,,,
751176130220374883,Sendling-Westpark,48.11672,11.53135,Private room,2,21,0.48,346,113.0,EUR per night,2.159633320834459,2-5 km from Oktoberfest,,,
751264749861370312,Ludwigsvorstadt-Isarvorstadt,48.13757,11.55688,Entire home/apt,1,58,1.35,26,332.0,EUR per night,0.8351265827002102,0-2 km from Oktoberfest,,,
751850079975040767,Aubing-Lochhausen-Langwied,48.13968,11.40819,Entire home/apt,5,7,0.16,250,110.0,EUR per night,10.521937576552597,10+ km from Oktoberfest,,,
752697144996130312,Sendling-Westpark,48.10937,11.50948,Private room,1,42,1.11,172,88.0,EUR per night,3.8860069084037305,2-5 km from Oktoberfest,,,
752908465238260256,Moosach,48.18247,11.53714,Private room,1,23,0.59,124,128.0,EUR per night,5.6973795658383475,5-10 km from Oktoberfest,,,
754102953579590448,Schwabing-West,48.15988,11.57269,Entire home/apt,14,2,0.07,283,150.0,EUR per night,3.5552837222991056,2-5 km from Oktoberfest,,,
754800256462865679,Ludwigsvorstadt-Isarvorstadt,48.12814,11.55919,Private room,1,136,3.78,150,86.0,EUR per night,0.8318568534727523,0-2 km from Oktoberfest,,,
754803388528081503,Ludwigsvorstadt-Isarvorstadt,48.12902716613453,11.558830088360589,Private room,2,180,4.11,79,143.0,EUR per night,0.7625713423275785,0-2 km from Oktoberfest,,,
754857673164321882,Sendling-Westpark,48.11093,11.51917,Private room,1,0,,276,39.0,EUR per night,3.241248641035667,2-5 km from Oktoberfest,,,
755003996507775869,Tudering-Riem,48.1273,11.6753,Private room,2,12,0.27,89,194.0,EUR per night,9.350476143356094,5-10 km from Oktoberfest,,,
756562186944889081,Maxvorstadt,48.14603,11.55834,Entire home/apt,10,5,0.13,210,73.0,EUR per night,1.7026155852858578,0-2 km from Oktoberfest,,,
756939211180207500,Pasing-Obermenzing,48.17538,11.46079,Private room,1,2,0.08,89,135.0,EUR per night,8.165803855611191,5-10 km from Oktoberfest,,,
756941275289340543,Pasing-Obermenzing,48.17583,11.46099,Private room,1,6,0.14,89,165.0,EUR per night,8.183597668247828,5-10 km from Oktoberfest,,,
756942241702809594,Allach-Untermenzing,48.17745,11.46077,Private room,1,3,0.07,89,188.0,EUR per night,8.305225932452936,5-10 km from Oktoberfest,,,
757916720225914054,Ramersdorf-Perlach,48.108,11.6067,Private room,30,1,0.05,365,50.0,EUR per night,5.009104978718708,5-10 km from Oktoberfest,,,
758705802912159032,Aubing-Lochhausen-Langwied,48.13946300000001,11.4092088,Entire home/apt,5,2,0.05,229,110.0,EUR per night,10.444643867991829,10+ km from Oktoberfest,,,
759862564634363276,Aubing-Lochhausen-Langwied,48.13946300000001,11.4092088,Entire home/apt,4,4,0.11,257,110.0,EUR per night,10.444643867991829,10+ km from Oktoberfest,,,
759951581104157551,Laim,48.1407760068772,11.515355034393302,Entire home/apt,2,6,0.15,51,331.0,EUR per night,2.719234827017715,2-5 km from Oktoberfest,,,
760531308650045376,Ludwigsvorstadt-Isarvorstadt,48.1365044,11.5591345,Entire home/apt,365,10,0.29,365,6.0,EUR per night,0.87938785832442,0-2 km from Oktoberfest,,,
760608873023792666,Au-Haidhausen,48.13268,11.58897,Private room,7,0,,338,77.0,EUR per night,2.9304683758399492,2-5 km from Oktoberfest,,,
760765730288226392,Aubing-Lochhausen-Langwied,48.14048,11.40886,Entire home/apt,5,5,0.13,264,110.0,EUR per night,10.480029851318998,10+ km from Oktoberfest,,,
760776031735055554,Aubing-Lochhausen-Langwied,48.13864,11.40841,Entire home/apt,5,6,0.14,267,110.0,EUR per night,10.496883020196075,10+ km from Oktoberfest,,,
760779875481882040,Aubing-Lochhausen-Langwied,48.13946300000001,11.4092088,Entire home/apt,5,4,0.09,267,110.0,EUR per night,10.444643867991829,10+ km from Oktoberfest,,,
760782381441449742,Aubing-Lochhausen-Langwied,48.14065,11.40884,Entire home/apt,6,3,0.08,256,114.0,EUR per night,10.483228138745725,10+ km from Oktoberfest,,,
760784848597033973,Aubing-Lochhausen-Langwied,48.1399,11.41026,Entire home/apt,6,2,0.05,88,116.0,EUR per night,10.370902681149662,10+ km from Oktoberfest,,,
762144768730889600,Maxvorstadt,48.15542850000001,11.5698285,Entire home/apt,7,13,0.39,333,289.0,EUR per night,3.019891134414052,2-5 km from Oktoberfest,,,
764908886358748863,Maxvorstadt,48.15298,11.58223,Private room,2,89,2.05,233,105.0,EUR per night,3.3751950489706224,2-5 km from Oktoberfest,,,
766529516874623741,Schwabing-West,48.17209,11.56296,Entire home/apt,5,16,0.37,159,180.0,EUR per night,4.579118925712484,2-5 km from Oktoberfest,,,
766745551071953122,Schwabing-West,48.16174143390563,11.5782724581953,Entire home/apt,2,28,0.74,267,568.0,EUR per night,3.9455588297744613,2-5 km from Oktoberfest,,,
767291382633678305,Aubing-Lochhausen-Langwied,48.13946300000001,11.4092088,Entire home/apt,5,5,0.15,267,110.0,EUR per night,10.444643867991829,10+ km from Oktoberfest,,,
768025425882710552,Schwabing-West,48.15997,11.57958,Entire home/apt,1,125,2.93,29,111.0,EUR per night,3.8370269552096437,2-5 km from Oktoberfest,,,
769352063158113801,Thalkirchen-Obersendling-Forstenried-Fürstenried-Solln,48.08285530040539,11.505219920229443,Entire home/apt,2,5,0.12,262,100.0,EUR per night,6.3679029579147155,5-10 km from Oktoberfest,,,
769503203699949510,Obergiesing,48.11742,11.59416,Entire home/apt,1,2,0.05,31,161.0,EUR per night,3.685187724438597,2-5 km from Oktoberfest,,,
769994856018400051,Neuhausen-Nymphenburg,48.16074,11.544,Entire home/apt,6,19,0.44,10,129.0,EUR per night,3.2327193663565574,2-5 km from Oktoberfest,,,
770139160651658183,Aubing-Lochhausen-Langwied,48.13946300000001,11.4092088,Entire home/apt,6,7,0.17,88,114.0,EUR per night,10.444643867991829,10+ km from Oktoberfest,,,
770205236156673593,Ludwigsvorstadt-Isarvorstadt,48.1265964,11.5532126,Entire home/apt,1,27,0.68,23,190.0,EUR per night,0.6509280977236611,0-2 km from Oktoberfest,,,
770341022391792466,Au-Haidhausen,48.13061,11.59884,Entire home/apt,3,26,0.71,13,384.0,EUR per night,3.6645485107137916,2-5 km from Oktoberfest,,,
770842623654321161,Aubing-Lochhausen-Langwied,48.13946300000001,11.4092088,Entire home/apt,5,3,0.07,267,110.0,EUR per night,10.444643867991829,10+ km from Oktoberfest,,,
773113219255110656,Pasing-Obermenzing,48.172508240618654,11.473989342327885,Entire home/apt,30,2,0.05,301,166.0,EUR per night,7.195003794581327,5-10 km from Oktoberfest,,,
773605970223247326,Schwanthalerhöhe,48.13503,11.53548,Entire home/apt,60,0,,172,24.0,EUR per night,1.0971101081820718,0-2 km from Oktoberfest,,,
774675192830246563,Allach-Untermenzing,48.1773,11.47262,Entire home/apt,1,16,0.43,345,251.0,EUR per night,7.616373964791221,5-10 km from Oktoberfest,,,
774732977258062412,Untergiesing-Harlaching,48.10863,11.5772,Entire home/apt,1,7,0.16,89,172.0,EUR per night,3.3050055527426516,2-5 km from Oktoberfest,,,
775788218587646045,Aubing-Lochhausen-Langwied,48.13946300000001,11.4092088,Entire home/apt,6,11,0.27,201,114.0,EUR per night,10.444643867991829,10+ km from Oktoberfest,,,
776649766276525777,Aubing-Lochhausen-Langwied,48.13946300000001,11.4092088,Entire home/apt,5,3,0.09,267,110.0,EUR per night,10.444643867991829,10+ km from Oktoberfest,,,
776929049039107134,Schwabing-West,48.15952199185247,11.571789891846688,Entire home/apt,2,2,0.06,362,350.0,EUR per night,3.48835137328968,2-5 km from Oktoberfest,,,
777205311137518539,Ramersdorf-Perlach,48.11642,11.60182,Entire home/apt,4,1,0.07,157,140.0,EUR per night,4.247815429006803,2-5 km from Oktoberfest,,,
777995497406821242,Aubing-Lochhausen-Langwied,48.13946300000001,11.4092088,Entire home/apt,6,6,0.15,254,124.0,EUR per night,10.444643867991829,10+ km from Oktoberfest,,,
780331427422654587,Aubing-Lochhausen-Langwied,48.13946300000001,11.4092088,Entire home/apt,5,7,0.18,259,116.0,EUR per night,10.444643867991829,10+ km from Oktoberfest,,,
780823312405574557,Schwabing-Freimann,48.17483124343615,11.584354325863387,Entire home/apt,5,0,,247,112.0,EUR per night,5.428976208340564,5-10 km from Oktoberfest,,,
781832136701883229,Aubing-Lochhausen-Langwied,48.16727,11.39744,Entire home/apt,20,2,0.08,182,157.0,EUR per night,11.946945885020247,10+ km from Oktoberfest,,,
782029471945393499,Laim,48.14311,11.49436,Private room,1,4,0.19,186,165.0,EUR per night,4.277340475963029,2-5 km from Oktoberfest,,,
782408382001361819,Maxvorstadt,48.15587,11.56824,Entire home/apt,2,4,0.09,54,236.0,EUR per night,3.006220760132582,2-5 km from Oktoberfest,,,
782699965406220483,Ramersdorf-Perlach,48.11661,11.59931,Entire home/apt,3,55,1.3,215,187.0,EUR per night,4.069313249754951,2-5 km from Oktoberfest,,,
783173958402335238,Aubing-Lochhausen-Langwied,48.13946300000001,11.4092088,Entire home/apt,6,6,0.14,256,107.0,EUR per night,10.444643867991829,10+ km from Oktoberfest,,,
783728815873765139,Altstadt-Lehel,48.1359409,11.5868814,Entire home/apt,1,55,3.7,169,322.0,EUR per night,2.8102491807696537,2-5 km from Oktoberfest,,,
784007563392700654,Thalkirchen-Obersendling-Forstenried-Fürstenried-Solln,48.08305,11.53583,Entire home/apt,3,14,0.38,339,270.0,EUR per night,5.525886479868225,5-10 km from Oktoberfest,,,
785382475822138697,Ludwigsvorstadt-Isarvorstadt,48.13714,11.55815,Entire home/apt,182,29,1.16,262,23.0,EUR per night,0.8669186498129238,0-2 km from Oktoberfest,,,
786138928826421530,Schwabing-West,48.17349,11.56709,Entire home/apt,2,26,0.75,93,62.0,EUR per night,4.805166645897819,2-5 km from Oktoberfest,,,
786505097269244976,Sendling-Westpark,48.11606112096309,11.518857703944803,Entire home/apt,2,9,0.36,35,138.0,EUR per night,2.876601230989265,2-5 km from Oktoberfest,,,
786652729667916865,Aubing-Lochhausen-Langwied,48.13946300000001,11.4092088,Entire home/apt,5,6,0.15,249,100.0,EUR per night,10.444643867991829,10+ km from Oktoberfest,,,
787770038100472061,Aubing-Lochhausen-Langwied,48.13946300000001,11.4092088,Entire home/apt,5,2,0.05,267,110.0,EUR per night,10.444643867991829,10+ km from Oktoberfest,,,
788475175817338559,Aubing-Lochhausen-Langwied,48.13946300000001,11.4092088,Entire home/apt,5,4,0.11,259,110.0,EUR per night,10.444643867991829,10+ km from Oktoberfest,,,
788477891170883560,Aubing-Lochhausen-Langwied,48.13946300000001,11.4092088,Entire home/apt,5,6,0.14,267,110.0,EUR per night,10.444643867991829,10+ km from Oktoberfest,,,
789790293143454386,Aubing-Lochhausen-Langwied,48.139461,11.409209,Entire home/apt,6,19,0.46,205,103.0,EUR per night,10.444611372953231,10+ km from Oktoberfest,,,
789792809990701580,Aubing-Lochhausen-Langwied,48.139461,11.409209,Entire home/apt,6,3,0.07,268,119.0,EUR per night,10.444611372953231,10+ km from Oktoberfest,,,
791379595526743882,Au-Haidhausen,48.12594,11.58746,Entire home/apt,5,8,0.21,215,318.0,EUR per night,2.894205277391676,2-5 km from Oktoberfest,,,
791858891780626480,Neuhausen-Nymphenburg,48.15422031453947,11.534771472215652,Private room,2,121,2.87,102,80.0,EUR per night,2.7118457324756498,2-5 km from Oktoberfest,,,
794791840179812213,Sendling,48.1101626,11.5372271,Entire home/apt,2,28,0.98,61,431.0,EUR per night,2.583070297453922,2-5 km from Oktoberfest,,,
794796043090380407,Aubing-Lochhausen-Langwied,48.139461,11.409209,Entire home/apt,5,3,0.11,255,100.0,EUR per night,10.444611372953231,10+ km from Oktoberfest,,,
795063186266763097,Maxvorstadt,48.15251,11.57823,Entire home/apt,7,0,,179,70.0,EUR per night,3.12989935832532,2-5 km from Oktoberfest,,,
795517111111659841,Thalkirchen-Obersendling-Forstenried-Fürstenried-Solln,48.0938583,11.536715,Entire home/apt,1,32,0.81,21,249.0,EUR per night,4.335227564247248,2-5 km from Oktoberfest,,,
795533321218370469,Schwabing-West,48.15778,11.56078,Entire home/apt,1,157,3.73,259,175.0,EUR per night,2.9969534535321,2-5 km from Oktoberfest,,,
796867663393137450,Sendling-Westpark,48.10710398803914,11.517320552519427,Entire home/apt,3,32,0.88,114,276.0,EUR per night,3.648028518359412,2-5 km from Oktoberfest,,,
798288627220761018,Ludwigsvorstadt-Isarvorstadt,48.12525273845792,11.571130830688467,Entire home/apt,30,2,0.08,182,124.0,EUR per night,1.7673853975905869,0-2 km from Oktoberfest,,,
799154297722713944,Ludwigsvorstadt-Isarvorstadt,48.12183562896687,11.56433407969186,Entire home/apt,5,0,,166,175.0,EUR per night,1.56990272185156,0-2 km from Oktoberfest,,,
799788877840522819,Neuhausen-Nymphenburg,48.14851,11.53474,Private room,4,2,0.05,52,70.0,EUR per night,2.147256346362031,2-5 km from Oktoberfest,,,
800410449147523544,Aubing-Lochhausen-Langwied,48.1394609,11.4092089,Entire home/apt,5,6,0.15,267,110.0,EUR per night,10.44461788471633,10+ km from Oktoberfest,,,
800421854986974202,Aubing-Lochhausen-Langwied,48.1394609,11.4092089,Entire home/apt,5,2,0.05,267,110.0,EUR per night,10.44461788471633,10+ km from Oktoberfest,,,
801121209738524174,Aubing-Lochhausen-Langwied,48.1394609,11.4092089,Entire home/apt,6,14,0.34,232,114.0,EUR per night,10.44461788471633,10+ km from Oktoberfest,,,
801124582903849048,Aubing-Lochhausen-Langwied,48.1394609,11.4092089,Entire home/apt,6,10,0.26,262,114.0,EUR per night,10.44461788471633,10+ km from Oktoberfest,,,
801126319277115091,Aubing-Lochhausen-Langwied,48.1394609,11.4092089,Entire home/apt,6,11,0.28,256,103.0,EUR per night,10.44461788471633,10+ km from Oktoberfest,,,
802028167623958584,Schwabing-West,48.16243,11.55434,Private room,1,34,0.87,350,177.0,EUR per night,3.4137196615691954,2-5 km from Oktoberfest,,,
802047223661932754,Aubing-Lochhausen-Langwied,48.1394609,11.4092089,Entire home/apt,4,3,0.08,207,100.0,EUR per night,10.44461788471633,10+ km from Oktoberfest,,,
802051730496105463,Aubing-Lochhausen-Langwied,48.13847213943255,11.409693698035063,Entire home/apt,5,3,0.08,238,100.0,EUR per night,10.400555675816987,10+ km from Oktoberfest,,,
802054246162091904,Aubing-Lochhausen-Langwied,48.1394609,11.4092089,Entire home/apt,4,5,0.12,206,100.0,EUR per night,10.44461788471633,10+ km from Oktoberfest,,,
802570108673251585,Neuhausen-Nymphenburg,48.1654,11.53385,Entire home/apt,14,7,0.19,322,88.0,EUR per night,3.90178350452664,2-5 km from Oktoberfest,,,
802670295638734405,Schwabing-West,48.16236840755132,11.55533347943216,Private room,1,0,,347,187.0,EUR per night,3.4154643316826174,2-5 km from Oktoberfest,,,
802727927122036441,Neuhausen-Nymphenburg,48.16540944,11.53393526,Entire home/apt,28,5,0.19,329,75.0,EUR per night,3.900908515445231,2-5 km from Oktoberfest,,,
802798750863311361,Schwabing-West,48.161038168371256,11.55689014630246,Private room,1,0,,353,206.0,EUR per night,3.2860815689702223,2-5 km from Oktoberfest,,,
802806210099890095,Schwabing-West,48.16273,11.55667,Private room,1,1,0.06,343,199.0,EUR per night,3.4691660271804317,2-5 km from Oktoberfest,,,
803507715396515112,Maxvorstadt,48.14511,11.57438,Entire home/apt,3,139,3.46,172,445.0,EUR per night,2.359249188866332,2-5 km from Oktoberfest,,,
804271628231155128,Ludwigsvorstadt-Isarvorstadt,48.12612,11.56144,Private room,2,65,1.61,69,96.0,EUR per night,1.0946916300581495,0-2 km from Oktoberfest,,,
805046333210727971,Ludwigsvorstadt-Isarvorstadt,48.13521862058441,11.561427443300277,Private room,1,1,0.08,174,110.0,EUR per night,0.95898874968776,0-2 km from Oktoberfest,,,
805054695170029504,Ludwigsvorstadt-Isarvorstadt,48.13734,11.55977,Private room,1,1,0.1,162,110.0,EUR per night,0.9730108473855021,0-2 km from Oktoberfest,,,
806453576904944240,Tudering-Riem,48.11071,11.70996,Entire home/apt,2,22,0.57,70,184.0,EUR per night,12.141573381233346,10+ km from Oktoberfest,,,
807284837823522047,Ludwigsvorstadt-Isarvorstadt,48.125604007475744,11.549184322357178,Entire home/apt,1,0,,259,600.0,EUR per night,0.7004743546368014,0-2 km from Oktoberfest,,,
807986473690200208,Schwabing-Freimann,48.17653,11.58799,Entire home/apt,6,8,0.26,83,130.0,EUR per night,5.7253876333764735,5-10 km from Oktoberfest,,,
808001757428089232,Ludwigsvorstadt-Isarvorstadt,48.12184,11.55941,Private room,3,6,0.18,86,152.0,EUR per night,1.3387733347035449,0-2 km from Oktoberfest,,,
809306164592908565,Maxvorstadt,48.14979633362015,11.578096859157084,Private room,2,30,0.75,7,75.0,EUR per night,2.909037525312456,2-5 km from Oktoberfest,,,
809382838743327115,Ludwigsvorstadt-Isarvorstadt,48.12472,11.56184,Entire home/apt,1,22,1.03,153,170.0,EUR per night,1.214992574703868,0-2 km from Oktoberfest,,,
810201354943843579,Maxvorstadt,48.15156369942412,11.57117186658926,Entire home/apt,1,27,0.69,360,296.0,EUR per night,2.714144677742597,2-5 km from Oktoberfest,,,
811677588441398914,Sendling-Westpark,48.112331365543206,11.533302971717532,Entire home/apt,5,19,0.47,17,83.0,EUR per night,2.4859867647823095,2-5 km from Oktoberfest,,,
813535527264027340,Aubing-Lochhausen-Langwied,48.13847,11.4096,Entire home/apt,5,5,0.15,265,110.0,EUR per night,10.407475227240155,10+ km from Oktoberfest,,,
815233728241554915,Aubing-Lochhausen-Langwied,48.13847,11.4096,Entire home/apt,5,1,0.04,267,110.0,EUR per night,10.407475227240155,10+ km from Oktoberfest,,,
819274503060866757,Bogenhausen,48.14661,11.60316,Entire home/apt,2,107,2.61,299,304.0,EUR per night,4.304600065318076,2-5 km from Oktoberfest,,,
819488038445400667,Schwanthalerhöhe,48.13824,11.5419,Entire home/apt,4,11,0.28,22,373.0,EUR per night,0.9028140183177319,0-2 km from Oktoberfest,,,
821511342632506546,Obergiesing,48.11543571449084,11.58520250248002,Private room,2,1,0.03,80,200.0,EUR per night,3.2209158472723813,2-5 km from Oktoberfest,,,
822351687844704625,Sendling-Westpark,48.107976134715,11.509580984702245,Private room,1,27,0.72,165,85.0,EUR per night,3.982135326958748,2-5 km from Oktoberfest,,,
824523645450944816,Tudering-Riem,48.11308,11.70661,Private room,30,0,,178,58.0,EUR per night,11.848093886480955,10+ km from Oktoberfest,,,
825923150443671063,Ludwigsvorstadt-Isarvorstadt,48.12098195571416,11.563238070251655,Private room,1,45,1.11,203,134.0,EUR per night,1.5854259311242007,0-2 km from Oktoberfest,,,
826501262267694057,Schwabing-West,48.1619635626059,11.570222358381349,Entire home/apt,10,0,,329,170.0,EUR per night,3.6795069227012083,2-5 km from Oktoberfest,,,
829431292779598890,Sendling-Westpark,48.1094,11.5113,Private room,1,35,0.88,175,93.0,EUR per night,3.7815245274599842,2-5 km from Oktoberfest,,,
830210358116153299,Maxvorstadt,48.14561843186062,11.577991696872012,Entire home/apt,20,0,,179,100.0,EUR per night,2.6070460380491367,2-5 km from Oktoberfest,,,
830878841532529436,Aubing-Lochhausen-Langwied,48.13838866138547,11.408360882724551,Entire home/apt,5,7,0.18,197,100.0,EUR per night,10.49858652799688,10+ km from Oktoberfest,,,
831940651635143732,Berg am Laim,48.12187045980956,11.649940105362562,Private room,2,35,0.92,238,70.0,EUR per night,7.53769747738845,5-10 km from Oktoberfest,,,
833084050829104479,Aubing-Lochhausen-Langwied,48.1394609,11.4092089,Entire home/apt,5,3,0.08,267,110.0,EUR per night,10.44461788471633,10+ km from Oktoberfest,,,
833121503895325566,Ludwigsvorstadt-Isarvorstadt,48.12899268521901,11.562218135984924,Entire home/apt,5,5,0.25,219,185.0,EUR per night,0.9977105342817151,0-2 km from Oktoberfest,,,
833266576531688453,Bogenhausen,48.15027,11.65409,Entire home/apt,4,18,0.49,6,381.0,EUR per night,8.024920428295932,5-10 km from Oktoberfest,,,
835334595596290031,Altstadt-Lehel,48.135491240178176,11.572513682209,Entire home/apt,1,47,1.17,110,532.0,EUR per night,1.7539297449513318,0-2 km from Oktoberfest,,,
835503163581679995,Schwabing-Freimann,48.16324066064185,11.590450268213171,Entire home/apt,1,8,0.42,322,196.0,EUR per night,4.623304994485254,2-5 km from Oktoberfest,,,
835914308863360004,Aubing-Lochhausen-Langwied,48.1394609,11.4092089,Entire home/apt,5,10,0.27,115,110.0,EUR per night,10.44461788471633,10+ km from Oktoberfest,,,
837766419618557764,Moosach,48.18297,11.53693,Private room,3,7,0.19,124,105.0,EUR per night,5.754761986782584,5-10 km from Oktoberfest,,,
838079293057954662,Ludwigsvorstadt-Isarvorstadt,48.13107,11.56529,Entire home/apt,24,6,0.18,272,60.0,EUR per night,1.1754693875894964,0-2 km from Oktoberfest,,,
840664866907764630,Au-Haidhausen,48.1246239,11.5774352,Entire home/apt,3,11,0.3,320,149.0,EUR per night,2.2255842913451067,2-5 km from Oktoberfest,,,
840719370414181835,Neuhausen-Nymphenburg,48.15644,11.53452,Entire home/apt,1,1,0.04,269,230.0,EUR per night,2.9463975777700786,2-5 km from Oktoberfest,,,
841012860609705053,Aubing-Lochhausen-Langwied,48.1394609,11.4092089,Entire home/apt,5,9,0.24,243,105.0,EUR per night,10.44461788471633,10+ km from Oktoberfest,,,
841324858741255317,Au-Haidhausen,48.12046139801092,11.58162600400618,Entire home/apt,3,13,0.33,43,126.0,EUR per night,2.702473356084772,2-5 km from Oktoberfest,,,
841822996891229909,Thalkirchen-Obersendling-Forstenried-Fürstenried-Solln,48.10559450720905,11.548148222092111,Entire home/apt,12,1,0.03,19,80.0,EUR per night,2.9267580595618496,2-5 km from Oktoberfest,,,
842533656984207033,Maxvorstadt,48.14284819097028,11.543977934918203,Entire home/apt,30,0,,364,163.0,EUR per night,1.2844967760422503,0-2 km from Oktoberfest,,,
842535591692408792,Schwanthalerhöhe,48.1387683,11.5459181,Private room,2,83,2.17,306,42.0,EUR per night,0.8086544829924892,0-2 km from Oktoberfest,,,
843412332837421378,Schwabing-West,48.174987466003664,11.566085621424664,Entire home/apt,15,2,0.4,360,17.0,EUR per night,4.946564360011654,2-5 km from Oktoberfest,,,
843799371383177523,Ludwigsvorstadt-Isarvorstadt,48.12728115481746,11.55735126093762,Entire home/apt,5,9,0.23,131,132.0,EUR per night,0.7767311323038228,0-2 km from Oktoberfest,,,
845509462151140477,Obergiesing,48.11035615327435,11.582593027805052,Private room,1,16,0.46,219,126.0,EUR per night,3.4311742190006655,2-5 km from Oktoberfest,,,
845543967582679077,Berg am Laim,48.12298914369772,11.651806435044794,Entire home/apt,2,18,0.47,257,600.0,EUR per night,7.657552006172814,5-10 km from Oktoberfest,,,
845725483662665549,Schwabing-Freimann,48.17394038837617,11.58528199392157,Private room,2,77,1.93,12,69.0,EUR per night,5.375737772016976,5-10 km from Oktoberfest,,,
845831872436628401,Tudering-Riem,48.11589,11.66294,Private room,3,55,1.4,194,53.0,EUR per night,8.606227598872513,5-10 km from Oktoberfest,,,
846106249795633732,Aubing-Lochhausen-Langwied,48.1394609,11.4092089,Entire home/apt,5,0,,252,105.0,EUR per night,10.44461788471633,10+ km from Oktoberfest,,,
849039287277728757,Obergiesing,48.1145603,11.5929706,Entire home/apt,1,47,1.18,8,365.0,EUR per night,3.7588280300285377,2-5 km from Oktoberfest,,,
849064586214909825,Tudering-Riem,48.11748,11.65891,Entire home/apt,1,17,0.44,212,294.0,EUR per night,8.277620793196373,5-10 km from Oktoberfest,,,
851157158695962084,Tudering-Riem,48.11747975277628,11.64956259019488,Entire home/apt,2,19,0.49,177,799.0,EUR per night,7.598154990286822,5-10 km from Oktoberfest,,,
851236846298649949,Au-Haidhausen,48.12970059891845,11.598991736585925,Entire home/apt,5,13,0.33,54,164.0,EUR per night,3.6811664969285927,2-5 km from Oktoberfest,,,
851256284200526033,Moosach,48.1786664,11.5330443,Private room,30,3,0.08,227,47.0,EUR per night,5.341534926173976,5-10 km from Oktoberfest,,,
851321891029756938,Ludwigsvorstadt-Isarvorstadt,48.131124400035866,11.575040969311514,Entire home/apt,1,2,0.09,174,47.0,EUR per night,1.8974600112465203,0-2 km from Oktoberfest,,,
851324911528612990,Aubing-Lochhausen-Langwied,48.1394609,11.4092089,Entire home/apt,6,6,0.16,268,131.0,EUR per night,10.44461788471633,10+ km from Oktoberfest,,,
852068997333367272,Aubing-Lochhausen-Langwied,48.1394609,11.4092089,Entire home/apt,5,0,,362,202.0,EUR per night,10.44461788471633,10+ km from Oktoberfest,,,
852072899601730145,Aubing-Lochhausen-Langwied,48.1394609,11.4092089,Entire home/apt,6,9,0.26,357,224.0,EUR per night,10.44461788471633,10+ km from Oktoberfest,,,
853383792329623819,Aubing-Lochhausen-Langwied,48.1394609,11.4092089,Entire home/apt,5,9,0.24,238,105.0,EUR per night,10.44461788471633,10+ km from Oktoberfest,,,
853455151517912746,Aubing-Lochhausen-Langwied,48.1394609,11.4092089,Entire home/apt,6,4,0.1,261,117.0,EUR per night,10.44461788471633,10+ km from Oktoberfest,,,
853531814089214982,Ludwigsvorstadt-Isarvorstadt,48.13696091055523,11.56099016487316,Entire home/apt,2,81,2.08,82,132.0,EUR per night,1.0216426544497277,0-2 km from Oktoberfest,,,
853743331769456603,Obergiesing,48.114977,11.5837607,Private room,1,39,1.0,212,59.0,EUR per night,3.163537203506762,2-5 km from Oktoberfest,,,
855750721676072905,Schwabing-Freimann,48.1525793,11.5843013,Entire home/apt,2,23,0.59,319,446.0,EUR per night,3.457626617377318,2-5 km from Oktoberfest,,,
856260944534401666,Milbertshofen-Am Hart,48.17750775734118,11.5574911236763,Entire home/apt,1,12,0.33,263,116.0,EUR per night,5.105878798284367,5-10 km from Oktoberfest,,,
856526962414212799,Ludwigsvorstadt-Isarvorstadt,48.13043,11.57873,Entire home/apt,2,0,,22,621.0,EUR per night,2.175441194600861,2-5 km from Oktoberfest,,,
856562742323343657,Ludwigsvorstadt-Isarvorstadt,48.132710875852815,11.564548416376564,Private room,3,26,0.7,68,143.0,EUR per night,1.1204207396859895,0-2 km from Oktoberfest,,,
856928869223661788,Berg am Laim,48.1180726,11.6415726,Entire home/apt,2,97,2.49,105,208.0,EUR per night,7.004775799131189,5-10 km from Oktoberfest,,,
857101119632248991,Aubing-Lochhausen-Langwied,48.13837043881271,11.408682893660917,Entire home/apt,6,3,0.08,268,114.0,EUR per night,10.474609590554326,10+ km from Oktoberfest,,,
857151982775023229,Tudering-Riem,48.12547730643298,11.657464428134496,Entire home/apt,2,78,2.12,252,348.0,EUR per night,8.044681740444846,5-10 km from Oktoberfest,,,
857666166825813478,Milbertshofen-Am Hart,48.1806306,11.5648302,Private room,1,0,,231,82.0,EUR per night,5.536635037064401,5-10 km from Oktoberfest,,,
857725610451708833,Au-Haidhausen,48.12395,11.59552,Private room,1,13,0.34,32,340.0,EUR per night,3.5281115662039597,2-5 km from Oktoberfest,,,
858414161993741571,Aubing-Lochhausen-Langwied,48.1394609,11.4092089,Entire home/apt,6,18,0.47,261,114.0,EUR per night,10.44461788471633,10+ km from Oktoberfest,,,
858509887178160113,Schwabing-West,48.16684,11.56383,Entire home/apt,1,27,0.71,152,171.0,EUR per night,4.027979039877256,2-5 km from Oktoberfest,,,
859102888164959635,Moosach,48.18661729999999,11.5327531,Entire home/apt,1,171,4.55,330,101.0,EUR per night,6.209795330738795,5-10 km from Oktoberfest,,,
859102909188768934,Moosach,48.18661729999999,11.5327531,Entire home/apt,1,317,8.39,318,91.0,EUR per night,6.209795330738795,5-10 km from Oktoberfest,,,
859144772098788582,Moosach,48.18661729999999,11.5327531,Entire home/apt,1,268,7.07,324,111.0,EUR per night,6.209795330738795,5-10 km from Oktoberfest,,,
859148477509731484,Moosach,48.18661729999999,11.5327531,Entire home/apt,1,82,2.22,280,155.0,EUR per night,6.209795330738795,5-10 km from Oktoberfest,,,
859159532280109599,Moosach,48.18661729999999,11.5327531,Entire home/apt,1,1604,42.28,330,96.0,EUR per night,6.209795330738795,5-10 km from Oktoberfest,,,
859249139422880732,Aubing-Lochhausen-Langwied,48.1394609,11.4092089,Entire home/apt,6,7,0.19,235,103.0,EUR per night,10.44461788471633,10+ km from Oktoberfest,,,
859844614302340977,Au-Haidhausen,48.12435164313568,11.574757455769523,Private room,1,249,6.4,79,100.0,EUR per night,2.053910292451101,2-5 km from Oktoberfest,,,
860543489928845597,Thalkirchen-Obersendling-Forstenried-Fürstenried-Solln,48.07241692168277,11.529047302901745,Entire home/apt,1,8,0.21,178,85.0,EUR per night,6.786342624017969,5-10 km from Oktoberfest,,,
861439013626004958,Aubing-Lochhausen-Langwied,48.1394609,11.4092089,Entire home/apt,6,5,0.16,268,114.0,EUR per night,10.44461788471633,10+ km from Oktoberfest,,,
861454437373263685,Aubing-Lochhausen-Langwied,48.1394609,11.4092089,Entire home/apt,5,4,0.11,261,110.0,EUR per night,10.44461788471633,10+ km from Oktoberfest,,,
862720560052221253,Ludwigsvorstadt-Isarvorstadt,48.13648,11.55479,Private room,1,29,0.74,7,275.0,EUR per night,0.6430174602606549,0-2 km from Oktoberfest,,,
862980272897152803,Laim,48.13335641314489,11.504313922111304,Private room,1,26,0.67,39,153.0,EUR per night,3.357277614864568,2-5 km from Oktoberfest,,,
864627070467585448,Thalkirchen-Obersendling-Forstenried-Fürstenried-Solln,48.08889,11.4911,Entire home/apt,2,36,1.08,197,105.0,EUR per night,6.455395022026584,5-10 km from Oktoberfest,,,
866091528799060389,Maxvorstadt,48.15104,11.55609,Private room,1,11,0.28,348,127.0,EUR per night,2.1837203000083667,2-5 km from Oktoberfest,,,
866456344573516859,Schwanthalerhöhe,48.13435015104134,11.534120702794617,Entire home/apt,2,11,0.33,246,598.0,EUR per night,1.1733912355768168,0-2 km from Oktoberfest,,,
867260850007805544,Aubing-Lochhausen-Langwied,48.1394609,11.4092089,Entire home/apt,5,3,0.08,266,116.0,EUR per night,10.44461788471633,10+ km from Oktoberfest,,,
867453079698608260,Au-Haidhausen,48.12612,11.58548,Entire home/apt,1,1,0.05,57,154.0,EUR per night,2.746607312709549,2-5 km from Oktoberfest,,,
867525758017503207,Ludwigsvorstadt-Isarvorstadt,48.12714,11.56362,Private room,1,123,3.32,9,96.0,EUR per night,1.1740232429800357,0-2 km from Oktoberfest,,,
867622568209107939,Ramersdorf-Perlach,48.11697,11.61424,Entire home/apt,3,6,0.49,144,308.0,EUR per night,5.083973253670699,5-10 km from Oktoberfest,,,
868532886616701763,Neuhausen-Nymphenburg,48.1473,11.53585,Entire home/apt,3,13,0.58,140,120.0,EUR per night,1.9895251528660325,0-2 km from Oktoberfest,,,
868611816852645768,Schwabing-Freimann,48.1858358,11.6070336,Private room,28,1,0.05,345,65.0,EUR per night,7.360736017893107,5-10 km from Oktoberfest,,,
870987321193169658,Bogenhausen,48.16897,11.64383,Entire home/apt,1,0,,211,184.0,EUR per night,8.12177893168408,5-10 km from Oktoberfest,,,
871062516903463575,Schwabing-Freimann,48.20903,11.61441,Entire home/apt,90,1,0.03,289,10.0,EUR per night,9.834951769262766,5-10 km from Oktoberfest,,,
873866986597835201,Schwabing-West,48.16609096172952,11.5579833726035,Private room,1,17,0.45,79,126.0,EUR per night,3.853603342440927,2-5 km from Oktoberfest,,,
873908268213117956,Pasing-Obermenzing,48.14534,11.4746,Entire home/apt,7,14,0.37,179,82.0,EUR per night,5.7552807649892745,5-10 km from Oktoberfest,,,
874563990745500077,Berg am Laim,48.1243077,11.6067528,Private room,1,14,0.4,23,670.0,EUR per night,4.332296952846661,2-5 km from Oktoberfest,,,
874578491770086384,Berg am Laim,48.1243077,11.6067528,Private room,1,9,0.32,23,711.0,EUR per night,4.332296952846661,2-5 km from Oktoberfest,,,
876703892625871039,Sendling,48.1121992,11.5456416,Private room,6,23,0.61,319,51.0,EUR per night,2.2092715063932147,2-5 km from Oktoberfest,,,
877321038543949371,Altstadt-Lehel,48.13388565072555,11.573017860139965,Private room,1,83,2.23,53,111.0,EUR per night,1.7592195913217117,0-2 km from Oktoberfest,,,
877524032506443520,Untergiesing-Harlaching,48.09175061537208,11.55578043007334,Entire home/apt,3,8,0.24,342,197.0,EUR per night,4.488691338463566,2-5 km from Oktoberfest,,,
878680349296236307,Aubing-Lochhausen-Langwied,48.1394609,11.4092089,Entire home/apt,5,6,0.17,252,100.0,EUR per night,10.44461788471633,10+ km from Oktoberfest,,,
878683110349839141,Aubing-Lochhausen-Langwied,48.1394609,11.4092089,Entire home/apt,6,7,0.35,268,114.0,EUR per night,10.44461788471633,10+ km from Oktoberfest,,,
879004112484288139,Au-Haidhausen,48.12334,11.57631,Private room,1,170,4.46,113,80.0,EUR per night,2.2057652078296015,2-5 km from Oktoberfest,,,
879777824168196365,Schwabing-Freimann,48.15580077837512,11.5804687228087,Entire home/apt,1,136,3.54,272,288.0,EUR per night,3.513230748557225,2-5 km from Oktoberfest,,,
880247981691886460,Aubing-Lochhausen-Langwied,48.1394609,11.4092089,Entire home/apt,6,6,0.16,268,119.0,EUR per night,10.44461788471633,10+ km from Oktoberfest,,,
880498917745474404,Aubing-Lochhausen-Langwied,48.1394609,11.4092089,Entire home/apt,6,9,0.24,268,114.0,EUR per night,10.44461788471633,10+ km from Oktoberfest,,,
881089189680789456,Hadern,48.1153,11.46652,Entire home/apt,1,89,2.36,185,75.0,EUR per night,6.429870835746586,5-10 km from Oktoberfest,,,
882264130612155459,Aubing-Lochhausen-Langwied,48.1394609,11.4092089,Entire home/apt,5,1,0.06,267,110.0,EUR per night,10.44461788471633,10+ km from Oktoberfest,,,
882266617338178494,Aubing-Lochhausen-Langwied,48.1394609,11.4092089,Entire home/apt,5,6,0.16,267,110.0,EUR per night,10.44461788471633,10+ km from Oktoberfest,,,
882344456986371793,Aubing-Lochhausen-Langwied,48.1394609,11.4092089,Entire home/apt,5,4,0.11,266,116.0,EUR per night,10.44461788471633,10+ km from Oktoberfest,,,
883850404467587823,Bogenhausen,48.1710033,11.6408228,Entire home/apt,3,0,,65,101.0,EUR per night,8.050082468087028,5-10 km from Oktoberfest,,,
883872793456120820,Aubing-Lochhausen-Langwied,48.1394609,11.4092089,Entire home/apt,5,3,0.08,267,110.0,EUR per night,10.44461788471633,10+ km from Oktoberfest,,,
883895911729934277,Untergiesing-Harlaching,48.08660176125802,11.550298116267433,Private room,1,1,0.03,365,402.0,EUR per night,5.0372828877444045,5-10 km from Oktoberfest,,,
883905884251754171,Aubing-Lochhausen-Langwied,48.1394609,11.4092089,Entire home/apt,6,11,0.29,256,112.0,EUR per night,10.44461788471633,10+ km from Oktoberfest,,,
886703209327757757,Aubing-Lochhausen-Langwied,48.1394609,11.4092089,Entire home/apt,5,6,0.16,236,110.0,EUR per night,10.44461788471633,10+ km from Oktoberfest,,,
886705907851571508,Aubing-Lochhausen-Langwied,48.1394609,11.4092089,Entire home/apt,6,2,0.05,268,114.0,EUR per night,10.44461788471633,10+ km from Oktoberfest,,,
886765244079204751,Aubing-Lochhausen-Langwied,48.149976005903454,11.441732475250872,Entire home/apt,1,31,0.82,53,76.0,EUR per night,8.245138006474114,5-10 km from Oktoberfest,,,
887505074044155454,Aubing-Lochhausen-Langwied,48.1394609,11.4092089,Entire home/apt,5,0,,267,110.0,EUR per night,10.44461788471633,10+ km from Oktoberfest,,,
887748496625046214,Ludwigsvorstadt-Isarvorstadt,48.12993094274858,11.570580622498351,Entire home/apt,1,10,0.39,23,180.0,EUR per night,1.5797433154015386,0-2 km from Oktoberfest,,,
888071303132130483,Aubing-Lochhausen-Langwied,48.1394609,11.4092089,Entire home/apt,6,1,0.05,268,114.0,EUR per night,10.44461788471633,10+ km from Oktoberfest,,,
888079076016935876,Aubing-Lochhausen-Langwied,48.1394609,11.4092089,Entire home/apt,6,7,0.24,251,114.0,EUR per night,10.44461788471633,10+ km from Oktoberfest,,,
888119742194162340,Milbertshofen-Am Hart,48.17862,11.56873,Entire home/apt,1,30,0.79,24,76.0,EUR per night,5.387312810864634,5-10 km from Oktoberfest,,,
888731603193488615,Au-Haidhausen,48.13134549999999,11.5934709,Entire home/apt,5,27,0.71,14,192.0,EUR per night,3.2638344488359547,2-5 km from Oktoberfest,,,
888910883298342782,Obergiesing,48.1181458521218,11.590410951233522,Entire home/apt,1,259,6.82,329,81.0,EUR per night,3.3999533650647464,2-5 km from Oktoberfest,,,
888910953779759453,Obergiesing,48.115959366086216,11.590060222051928,Entire home/apt,1,140,3.7,305,77.0,EUR per night,3.4936270233839397,2-5 km from Oktoberfest,,,
888911044677128977,Obergiesing,48.11612,11.59113,Entire home/apt,1,33,0.87,288,137.0,EUR per night,3.5534223138161587,2-5 km from Oktoberfest,,,
889012750222247665,Untergiesing-Harlaching,48.08821727892524,11.549798054729129,Private room,1,8,0.22,363,278.0,EUR per night,4.85734737362431,2-5 km from Oktoberfest,,,
889212402263634183,Feldmoching-Hasenbergl,48.19261,11.54785,Private room,1,3,1.76,262,65.0,EUR per night,6.75175319422743,5-10 km from Oktoberfest,,,
889529767842162225,Aubing-Lochhausen-Langwied,48.1394609,11.4092089,Entire home/apt,5,2,0.06,267,110.0,EUR per night,10.44461788471633,10+ km from Oktoberfest,,,
891730010541166263,Untergiesing-Harlaching,48.1064139,11.5746306,Entire home/apt,4,0,,360,600.0,EUR per night,3.3928149497283986,2-5 km from Oktoberfest,,,
892775148183457530,Altstadt-Lehel,48.13848,11.57737,Private room,14,7,0.2,309,53.0,EUR per night,2.1938031057263534,2-5 km from Oktoberfest,,,
893593136719840100,Sendling-Westpark,48.11557166804389,11.533874111639406,Private room,3,8,0.37,82,116.0,EUR per night,2.154466037465456,2-5 km from Oktoberfest,,,
895844986428769623,Berg am Laim,48.13421,11.62743,Private room,1,21,0.61,149,100.0,EUR per night,5.789029076485643,5-10 km from Oktoberfest,,,
896110690473659112,Ramersdorf-Perlach,48.09812659864454,11.609650593327595,Entire home/apt,3,18,0.5,202,230.0,EUR per night,5.834683875258625,5-10 km from Oktoberfest,,,
896191840558564044,Pasing-Obermenzing,48.17282520548407,11.4783862804868,Private room,3,3,0.11,359,136.0,EUR per night,6.967028194985241,5-10 km from Oktoberfest,,,
896281657708030036,Aubing-Lochhausen-Langwied,48.17577,11.4124399,Entire home/apt,20,0,,365,540.0,EUR per night,11.27702585332628,10+ km from Oktoberfest,,,
896733193965793576,Thalkirchen-Obersendling-Forstenried-Fürstenried-Solln,48.09461322016282,11.498311772247517,Entire home/apt,5,0,,339,129.0,EUR per night,5.6242285392331555,5-10 km from Oktoberfest,,,
897544634927299467,Thalkirchen-Obersendling-Forstenried-Fürstenried-Solln,48.074772003333074,11.529505476707588,Private room,3,17,0.47,329,17.0,EUR per night,6.52353942122728,5-10 km from Oktoberfest,,,
899131937188580515,Pasing-Obermenzing,48.1632948,11.4810703,Entire home/apt,14,0,,288,137.0,EUR per night,6.16126054102285,5-10 km from Oktoberfest,,,
900702509040588492,Obergiesing,48.114130587989465,11.575162398505984,Entire home/apt,3,6,0.18,362,749.0,EUR per night,2.7445250661349596,2-5 km from Oktoberfest,,,
903578452724894841,Neuhausen-Nymphenburg,48.14941611646666,11.538231602328947,Entire home/apt,2,0,,349,199.0,EUR per night,2.119587793852232,2-5 km from Oktoberfest,,,
904226377444095148,Neuhausen-Nymphenburg,48.15005,11.53348,Private room,2,6,0.18,62,161.0,EUR per night,2.342235410302818,2-5 km from Oktoberfest,,,
904451528997778542,Au-Haidhausen,48.12221,11.57918,Entire home/apt,3,4,0.16,207,203.0,EUR per night,2.4522586823803216,2-5 km from Oktoberfest,,,
905692303290204668,Ludwigsvorstadt-Isarvorstadt,48.13851715750005,11.562545478555334,Private room,1,13,0.35,356,236.0,EUR per night,1.2159721125899585,0-2 km from Oktoberfest,,,
906547234154961787,Sendling-Westpark,48.11619721846061,11.50746160793456,Entire home/apt,2,32,0.86,187,201.0,EUR per night,3.5756102295119816,2-5 km from Oktoberfest,,,
906642379246699936,Moosach,48.18427,11.53485,Private room,1,102,2.79,38,94.0,EUR per night,5.923801876341969,5-10 km from Oktoberfest,,,
907096371317712714,Schwabing-West,48.16748584526668,11.566185075222991,Private room,2,7,0.19,356,159.0,EUR per night,4.1460578075719585,2-5 km from Oktoberfest,,,
907755963789549889,Schwanthalerhöhe,48.13589558712608,11.5462468624739,Entire home/apt,2,11,0.32,13,415.0,EUR per night,0.505643213326491,0-2 km from Oktoberfest,,,
907792597888608024,Ramersdorf-Perlach,48.10759892872583,11.622928784631554,Private room,1,35,1.0,326,65.0,EUR per night,6.083726979801051,5-10 km from Oktoberfest,,,
908463620542767087,Pasing-Obermenzing,48.1638028,11.4825952,Private room,1,0,,365,496.0,EUR per night,6.101027634074651,5-10 km from Oktoberfest,,,
908616675159586273,Sendling-Westpark,48.11318314423021,11.529962717519956,Entire home/apt,2,16,0.63,9,110.0,EUR per night,2.5366390710671203,2-5 km from Oktoberfest,,,
908643992212779901,Au-Haidhausen,48.12421892825084,11.587067931256012,Entire home/apt,3,0,,282,743.0,EUR per night,2.9161366308227956,2-5 km from Oktoberfest,,,
908684589147874430,Schwanthalerhöhe,48.13773141210536,11.528655915458549,Entire home/apt,1,9,0.25,25,85.0,EUR per night,1.677235655358311,0-2 km from Oktoberfest,,,
908781565268254705,Maxvorstadt,48.14875,11.563,Entire home/apt,1,134,3.89,7,223.0,EUR per night,2.1246046597679378,2-5 km from Oktoberfest,,,
909965738317430982,Ludwigsvorstadt-Isarvorstadt,48.13805319999999,11.5613486,Entire home/apt,2,83,2.27,152,137.0,EUR per night,1.1141174439098223,0-2 km from Oktoberfest,,,
911258213928672285,Pasing-Obermenzing,48.157966408059934,11.4449766420264,Entire home/apt,21,1,0.03,87,102.0,EUR per night,8.279022005718836,5-10 km from Oktoberfest,,,
911954689907904673,Neuhausen-Nymphenburg,48.14539251662367,11.52075141333985,Entire home/apt,1,1,0.04,247,136.0,EUR per night,2.6080004413847218,2-5 km from Oktoberfest,,,
912002626552516067,Laim,48.14033813416467,11.513181645849782,Private room,3,16,0.47,18,98.0,EUR per night,2.8537482436891075,2-5 km from Oktoberfest,,,
912150133501391274,Schwabing-West,48.16622742521303,11.572416773382733,Entire home/apt,4,18,0.5,236,138.0,EUR per night,4.178555055440772,2-5 km from Oktoberfest,,,
912382363374401793,Ludwigsvorstadt-Isarvorstadt,48.13910817357918,11.56120997692781,Entire home/apt,2,79,2.14,82,137.0,EUR per night,1.1821775312953886,0-2 km from Oktoberfest,,,
912446506165380827,Neuhausen-Nymphenburg,48.1590892,11.5461,Private room,2,49,1.42,37,73.0,EUR per night,3.033806879841439,2-5 km from Oktoberfest,,,
914352696506959419,Au-Haidhausen,48.12744270926455,11.60037988878311,Entire home/apt,1,13,0.38,157,320.0,EUR per night,3.8085258362671306,2-5 km from Oktoberfest,,,
914976149325803158,Thalkirchen-Obersendling-Forstenried-Fürstenried-Solln,48.0843795,11.5230364,Entire home/apt,91,3,0.1,212,37.0,EUR per night,5.637531040747452,5-10 km from Oktoberfest,,,
915728278631418221,Feldmoching-Hasenbergl,48.22407079509241,11.515914996295148,Entire home/apt,1,25,0.69,136,122.0,EUR per night,10.547116372795548,10+ km from Oktoberfest,,,
915833887441011735,Maxvorstadt,48.15066,11.57119,Entire home/apt,3,23,0.67,24,769.0,EUR per night,2.634696199729952,2-5 km from Oktoberfest,,,
916166460654647731,Untergiesing-Harlaching,48.10936,11.57809,Private room,2,7,0.21,166,89.0,EUR per night,3.2841386335550147,2-5 km from Oktoberfest,,,
916511012250763338,Schwanthalerhöhe,48.13572,11.5466,Entire home/apt,2,65,1.95,305,327.0,EUR per night,0.47617309902809934,0-2 km from Oktoberfest,,,
917843287606460495,Hadern,48.128870769212405,11.476371273541272,Entire home/apt,60,4,0.11,182,58.0,EUR per night,5.437741153464523,5-10 km from Oktoberfest,,,
918643050845310830,Au-Haidhausen,48.12398,11.57895,Entire home/apt,3,15,0.42,344,228.0,EUR per night,2.35650134484732,2-5 km from Oktoberfest,,,
918707194984221542,Bogenhausen,48.154714224366,11.631309100355129,Entire home/apt,2,5,0.14,357,138.0,EUR per night,6.57877423689845,5-10 km from Oktoberfest,,,
918940158941115038,Sendling-Westpark,48.10729537405705,11.515449594444837,Shared room,1,18,0.54,76,60.0,EUR per night,3.7247803204542613,2-5 km from Oktoberfest,,,
918940163629340328,Sendling-Westpark,48.106107294747694,11.51531379320236,Private room,1,17,0.5,88,60.0,EUR per night,3.8295593543288833,2-5 km from Oktoberfest,,,
918940169434297007,Sendling-Westpark,48.10737784404915,11.5161624179333,Private room,1,5,0.2,85,76.0,EUR per night,3.6822811266523625,2-5 km from Oktoberfest,,,
919456581111183464,Ludwigsvorstadt-Isarvorstadt,48.1375599,11.5604682,Entire home/apt,1,145,4.32,303,128.0,EUR per night,1.0288772662852768,0-2 km from Oktoberfest,,,
919601165418290290,Obergiesing,48.10525089999999,11.5916173,Private room,1,7,0.2,258,98.0,EUR per night,4.307634583495503,2-5 km from Oktoberfest,,,
922399536708825965,Ludwigsvorstadt-Isarvorstadt,48.13002626086366,11.578325517475603,Entire home/apt,3,8,0.23,248,300.0,EUR per night,2.1494035327645804,2-5 km from Oktoberfest,,,
922583197723366367,Ludwigsvorstadt-Isarvorstadt,48.13687062092578,11.554381038801806,Entire home/apt,1,19,0.57,8,225.0,EUR per night,0.6608254836955206,0-2 km from Oktoberfest,,,
923636365449883067,Thalkirchen-Obersendling-Forstenried-Fürstenried-Solln,48.08774,11.52923,Private room,1,21,0.59,310,270.0,EUR per night,5.135815480246387,5-10 km from Oktoberfest,,,
923735830396656544,Untergiesing-Harlaching,48.07232186412804,11.54748932630208,Entire home/apt,12,7,0.2,210,150.0,EUR per night,6.626468716903854,5-10 km from Oktoberfest,,,
924492697847098722,Berg am Laim,48.120089929803946,11.637289534392748,Entire home/apt,1,15,0.44,159,269.0,EUR per night,6.646933639487105,5-10 km from Oktoberfest,,,
924517568683665917,Tudering-Riem,48.10357163498089,11.692425374930686,Entire home/apt,1,4,0.11,170,226.0,EUR per night,11.067638766994225,10+ km from Oktoberfest,,,
924686499407868569,Ramersdorf-Perlach,48.12326538631557,11.599444263725395,Entire home/apt,2,18,0.51,328,224.0,EUR per night,3.829174697848665,2-5 km from Oktoberfest,,,
925852562363379780,Feldmoching-Hasenbergl,48.21511,11.55882,Private room,1,23,0.68,177,113.0,EUR per night,9.278304810157874,5-10 km from Oktoberfest,,,
927123008718496797,Maxvorstadt,48.15052,11.55402,Entire home/apt,2,27,0.8,351,299.0,EUR per night,2.0974374442649073,2-5 km from Oktoberfest,,,
927199412682059968,Tudering-Riem,48.14095753368122,11.682978896270244,Private room,1,73,2.02,115,85.0,EUR per night,9.95613344404392,5-10 km from Oktoberfest,,,
927405796565149608,Neuhausen-Nymphenburg,48.15748143330921,11.533879240670965,Entire home/apt,2,5,0.14,15,99.0,EUR per night,3.071573881171734,2-5 km from Oktoberfest,,,
927680560877220046,Pasing-Obermenzing,48.14707,11.45808,Entire home/apt,2,24,0.68,185,298.0,EUR per night,6.990175550901871,5-10 km from Oktoberfest,,,
927946386427611984,Ludwigsvorstadt-Isarvorstadt,48.1375599,11.5604682,Entire home/apt,1,79,2.33,294,145.0,EUR per night,1.0288772662852768,0-2 km from Oktoberfest,,,
927951134598825378,Ludwigsvorstadt-Isarvorstadt,48.1375599,11.5604682,Entire home/apt,1,154,4.69,295,107.0,EUR per night,1.0288772662852768,0-2 km from Oktoberfest,,,
927963213067859995,Ludwigsvorstadt-Isarvorstadt,48.1375599,11.5604682,Entire home/apt,1,118,3.51,307,142.0,EUR per night,1.0288772662852768,0-2 km from Oktoberfest,,,
927970229613591209,Ludwigsvorstadt-Isarvorstadt,48.1375599,11.5604682,Entire home/apt,1,194,5.87,220,237.0,EUR per night,1.0288772662852768,0-2 km from Oktoberfest,,,
928218515090629339,Pasing-Obermenzing,48.1562963908537,11.446478180587292,Private room,1,79,2.19,27,80.0,EUR per night,8.110894276289095,5-10 km from Oktoberfest,,,
928360332566780262,Au-Haidhausen,48.1318506,11.5921536,Entire home/apt,4,7,0.56,39,280.0,EUR per night,3.1654792346257543,2-5 km from Oktoberfest,,,
928978221404956310,Milbertshofen-Am Hart,48.18106587786006,11.565241250957454,Entire home/apt,1,35,1.02,31,396.0,EUR per night,5.590300768473129,5-10 km from Oktoberfest,,,
929480948079578706,Ludwigsvorstadt-Isarvorstadt,48.1380065,11.5608404,Entire home/apt,2,122,3.4,214,344.0,EUR per night,1.0813332205135868,0-2 km from Oktoberfest,,,
929507781260949025,Sendling,48.12188209112401,11.549109729363472,Entire home/apt,1,20,0.56,17,429.0,EUR per night,1.114317187580132,0-2 km from Oktoberfest,,,
930273994671050577,Schwabing-West,48.161,11.57558,Entire home/apt,1,48,1.42,138,205.0,EUR per night,3.770174236563252,2-5 km from Oktoberfest,,,
930973940237137971,Ludwigsvorstadt-Isarvorstadt,48.138282311833095,11.561584634393297,Entire home/apt,2,65,1.81,59,138.0,EUR per night,1.143623247317605,0-2 km from Oktoberfest,,,
931610847629205579,Ludwigsvorstadt-Isarvorstadt,48.13805319999999,11.5613486,Entire home/apt,2,49,1.37,58,127.0,EUR per night,1.1141174439098223,0-2 km from Oktoberfest,,,
931700824964752918,Ludwigsvorstadt-Isarvorstadt,48.12715,11.57492,Entire home/apt,3,1,0.03,178,290.0,EUR per night,1.9591345902752177,0-2 km from Oktoberfest,,,
932457028533975974,Maxvorstadt,48.148369621939125,11.576677003570463,Entire home/apt,1,13,0.36,71,296.0,EUR per night,2.724038081888008,2-5 km from Oktoberfest,,,
933169795339833700,Altstadt-Lehel,48.1343925,11.5739792,Private room,1,1,0.04,179,999.0,EUR per night,1.8376631629052205,0-2 km from Oktoberfest,,,
933188426506467226,Altstadt-Lehel,48.1343925,11.5739792,Private room,1,0,,179,999.0,EUR per night,1.8376631629052205,0-2 km from Oktoberfest,,,
933195766333470241,Altstadt-Lehel,48.1343925,11.5739792,Private room,1,0,,179,999.0,EUR per night,1.8376631629052205,0-2 km from Oktoberfest,,,
933204804064985979,Altstadt-Lehel,48.1343925,11.5739792,Private room,1,0,,179,999.0,EUR per night,1.8376631629052205,0-2 km from Oktoberfest,,,
933214590735824054,Altstadt-Lehel,48.1343925,11.5739792,Private room,1,0,,179,999.0,EUR per night,1.8376631629052205,0-2 km from Oktoberfest,,,
933222290972393748,Altstadt-Lehel,48.1343925,11.5739792,Private room,1,1,0.03,179,999.0,EUR per night,1.8376631629052205,0-2 km from Oktoberfest,,,
933901074643884517,Au-Haidhausen,48.13224,11.60577,Entire home/apt,2,65,1.83,12,328.0,EUR per night,4.176150915432442,2-5 km from Oktoberfest,,,
934164431271275535,Ludwigsvorstadt-Isarvorstadt,48.13045169999999,11.5670977,Entire home/apt,14,5,0.49,244,77.0,EUR per night,1.315897030375816,0-2 km from Oktoberfest,,,
935205080617478409,Tudering-Riem,48.1027648,11.6621094,Entire home/apt,58,0,,190,35.0,EUR per night,8.96531809579556,5-10 km from Oktoberfest,,,
935336009289976467,Ludwigsvorstadt-Isarvorstadt,48.1265964,11.5532126,Entire home/apt,1,14,0.41,18,141.0,EUR per night,0.6509280977236611,0-2 km from Oktoberfest,,,
936861759879412772,Aubing-Lochhausen-Langwied,48.17248,11.4077,Private room,14,6,0.17,179,57.0,EUR per night,11.446253180688638,10+ km from Oktoberfest,,,
936898941916152068,Ramersdorf-Perlach,48.115021528439165,11.625729498772891,Entire home/apt,1,20,0.56,348,159.0,EUR per night,5.961330694150326,5-10 km from Oktoberfest,,,
937544342213846278,Thalkirchen-Obersendling-Forstenried-Fürstenried-Solln,48.10263,11.54153,Entire home/apt,14,7,0.2,60,108.0,EUR per night,3.308014888014225,2-5 km from Oktoberfest,,,
937715320919542657,Tudering-Riem,48.13258,11.68729,Entire home/apt,2,26,0.96,222,172.0,EUR per night,10.226088776775558,10+ km from Oktoberfest,,,
938443935773388615,Ramersdorf-Perlach,48.08835745149258,11.637912686843974,Entire home/apt,5,6,0.18,157,116.0,EUR per night,8.15664270188556,5-10 km from Oktoberfest,,,
938446802136708568,Ludwigsvorstadt-Isarvorstadt,48.13805319999999,11.5613486,Entire home/apt,2,59,1.65,67,136.0,EUR per night,1.1141174439098223,0-2 km from Oktoberfest,,,
938916315391156417,Tudering-Riem,48.12150653830893,11.677569503072329,Entire home/apt,1,5,0.34,116,148.0,EUR per night,9.575445830272116,5-10 km from Oktoberfest,,,
939086574081449593,Ludwigsvorstadt-Isarvorstadt,48.13805319999999,11.5613486,Entire home/apt,2,66,1.86,68,124.0,EUR per night,1.1141174439098223,0-2 km from Oktoberfest,,,
939699698937062907,Ludwigsvorstadt-Isarvorstadt,48.12418344311202,11.55308701587733,Entire home/apt,1,17,0.66,343,253.0,EUR per night,0.8983940051217039,0-2 km from Oktoberfest,,,
939822968420114471,Sendling-Westpark,48.13271,11.5246,Entire home/apt,3,0,,88,1000.0,EUR per night,1.8500952734226106,0-2 km from Oktoberfest,,,
939856308375995084,Bogenhausen,48.14579965156635,11.619156861250698,Entire home/apt,1,36,1.06,147,85.0,EUR per night,5.394911657408953,5-10 km from Oktoberfest,,,
939903842716828373,Laim,48.13724884292457,11.510426066815851,Entire home/apt,1,66,1.86,66,120.0,EUR per night,2.9600314168585933,2-5 km from Oktoberfest,,,
940229753995073260,Maxvorstadt,48.1463456,11.5756792,Entire home/apt,1,83,2.34,169,202.0,EUR per night,2.520660959611208,2-5 km from Oktoberfest,,,
940350089908401861,Altstadt-Lehel,48.13529056748177,11.580075456589412,Entire home/apt,1,11,0.33,363,480.0,EUR per night,2.300145050233147,2-5 km from Oktoberfest,,,
941866477394359135,Schwabing-Freimann,48.19861,11.62598,Entire home/apt,14,2,0.07,250,83.0,EUR per night,9.337951960275445,5-10 km from Oktoberfest,,,
941944295359479309,Laim,48.134328,11.4896926,Private room,1,9,0.27,18,265.0,EUR per night,4.446615171322494,2-5 km from Oktoberfest,,,
942082578377100733,Schwabing-West,48.1609893177077,11.564883150896634,Private room,1,32,2.27,61,109.0,EUR per night,3.4300342444912344,2-5 km from Oktoberfest,,,
942455310395993428,Tudering-Riem,48.11656941273819,11.67968122315038,Private room,2,69,1.95,222,64.0,EUR per night,9.811863048853711,5-10 km from Oktoberfest,,,
942616467836957158,Obergiesing,48.11628,11.59116,Private room,10,0,,73,60.0,EUR per night,3.5466079903288454,2-5 km from Oktoberfest,,,
942658649303055510,Thalkirchen-Obersendling-Forstenried-Fürstenried-Solln,48.0864067,11.5301338,Entire home/apt,2,2,0.06,300,488.0,EUR per night,5.259006375842594,5-10 km from Oktoberfest,,,
942728104094716983,Sendling,48.1114665,11.5526224,Entire home/apt,2,19,0.54,47,155.0,EUR per night,2.2838920431288225,2-5 km from Oktoberfest,,,
942801807279279510,Untergiesing-Harlaching,48.09672,11.58189,Private room,1,39,1.17,146,79.0,EUR per night,4.591793351580102,2-5 km from Oktoberfest,,,
942848866844040150,Obergiesing,48.11489,11.59521,Entire home/apt,1,24,0.7,30,192.0,EUR per night,3.884455666281672,2-5 km from Oktoberfest,,,
944061163924828252,Milbertshofen-Am Hart,48.209113826875445,11.566642766842609,Private room,1,0,,364,120.0,EUR per night,8.679391634393154,5-10 km from Oktoberfest,,,
944361739802997584,Tudering-Riem,48.1133,11.65359,Private room,1,19,0.55,178,61.0,EUR per night,7.998311260269681,5-10 km from Oktoberfest,,,
944923060129634944,Laim,48.13823208661303,11.520026933481684,Private room,30,0,,301,78.0,EUR per night,2.2977031814896325,2-5 km from Oktoberfest,,,
945507137426111792,Aubing-Lochhausen-Langwied,48.13824,11.40931,Entire home/apt,5,3,0.09,267,110.0,EUR per night,10.427205715813452,10+ km from Oktoberfest,,,
945511308902727949,Aubing-Lochhausen-Langwied,48.1394609,11.4092089,Entire home/apt,4,5,0.2,255,101.0,EUR per night,10.44461788471633,10+ km from Oktoberfest,,,
946381360760782234,Ramersdorf-Perlach,48.108098,11.6318798,Entire home/apt,90,0,,159,25.0,EUR per night,6.663286254023587,5-10 km from Oktoberfest,,,
946859143169238467,Pasing-Obermenzing,48.1446838204985,11.453051029766064,Private room,2,33,0.98,44,89.0,EUR per night,7.296726307204096,5-10 km from Oktoberfest,,,
947216301895171618,Thalkirchen-Obersendling-Forstenried-Fürstenried-Solln,48.10066221015771,11.519815034292236,Entire home/apt,3,4,0.15,346,178.0,EUR per night,4.113558236119836,2-5 km from Oktoberfest,,,
947636032427977918,Allach-Untermenzing,48.17864,11.48092,Entire home/apt,4,23,0.65,243,519.0,EUR per night,7.272652324527112,5-10 km from Oktoberfest,,,
947654456388843602,Ludwigsvorstadt-Isarvorstadt,48.13757,11.55433,Entire home/apt,1,32,0.95,59,494.0,EUR per night,0.725239341910383,0-2 km from Oktoberfest,,,
947848961285576234,Sendling,48.12501,11.5462,Entire home/apt,2,6,0.67,316,172.0,EUR per night,0.8043296149550282,0-2 km from Oktoberfest,,,
947942186969825644,Sendling,48.11753299999999,11.5453976,Entire home/apt,1,10,0.28,251,465.0,EUR per night,1.6262976185410094,0-2 km from Oktoberfest,,,
948299500374476052,Pasing-Obermenzing,48.16179,11.46992,Private room,2,3,0.12,142,118.0,EUR per night,6.77538889204081,5-10 km from Oktoberfest,,,
948481786266995645,Allach-Untermenzing,48.19321,11.44926,Entire home/apt,6,23,0.68,258,83.0,EUR per night,10.087191329323023,10+ km from Oktoberfest,,,
948581674790320280,Ludwigsvorstadt-Isarvorstadt,48.12473,11.55471,Entire home/apt,2,14,0.41,93,622.0,EUR per night,0.8860906104928391,0-2 km from Oktoberfest,,,
948676099818226612,Altstadt-Lehel,48.1359409,11.5868814,Entire home/apt,1,177,5.05,149,559.0,EUR per night,2.8102491807696537,2-5 km from Oktoberfest,,,
948933616461087334,Obergiesing,48.11708309999999,11.5906337,Entire home/apt,1,17,0.5,309,182.0,EUR per night,3.4692918584538983,2-5 km from Oktoberfest,,,
949114195673325066,Au-Haidhausen,48.12771,11.58702,Entire home/apt,5,0,,87,111.0,EUR per night,2.8233117489171247,2-5 km from Oktoberfest,,,
949682971945729686,Ramersdorf-Perlach,48.098719109406765,11.60744768287108,Entire home/apt,30,1,0.03,89,119.0,EUR per night,5.667363231671644,5-10 km from Oktoberfest,,,
949943365843539390,Sendling-Westpark,48.1117614197234,11.526670317892773,Private room,1,37,1.08,90,88.0,EUR per night,2.8082340950019784,2-5 km from Oktoberfest,,,
950711529520916830,Tudering-Riem,48.11573,11.69335,Entire home/apt,1,50,2.6,109,92.0,EUR per night,10.827623408207781,10+ km from Oktoberfest,,,
950798267377022916,Milbertshofen-Am Hart,48.18365,11.55345,Entire home/apt,2,79,2.3,129,189.0,EUR per night,5.761791901837723,5-10 km from Oktoberfest,,,
951121590519558532,Schwabing-West,48.17312981983897,11.56492937665412,Entire home/apt,1,4,0.12,187,192.0,EUR per night,4.725272179958009,2-5 km from Oktoberfest,,,
951141273996818376,Sendling,48.12208,11.5482,Entire home/apt,3,5,0.15,34,361.0,EUR per night,1.0961888297567381,0-2 km from Oktoberfest,,,
952108863819377760,Ludwigsvorstadt-Isarvorstadt,48.12947905278168,11.572452938112727,Entire home/apt,1,21,0.6,43,224.0,EUR per night,1.724597446598149,0-2 km from Oktoberfest,,,
952210572291926902,Schwabing-West,48.1735889,11.5616445,Entire home/apt,2,33,0.97,70,165.0,EUR per night,4.722328871111912,2-5 km from Oktoberfest,,,
952513663534675678,Ludwigsvorstadt-Isarvorstadt,48.13679103193344,11.560289786287656,Entire home/apt,1,163,4.88,187,208.0,EUR per night,0.9679449597116744,0-2 km from Oktoberfest,,,
952927696060202306,Bogenhausen,48.14421,11.6231,Entire home/apt,5,3,0.09,26,428.0,EUR per night,5.630379257305186,5-10 km from Oktoberfest,,,
952979672689781859,Milbertshofen-Am Hart,48.17751,11.56533,Private room,4,16,0.47,20,45.0,EUR per night,5.205771885420544,5-10 km from Oktoberfest,,,
953374407953862260,Ramersdorf-Perlach,48.1095127,11.5978728,Entire home/apt,1,5,0.2,265,190.0,EUR per night,4.3692093377317445,2-5 km from Oktoberfest,,,
953376196233002477,Maxvorstadt,48.14834766455885,11.578433824257884,Entire home/apt,1,2,0.06,74,115.0,EUR per night,2.8203190922302084,2-5 km from Oktoberfest,,,
953458763431187495,Ludwigsvorstadt-Isarvorstadt,48.1365156,11.5566293,Entire home/apt,1,448,31.26,313,118.0,EUR per night,0.7371009207687634,0-2 km from Oktoberfest,,,
953507851517906165,Milbertshofen-Am Hart,48.1822788,11.5643645,Private room,2,32,0.94,125,328.0,EUR per night,5.709347750317356,5-10 km from Oktoberfest,,,
953531585851754011,Ludwigsvorstadt-Isarvorstadt,48.1365156,11.5566293,Entire home/apt,1,15,1.05,295,137.0,EUR per night,0.7371009207687634,0-2 km from Oktoberfest,,,
953534900896207503,Ludwigsvorstadt-Isarvorstadt,48.1365156,11.5566293,Entire home/apt,1,16,1.15,301,145.0,EUR per night,0.7371009207687634,0-2 km from Oktoberfest,,,
953648269347096079,Maxvorstadt,48.15192843958552,11.562357137065684,Private room,3,3,0.2,17,71.0,EUR per night,2.422785873572848,2-5 km from Oktoberfest,,,
953760971623833409,Ludwigsvorstadt-Isarvorstadt,48.12829710921043,11.5726288408041,Entire home/apt,1,16,0.47,269,140.0,EUR per night,1.762663497877024,0-2 km from Oktoberfest,,,
954237915368227874,Sendling,48.127375266412514,11.538670232593548,Entire home/apt,3,4,0.12,8,142.0,EUR per night,0.9482361748508438,0-2 km from Oktoberfest,,,
954939328123410198,Ludwigsvorstadt-Isarvorstadt,48.12455589317493,11.551144850262435,Entire home/apt,3,0,,269,560.0,EUR per night,0.8257018724130384,0-2 km from Oktoberfest,,,
955414492556349201,Tudering-Riem,48.1039392,11.6925638,Entire home/apt,2,38,1.09,290,160.0,EUR per night,11.065900850978183,10+ km from Oktoberfest,,,
955523215592397468,Ludwigsvorstadt-Isarvorstadt,48.12346,11.56631,Entire home/apt,3,16,0.48,77,272.0,EUR per night,1.5611978413237775,0-2 km from Oktoberfest,,,
956379788419290130,Ludwigsvorstadt-Isarvorstadt,48.13037,11.56729,Entire home/apt,1,88,3.02,111,218.0,EUR per night,1.3311939053581916,0-2 km from Oktoberfest,,,
956674305694162589,Schwabing-West,48.16242,11.56205,Entire home/apt,5,8,0.24,170,141.0,EUR per night,3.5190826044714276,2-5 km from Oktoberfest,,,
957125344233859899,Altstadt-Lehel,48.14936545286709,11.596822592065411,Entire home/apt,1,90,2.63,82,181.0,EUR per night,4.012656124162132,2-5 km from Oktoberfest,,,
957183840498152042,Schwabing-West,48.159104154628366,11.562157406745923,Entire home/apt,1,163,5.35,233,332.0,EUR per night,3.167383596483657,2-5 km from Oktoberfest,,,
957209015920973500,Schwabing-Freimann,48.1870155,11.5984839,Entire home/apt,1,0,,343,86.0,EUR per night,7.124624343862433,5-10 km from Oktoberfest,,,
957700683908201259,Au-Haidhausen,48.13510604538688,11.60903039620086,Private room,2,41,1.2,115,97.0,EUR per night,4.432181466791765,2-5 km from Oktoberfest,,,
957832344978836307,Au-Haidhausen,48.140301906358864,11.601229361828754,Entire home/apt,4,2,0.07,191,621.0,EUR per night,3.9507545723333153,2-5 km from Oktoberfest,,,
958400915932761524,Ludwigsvorstadt-Isarvorstadt,48.12836,11.5615,Entire home/apt,3,3,0.09,88,438.0,EUR per night,0.9737042557239435,0-2 km from Oktoberfest,,,
958425580323245496,Tudering-Riem,48.11789527917014,11.681438621341714,Entire home/apt,2,63,1.87,99,129.0,EUR per night,9.916003306893572,5-10 km from Oktoberfest,,,
958456825760379929,Altstadt-Lehel,48.135485368855626,11.588030309777192,Entire home/apt,5,0,,344,200.0,EUR per night,2.8870286719860174,2-5 km from Oktoberfest,,,
958798178275776596,Neuhausen-Nymphenburg,48.1538,11.52514,Entire home/apt,1,20,0.59,134,280.0,EUR per night,3.0326460671985376,2-5 km from Oktoberfest,,,
959164672262573674,Ramersdorf-Perlach,48.10869667199976,11.644664888974122,Entire home/apt,3,4,0.12,89,414.0,EUR per night,7.520544436130337,5-10 km from Oktoberfest,,,
959192471185574733,Obergiesing,48.11574,11.58318,Entire home/apt,2,19,0.56,89,495.0,EUR per night,3.078701874068368,2-5 km from Oktoberfest,,,
959281546831726449,Ludwigsvorstadt-Isarvorstadt,48.13666,11.55693,Entire home/apt,3,6,0.18,29,144.0,EUR per night,0.7643077689133302,0-2 km from Oktoberfest,,,
959471872420009286,Neuhausen-Nymphenburg,48.14616,11.52622,Entire home/apt,3,30,0.89,154,489.0,EUR per night,2.344853494791656,2-5 km from Oktoberfest,,,
959496848648520171,Au-Haidhausen,48.1270016,11.5884817,Entire home/apt,2,20,0.58,33,295.0,EUR per night,2.9439323671724758,2-5 km from Oktoberfest,,,
959510062476486140,Ludwigsvorstadt-Isarvorstadt,48.13026687084949,11.556825714030074,Entire home/apt,7,2,0.06,358,792.0,EUR per night,0.573201597972273,0-2 km from Oktoberfest,,,
959752962384130876,Obergiesing,48.11238,11.579,Entire home/apt,15,2,0.09,222,110.0,EUR per night,3.0831846065877517,2-5 km from Oktoberfest,,,
960130998022160216,Ramersdorf-Perlach,48.10994804666938,11.638632639840893,Private room,1,25,0.74,155,100.0,EUR per night,7.052169352800469,5-10 km from Oktoberfest,,,
960143797987680101,Maxvorstadt,48.15626,11.57089,Private room,1,0,,269,250.0,EUR per night,3.139399543671921,2-5 km from Oktoberfest,,,
960169988143024024,Tudering-Riem,48.13129,11.69026,Private room,1,30,0.89,308,124.0,EUR per night,10.446573197041857,10+ km from Oktoberfest,,,
960359119324078278,Obergiesing,48.1135,11.59377,Entire home/apt,1,11,0.32,88,190.0,EUR per night,3.870915886372255,2-5 km from Oktoberfest,,,
960725546553067178,Allach-Untermenzing,48.18031,11.47416,Private room,4,32,1.17,79,60.0,EUR per night,7.759423492679313,5-10 km from Oktoberfest,,,
961331251524767456,Ludwigsvorstadt-Isarvorstadt,48.1375424,11.5629825,Private room,1,4,4.0,173,95.0,EUR per night,1.1809724762772238,0-2 km from Oktoberfest,,,
961398105469635737,Bogenhausen,48.16153025293085,11.64444517563206,Entire home/apt,2,26,0.81,58,221.0,EUR per night,7.7766150732044625,5-10 km from Oktoberfest,,,
961399765066350060,Tudering-Riem,48.13148056408189,11.685715768786611,Entire home/apt,3,22,0.67,236,820.0,EUR per night,10.109196645318642,10+ km from Oktoberfest,,,
961578980021070610,Schwabing-Freimann,48.19759,11.58967,Private room,1,0,,263,54.0,EUR per night,7.888605862645286,5-10 km from Oktoberfest,,,
961633992601569410,Berg am Laim,48.1292765015337,11.653018298930848,Entire home/apt,5,9,0.26,269,367.0,EUR per night,7.68818752732819,5-10 km from Oktoberfest,,,
962204303826114744,Sendling,48.124199687260216,11.545470790686911,Entire home/apt,1,4,0.12,23,668.0,EUR per night,0.9069547913875118,0-2 km from Oktoberfest,,,
962205705042140483,Schwabing-West,48.16469379999999,11.57469,Entire home/apt,2,142,4.2,272,278.0,EUR per night,4.097506471669006,2-5 km from Oktoberfest,,,
962331541610105009,Neuhausen-Nymphenburg,48.15865,11.54775,Entire home/apt,3,4,0.12,159,399.0,EUR per night,2.977296789074917,2-5 km from Oktoberfest,,,
962843863065830020,Thalkirchen-Obersendling-Forstenried-Fürstenried-Solln,48.09718,11.50701,Entire home/apt,2,16,0.47,36,177.0,EUR per night,4.9854922405165825,2-5 km from Oktoberfest,,,
962923528835750369,Aubing-Lochhausen-Langwied,48.149655305816005,11.438054434484268,Entire home/apt,2,71,2.13,141,78.0,EUR per night,8.5017502509649,5-10 km from Oktoberfest,,,
963042974078143558,Milbertshofen-Am Hart,48.18217,11.58351,Entire home/apt,5,13,0.39,18,170.0,EUR per night,6.132687889086701,5-10 km from Oktoberfest,,,
963422061724288453,Schwabing-West,48.162958,11.5697137,Entire home/apt,3,11,0.33,86,280.0,EUR per night,3.7650543499139757,2-5 km from Oktoberfest,,,
963542149240932904,Maxvorstadt,48.148133502566026,11.56247682421179,Private room,2,0,,251,105.0,EUR per night,2.045851380818869,2-5 km from Oktoberfest,,,
963596060483122398,Bogenhausen,48.15325152120144,11.636587851951797,Entire home/apt,180,0,,269,23.0,EUR per night,6.884108429757824,5-10 km from Oktoberfest,,,
963886222164328057,Maxvorstadt,48.14566,11.56001,Entire home/apt,1,9,0.27,100,379.0,EUR per night,1.7173354214884113,0-2 km from Oktoberfest,,,
964238925254873768,Sendling,48.1240249317216,11.540913474947136,Entire home/apt,2,6,0.27,77,148.0,EUR per night,1.0830170426717418,0-2 km from Oktoberfest,,,
964251483350851838,Ramersdorf-Perlach,48.09491,11.60749,Private room,1,7,0.21,59,118.0,EUR per night,5.954179852024206,5-10 km from Oktoberfest,,,
964330620622239025,Pasing-Obermenzing,48.1682881,11.4810426,Entire home/apt,3,10,0.3,218,132.0,EUR per night,6.493405964341326,5-10 km from Oktoberfest,,,
964393874175379248,Milbertshofen-Am Hart,48.18230635528565,11.580988991401655,Private room,3,12,0.36,67,113.0,EUR per night,6.072151965342183,5-10 km from Oktoberfest,,,
964439794333929325,Maxvorstadt,48.14580268911054,11.581215710960237,Private room,3,15,0.44,115,153.0,EUR per night,2.8157408398236545,2-5 km from Oktoberfest,,,
964466976734339486,Schwabing-West,48.16814,11.56278,Entire home/apt,1,8,0.23,88,312.0,EUR per night,4.148391143933987,2-5 km from Oktoberfest,,,
964480809220121050,Sendling,48.12123549571776,11.54425436854307,Entire home/apt,1,22,0.65,255,674.0,EUR per night,1.2481173684514801,0-2 km from Oktoberfest,,,
964601045939787389,Thalkirchen-Obersendling-Forstenried-Fürstenried-Solln,48.10018410290383,11.53300943000072,Entire home/apt,2,6,0.17,174,171.0,EUR per night,3.7330825701257018,2-5 km from Oktoberfest,,,
964911055494219036,Aubing-Lochhausen-Langwied,48.1394609,11.4092089,Entire home/apt,5,2,0.06,267,110.0,EUR per night,10.44461788471633,10+ km from Oktoberfest,,,
965017108785592680,Pasing-Obermenzing,48.16589148788329,11.462645319616952,Entire home/apt,7,0,,236,104.0,EUR per night,7.470387150007742,5-10 km from Oktoberfest,,,
965196722549892891,Berg am Laim,48.11955,11.6436,Private room,1,11,0.33,4,148.0,EUR per night,7.118054280921217,5-10 km from Oktoberfest,,,
965211999877062376,Berg am Laim,48.1213790427713,11.644714401798668,Private room,1,6,0.18,3,131.0,EUR per night,7.163095320619364,5-10 km from Oktoberfest,,,
965774669760102927,Sendling-Westpark,48.11753969999999,11.5344311,Entire home/apt,2,3,0.09,2,250.0,EUR per night,1.9495451515236535,0-2 km from Oktoberfest,,,
965802837282148781,Neuhausen-Nymphenburg,48.154554,11.5367035,Private room,1,27,0.8,87,150.0,EUR per night,2.6920051496850883,2-5 km from Oktoberfest,,,
966361424808707206,Ramersdorf-Perlach,48.09824,11.62529,Private room,1,10,0.3,86,84.0,EUR per night,6.757664617602707,5-10 km from Oktoberfest,,,
966381738637282838,Sendling-Westpark,48.1252153183957,11.53665631679618,Entire home/apt,3,15,0.44,173,450.0,EUR per night,1.2087841582380088,0-2 km from Oktoberfest,,,
966409703008683119,Sendling-Westpark,48.1133058,11.5333817,Entire home/apt,1,17,0.5,83,180.0,EUR per night,2.3887845548545674,2-5 km from Oktoberfest,,,
967073270955815307,Obergiesing,48.1114,11.59495,Entire home/apt,2,4,0.12,60,532.0,EUR per night,4.071584030287613,2-5 km from Oktoberfest,,,
967238442272496454,Au-Haidhausen,48.1318506,11.5921536,Entire home/apt,2,13,0.39,131,365.0,EUR per night,3.1654792346257543,2-5 km from Oktoberfest,,,
967327252047739121,Milbertshofen-Am Hart,48.2049257,11.580472,Entire home/apt,7,0,,269,88.0,EUR per night,8.43869605353432,5-10 km from Oktoberfest,,,
967333525502636391,Sendling,48.12096,11.5479,Entire home/apt,2,12,0.36,247,201.0,EUR per night,1.2222552551566865,0-2 km from Oktoberfest,,,
967342011055913537,Maxvorstadt,48.15001,11.56463,Entire home/apt,2,2,0.06,205,999.0,EUR per night,2.3055362316945245,2-5 km from Oktoberfest,,,
967386467100997694,Ludwigsvorstadt-Isarvorstadt,48.13545814303121,11.55372204211395,Private room,2,23,0.68,351,170.0,EUR per night,0.504685423504203,0-2 km from Oktoberfest,,,
967536018885037225,Tudering-Riem,48.108290753713,11.668888189176029,Private room,2,16,0.48,87,129.0,EUR per night,9.242906229178747,5-10 km from Oktoberfest,,,
967804610038790119,Bogenhausen,48.16641,11.63293,Entire home/apt,5,1,0.57,270,112.0,EUR per night,7.2825609705695165,5-10 km from Oktoberfest,,,
967892127975001865,Feldmoching-Hasenbergl,48.2006399,11.5596388,Entire home/apt,1,192,5.58,315,136.0,EUR per night,7.680424724381558,5-10 km from Oktoberfest,,,
967995289417608298,Tudering-Riem,48.12805392233575,11.698233237766647,Private room,1,0,,175,125.0,EUR per night,11.046707360658514,10+ km from Oktoberfest,,,
968225095205380153,Ramersdorf-Perlach,48.10628,11.60841,Private room,45,16,0.47,300,33.0,EUR per night,5.219093460815624,5-10 km from Oktoberfest,,,
968302482924363850,Sendling-Westpark,48.12037,11.51989,Private room,1,162,4.78,73,60.0,EUR per night,2.544335874786292,2-5 km from Oktoberfest,,,
968550433228968178,Altstadt-Lehel,48.13496713522035,11.57721818343062,Entire home/apt,181,0,,360,25.0,EUR per night,2.0850832588078485,2-5 km from Oktoberfest,,,
968598904565424415,Maxvorstadt,48.14983306868456,11.553447364212968,Entire home/apt,1,40,1.17,26,224.0,EUR per night,2.015462386051638,2-5 km from Oktoberfest,,,
968767458701135038,Pasing-Obermenzing,48.13573250541849,11.46343544125557,Entire home/apt,1,74,2.19,234,130.0,EUR per night,6.401114951462508,5-10 km from Oktoberfest,,,
969659408917615411,Sendling-Westpark,48.1243479338813,11.535241755824565,Entire home/apt,4,2,0.06,357,297.0,EUR per night,1.350939483557595,0-2 km from Oktoberfest,,,
970108037411759105,Ludwigsvorstadt-Isarvorstadt,48.13258883374316,11.5802777457216,Entire home/apt,10,5,0.15,256,194.0,EUR per night,2.285392824125336,2-5 km from Oktoberfest,,,
970157935925869766,Neuhausen-Nymphenburg,48.1654034,11.5338488,Entire home/apt,14,5,0.15,327,82.0,EUR per night,3.902170921426068,2-5 km from Oktoberfest,,,
970185062938191247,Maxvorstadt,48.15211,11.57597,Entire home/apt,90,5,0.22,274,20.0,EUR per night,2.984560573742094,2-5 km from Oktoberfest,,,
970791000623513030,Schwabing-West,48.16072697155143,11.563662337451364,Entire home/apt,1,0,,219,150.0,EUR per night,3.373237349405955,2-5 km from Oktoberfest,,,
970798024248789401,Schwanthalerhöhe,48.13608,11.54442,Entire home/apt,2,8,0.24,251,160.0,EUR per night,0.5984605978531873,0-2 km from Oktoberfest,,,
971452758470041433,Schwanthalerhöhe,48.13771826300683,11.543362587690352,Entire home/apt,1,8,0.24,14,925.0,EUR per night,0.7911993682478118,0-2 km from Oktoberfest,,,
971580703523568100,Schwanthalerhöhe,48.1294563,11.5444164,Private room,1,56,1.66,240,83.0,EUR per night,0.4649476690051524,0-2 km from Oktoberfest,,,
971712210912782593,Laim,48.14013442475612,11.51132684041305,Private room,1,72,2.13,291,65.0,EUR per night,2.9770401826770994,2-5 km from Oktoberfest,,,
971723945920605505,Bogenhausen,48.15099,11.62896,Private room,1,90,2.66,9,132.0,EUR per night,6.266389397540974,5-10 km from Oktoberfest,,,
972161592655141632,Bogenhausen,48.16147737767063,11.62240843306105,Entire home/apt,1,137,4.03,221,199.0,EUR per night,6.330587996062406,5-10 km from Oktoberfest,,,
972318773123901673,Schwanthalerhöhe,48.14028052383031,11.535825580358503,Private room,4,4,0.12,249,142.0,EUR per night,1.377711790709879,0-2 km from Oktoberfest,,,
972327833931863907,Neuhausen-Nymphenburg,48.14819956704285,11.52744066663124,Private room,2,44,1.32,71,98.0,EUR per night,2.4421601624322617,2-5 km from Oktoberfest,,,
972363661970328620,Laim,48.13097,11.51075,Entire home/apt,3,18,0.53,87,217.0,EUR per night,2.8776578644628965,2-5 km from Oktoberfest,,,
972452585916640438,Berg am Laim,48.125653325652,11.641462897131124,Entire home/apt,1,23,0.69,363,318.0,EUR per night,6.860556199711024,5-10 km from Oktoberfest,,,
972999842946771499,Bogenhausen,48.14061,11.63016,Private room,1,46,1.43,140,87.0,EUR per night,6.063402686824835,5-10 km from Oktoberfest,,,
973180263172777942,Untergiesing-Harlaching,48.11539203182258,11.570460566532606,Entire home/apt,2,7,0.21,13,248.0,EUR per night,2.406235920898016,2-5 km from Oktoberfest,,,
973206127420282223,Ramersdorf-Perlach,48.10904219385905,11.600252653830095,Entire home/apt,1,30,1.19,129,110.0,EUR per night,4.544576423920298,2-5 km from Oktoberfest,,,
973267368897893537,Ludwigsvorstadt-Isarvorstadt,48.12234,11.56362,Entire home/apt,4,6,0.18,21,169.0,EUR per night,1.492751332189994,0-2 km from Oktoberfest,,,
973272690002577662,Untergiesing-Harlaching,48.11769,11.57432,Entire home/apt,1,81,2.4,175,111.0,EUR per night,2.427030756162869,2-5 km from Oktoberfest,,,
973727273663330787,Sendling-Westpark,48.11183,11.52511,Entire home/apt,1,2,0.06,259,120.0,EUR per night,2.873678704744221,2-5 km from Oktoberfest,,,
973820088790153770,Berg am Laim,48.12575,11.64585,Private room,2,26,0.77,14,101.0,EUR per night,7.183522723368606,5-10 km from Oktoberfest,,,
973892449114600891,Thalkirchen-Obersendling-Forstenried-Fürstenried-Solln,48.0953664413339,11.523002944886684,Private room,1,0,,258,80.0,EUR per night,4.513567528234516,2-5 km from Oktoberfest,,,
973916034067544327,Laim,48.13975739863006,11.520458984814931,Private room,2,44,1.3,76,77.0,EUR per night,2.325443082100449,2-5 km from Oktoberfest,,,
974069927716140515,Sendling-Westpark,48.112531559649206,11.528009955493657,Private room,1,75,2.22,289,109.0,EUR per night,2.680077380249708,2-5 km from Oktoberfest,,,
974355865329647538,Allach-Untermenzing,48.17895617677856,11.472555627299643,Entire home/apt,1,6,0.24,259,378.0,EUR per night,7.7431168923004225,5-10 km from Oktoberfest,,,
974729776643540799,Thalkirchen-Obersendling-Forstenried-Fürstenried-Solln,48.0829934,11.4923181,Private room,1,0,,269,172.0,EUR per night,6.899240542173327,5-10 km from Oktoberfest,,,
975024685506258314,Au-Haidhausen,48.128539859742254,11.59080474606821,Entire home/apt,3,15,0.44,253,138.0,EUR per night,3.088155841962964,2-5 km from Oktoberfest,,,
975160065818005678,Laim,48.14034179999999,11.5087654,Entire home/apt,1,1,0.11,176,326.0,EUR per night,3.1652018581143504,2-5 km from Oktoberfest,,,
975233948124192703,Neuhausen-Nymphenburg,48.1659499,11.5274943,Entire home/apt,2,1,0.03,269,390.0,EUR per night,4.123159219138236,2-5 km from Oktoberfest,,,
975263172180500620,Ludwigsvorstadt-Isarvorstadt,48.12985636815543,11.577537112549033,Entire home/apt,2,35,1.04,166,479.0,EUR per night,2.0931454248082026,2-5 km from Oktoberfest,,,
975290260129396432,Sendling,48.11839,11.53984,Private room,1,20,0.59,2,250.0,EUR per night,1.6645779329054304,0-2 km from Oktoberfest,,,
975374531110002574,Ludwigsvorstadt-Isarvorstadt,48.12147,11.56022,Entire home/apt,2,12,0.35,22,330.0,EUR per night,1.4064524755661614,0-2 km from Oktoberfest,,,
975447595094917209,Laim,48.14232393543691,11.51644204702861,Private room,1,54,1.59,166,81.0,EUR per night,2.713148249751691,2-5 km from Oktoberfest,,,
975762711440984715,Schwabing-West,48.16455,11.56556,Private room,1,2,0.06,212,130.0,EUR per night,3.8210315892956097,2-5 km from Oktoberfest,,,
975806215051681522,Schwabing-West,48.15824029373299,11.574898556068751,Private room,2,0,,259,200.0,EUR per night,3.4827548149891827,2-5 km from Oktoberfest,,,
975830586385087629,Neuhausen-Nymphenburg,48.14991872248687,11.539290402465811,Entire home/apt,2,29,0.86,119,318.0,EUR per night,2.1420241894198635,2-5 km from Oktoberfest,,,
976003178992066534,Maxvorstadt,48.1475835111943,11.549068325035396,Entire home/apt,1,160,4.75,109,443.0,EUR per night,1.7442210153657245,0-2 km from Oktoberfest,,,
976077743338067038,Ludwigsvorstadt-Isarvorstadt,48.12963,11.57765,Private room,1,4,0.12,266,180.0,EUR per night,2.1043492475653465,2-5 km from Oktoberfest,,,
976099492079850924,Untergiesing-Harlaching,48.08480426611687,11.550481878833429,Entire home/apt,4,8,0.24,76,499.0,EUR per night,5.237314087984635,5-10 km from Oktoberfest,,,
976535174352655573,Sendling-Westpark,48.12424908473022,11.531929907347994,Shared room,15,12,0.52,252,73.0,EUR per night,1.5570072044178167,0-2 km from Oktoberfest,,,
976694376850306624,Schwabing-Freimann,48.20314,11.59948,Private room,2,6,0.28,85,154.0,EUR per night,8.745832443529752,5-10 km from Oktoberfest,,,
977235947825015778,Laim,48.1368067,11.5148877,Entire home/apt,1,11,0.32,273,300.0,EUR per night,2.6258843096279008,2-5 km from Oktoberfest,,,
977241045562365313,Sendling,48.11549,11.54666,Entire home/apt,3,14,0.43,12,201.0,EUR per night,1.8368447551525084,0-2 km from Oktoberfest,,,
977286567409966174,Neuhausen-Nymphenburg,48.16430254823164,11.538185704858124,Entire home/apt,1,0,,261,148.0,EUR per night,3.699487552216213,2-5 km from Oktoberfest,,,
977290873233443222,Neuhausen-Nymphenburg,48.16638,11.53813,Entire home/apt,1,0,,261,148.0,EUR per night,3.9256970267641504,2-5 km from Oktoberfest,,,
977352828904307880,Milbertshofen-Am Hart,48.17980523275557,11.57172079496448,Private room,5,3,0.09,51,76.0,EUR per night,5.576014350704459,5-10 km from Oktoberfest,,,
977369428455964079,Maxvorstadt,48.15095018349975,11.553347576773737,Entire home/apt,3,7,0.3,109,245.0,EUR per night,2.137435411681008,2-5 km from Oktoberfest,,,
977435854755129819,Untergiesing-Harlaching,48.11643,11.56823,Entire home/apt,1,25,0.74,175,532.0,EUR per night,2.2117352237374894,2-5 km from Oktoberfest,,,
977442415112594417,Schwanthalerhöhe,48.13465919999999,11.5336106,Entire home/apt,3,17,0.5,221,621.0,EUR per night,1.218436941269456,0-2 km from Oktoberfest,,,
977453320558596355,Schwabing-West,48.16673710000001,11.5645191,Private room,1,186,5.49,199,82.0,EUR per night,4.030775909589184,2-5 km from Oktoberfest,,,
977533245316306284,Thalkirchen-Obersendling-Forstenried-Fürstenried-Solln,48.09964153682425,11.53118497483564,Private room,5,2,0.06,363,178.0,EUR per night,3.8360203858593476,2-5 km from Oktoberfest,,,
978160883046243871,Milbertshofen-Am Hart,48.20053989889114,11.580521379731216,Entire home/apt,3,19,0.56,242,136.0,EUR per night,7.971619747507173,5-10 km from Oktoberfest,,,
978167905532825769,Schwabing-Freimann,48.17119,11.59706,Entire home/apt,1,6,0.18,64,405.0,EUR per night,5.615633439956862,5-10 km from Oktoberfest,,,
978293986417743391,Schwabing-Freimann,48.1649,11.58927,Private room,2,1,0.03,87,130.0,EUR per night,4.70853659432413,2-5 km from Oktoberfest,,,
978822862007278681,Neuhausen-Nymphenburg,48.15696557979534,11.538864296941528,Private room,1,13,0.39,252,95.0,EUR per night,2.8967224463085963,2-5 km from Oktoberfest,,,
978883415876359815,Allach-Untermenzing,48.19097,11.4628,Private room,3,1,0.11,89,239.0,EUR per night,9.192119904191816,5-10 km from Oktoberfest,,,
978913371021691949,Bogenhausen,48.17143595455854,11.641738961702154,Entire home/apt,1,139,4.13,94,396.0,EUR per night,8.133242819098175,5-10 km from Oktoberfest,,,
979427674328263247,Ludwigsvorstadt-Isarvorstadt,48.13615009999999,11.5644478,Entire home/apt,1,11,0.36,272,408.0,EUR per night,1.2057565710853455,0-2 km from Oktoberfest,,,
979464608406954749,Untergiesing-Harlaching,48.11009,11.56693,Entire home/apt,3,3,0.39,81,103.0,EUR per night,2.748702841003791,2-5 km from Oktoberfest,,,
979511374656623971,Berg am Laim,48.1193101338462,11.645392221337843,Private room,4,6,0.18,6,50.0,EUR per night,7.253740231104053,5-10 km from Oktoberfest,,,
979565739489456860,Berg am Laim,48.13096141936957,11.617327675755169,Entire home/apt,3,1,0.03,85,180.0,EUR per night,5.034856911354517,5-10 km from Oktoberfest,,,
979717375977963346,Laim,48.13939869652086,11.513511699460356,Private room,1,26,0.77,149,82.0,EUR per night,2.7977627814735446,2-5 km from Oktoberfest,,,
979769888637387737,Pasing-Obermenzing,48.16412,11.47522,Private room,1,36,1.06,102,182.0,EUR per night,6.573065953882548,5-10 km from Oktoberfest,,,
979801035213182214,Au-Haidhausen,48.12039307804301,11.584069132804869,Entire home/apt,3,24,0.92,19,437.0,EUR per night,2.8671232238525994,2-5 km from Oktoberfest,,,
979887938620562962,Altstadt-Lehel,48.14382,11.59399,Entire home/apt,1,2,0.22,347,180.0,EUR per night,3.557510331492532,2-5 km from Oktoberfest,,,
980182791331967758,Ramersdorf-Perlach,48.10323141997137,11.60475943174576,Private room,1,8,0.24,88,163.0,EUR per night,5.195154237775203,5-10 km from Oktoberfest,,,
980217842539656928,Ramersdorf-Perlach,48.112843328323066,11.60406969487667,Entire home/apt,1,18,0.53,54,39.0,EUR per night,4.57134706270001,2-5 km from Oktoberfest,,,
980258037695395032,Tudering-Riem,48.112448787049246,11.701979550908806,Private room,2,20,0.61,86,71.0,EUR per night,11.522989301899429,10+ km from Oktoberfest,,,
980863634193927313,Altstadt-Lehel,48.13709,11.58649,Private room,2,34,1.01,233,126.0,EUR per night,2.8050265040773747,2-5 km from Oktoberfest,,,
980948312834069218,Obergiesing,48.103383121911946,11.592198880214696,Entire home/apt,1,13,0.41,102,95.0,EUR per night,4.483513259354451,2-5 km from Oktoberfest,,,
981017810390228678,Ludwigsvorstadt-Isarvorstadt,48.1347837261326,11.553975517056392,Entire home/apt,2,139,4.12,339,352.0,EUR per night,0.4616637192365174,0-2 km from Oktoberfest,,,
981070585811176022,Ludwigsvorstadt-Isarvorstadt,48.1365495,11.5561028,Private room,1,16,0.47,76,250.0,EUR per night,0.7123093878374108,0-2 km from Oktoberfest,,,
981072653478862543,Neuhausen-Nymphenburg,48.158107804869104,11.542833857238293,Entire home/apt,3,1,0.11,332,217.0,EUR per night,2.955847822154664,2-5 km from Oktoberfest,,,
981284882900445432,Sendling,48.11283795279262,11.54993566096839,Private room,1,6,0.18,269,93.0,EUR per night,2.1198496098986794,2-5 km from Oktoberfest,,,
981522545465749209,Ludwigsvorstadt-Isarvorstadt,48.1319655,11.5645815,Entire home/apt,21,2,0.07,126,101.0,EUR per night,1.1192738966813192,0-2 km from Oktoberfest,,,
981592416953940945,Moosach,48.17981849759224,11.515284361310172,Private room,1,309,9.15,132,60.0,EUR per night,5.901910693435672,5-10 km from Oktoberfest,,,
981628117238949976,Moosach,48.17161506537857,11.53169961419384,Private room,1,2,0.13,353,183.0,EUR per night,4.609319738271642,2-5 km from Oktoberfest,,,
981669074276750006,Neuhausen-Nymphenburg,48.15444217444903,11.508491405403152,Entire home/apt,1,0,,259,140.0,EUR per night,3.9422182622037436,2-5 km from Oktoberfest,,,
981960706096511114,Neuhausen-Nymphenburg,48.1512207,11.5300121,Entire home/apt,2,18,0.53,11,116.0,EUR per night,2.5896647073539647,2-5 km from Oktoberfest,,,
982273896075980508,Obergiesing,48.11630696925966,11.593965874058352,Entire home/apt,2,2,0.09,253,150.0,EUR per night,3.72818819495358,2-5 km from Oktoberfest,,,
982505546755585820,Berg am Laim,48.12643998264423,11.6364455000593,Entire home/apt,5,1,0.03,87,603.0,EUR per night,6.481370803472384,5-10 km from Oktoberfest,,,
982556643746196164,Pasing-Obermenzing,48.1622636,11.4821293,Private room,1,0,,269,120.0,EUR per night,6.031801134108238,5-10 km from Oktoberfest,,,
982939207687077871,Thalkirchen-Obersendling-Forstenried-Fürstenried-Solln,48.09799,11.5466,Entire home/apt,2,2,0.08,266,246.0,EUR per night,3.776761147778142,2-5 km from Oktoberfest,,,
982990706851616291,Sendling,48.12479,11.54071,Private room,1,11,0.33,264,118.0,EUR per night,1.0250092563842488,0-2 km from Oktoberfest,,,
983091448956190827,Altstadt-Lehel,48.13793862679447,11.571634374459569,Entire home/apt,2,2,0.15,260,585.0,EUR per night,1.7745169142389468,0-2 km from Oktoberfest,,,
983106438342462895,Ludwigsvorstadt-Isarvorstadt,48.13754502182292,11.559339833729542,Entire home/apt,2,137,4.1,281,304.0,EUR per night,0.9629168060017446,0-2 km from Oktoberfest,,,
983772752818969494,Schwanthalerhöhe,48.13739,11.5352,Private room,1,85,2.53,354,119.0,EUR per night,1.224254565759592,0-2 km from Oktoberfest,,,
983816060244436762,Berg am Laim,48.1288361,11.6490691,Private room,1,70,2.1,256,52.0,EUR per night,7.397440856703799,5-10 km from Oktoberfest,,,
983904060684451636,Ludwigsvorstadt-Isarvorstadt,48.1380065,11.5608404,Entire home/apt,1,82,2.46,300,456.0,EUR per night,1.0813332205135868,0-2 km from Oktoberfest,,,
983908292320581815,Schwabing-Freimann,48.20323,11.61392,Private room,1,123,3.65,244,96.0,EUR per night,9.259257123633057,5-10 km from Oktoberfest,,,
983917449355489608,Maxvorstadt,48.15052,11.56412,Entire home/apt,5,28,0.84,70,201.0,EUR per night,2.337426441088407,2-5 km from Oktoberfest,,,
983970993929620608,Ramersdorf-Perlach,48.10938119999999,11.6452595,Private room,5,8,0.24,249,47.0,EUR per night,7.5363438122467805,5-10 km from Oktoberfest,,,
984526535633122289,Laim,48.1412414,11.5027718,Entire home/apt,2,4,0.19,175,400.0,EUR per night,3.619781670922668,2-5 km from Oktoberfest,,,
984714484903551774,Ludwigsvorstadt-Isarvorstadt,48.13805319999999,11.5613486,Entire home/apt,2,60,1.78,167,129.0,EUR per night,1.1141174439098223,0-2 km from Oktoberfest,,,
984806708874957617,Au-Haidhausen,48.128248292698736,11.598968276859456,Private room,1,22,0.65,85,82.0,EUR per night,3.693730902489571,2-5 km from Oktoberfest,,,
984891852944104681,Sendling-Westpark,48.106537241022295,11.516411416232586,Shared room,1,6,0.19,174,60.0,EUR per night,3.7398704262514535,2-5 km from Oktoberfest,,,
986127879673461330,Sendling,48.125,11.53928,Private room,1,0,,89,300.0,EUR per night,1.078891445146799,0-2 km from Oktoberfest,,,
988297826581899279,Au-Haidhausen,48.13081,11.59942,Entire home/apt,1,25,0.96,10,177.0,EUR per night,3.7067592744674687,2-5 km from Oktoberfest,,,
989680893446685560,Sendling,48.11163623957759,11.54591697031047,Private room,3,15,0.46,235,49.0,EUR per night,2.2688695637638996,2-5 km from Oktoberfest,,,
989883126234637133,Obergiesing,48.11699,11.59274,Private room,1,23,0.69,26,80.0,EUR per night,3.6123820909561473,2-5 km from Oktoberfest,,,
990364942606760379,Altstadt-Lehel,48.13440849766764,11.583421384370451,Private room,1,86,2.61,84,138.0,EUR per night,2.532769349067773,2-5 km from Oktoberfest,,,
991149484937390130,Bogenhausen,48.16937,11.63484,Private room,1,6,0.28,26,100.0,EUR per night,7.579045489566642,5-10 km from Oktoberfest,,,
991400956069626660,Tudering-Riem,48.13,11.70127,Private room,1,36,1.08,334,123.0,EUR per night,11.26557080914972,10+ km from Oktoberfest,,,
991840660015360190,Maxvorstadt,48.15074,11.56054,Private room,3,32,0.98,32,126.0,EUR per night,2.249375949035718,2-5 km from Oktoberfest,,,
992518811668735028,Untergiesing-Harlaching,48.11923,11.57264,Entire home/apt,2,12,0.38,53,189.0,EUR per night,2.2214134337330864,2-5 km from Oktoberfest,,,
993849621954292715,Milbertshofen-Am Hart,48.20729868260985,11.576217352981008,Entire home/apt,1,1,0.03,254,63.0,EUR per night,8.61488877833926,5-10 km from Oktoberfest,,,
994130595547270510,Hadern,48.1298,11.47574,Entire home/apt,60,0,,87,59.0,EUR per night,5.479077706725517,5-10 km from Oktoberfest,,,
994724687674389862,Neuhausen-Nymphenburg,48.15452932880193,11.509440456120869,Entire home/apt,4,5,0.23,60,114.0,EUR per night,3.894378897895602,2-5 km from Oktoberfest,,,
995000775067309681,Untergiesing-Harlaching,48.11258498969448,11.566100679337978,Private room,2,36,1.15,93,185.0,EUR per night,2.4761119684025297,2-5 km from Oktoberfest,,,
997336850551081208,Tudering-Riem,48.13419865251017,11.670991145074368,Private room,1,24,0.74,178,103.0,EUR per night,9.019702751979874,5-10 km from Oktoberfest,,,
997757384374953439,Schwabing-West,48.1706169,11.5824126,Private room,1,60,1.87,203,77.0,EUR per night,4.949310999809229,2-5 km from Oktoberfest,,,
998354513101210586,Obergiesing,48.1018255,11.5900534,Private room,2,2,0.22,177,141.0,EUR per night,4.4995858148631935,2-5 km from Oktoberfest,,,
998486656818846937,Schwabing-West,48.1583708,11.5734447,Entire home/apt,2,5,0.54,85,177.0,EUR per night,3.4380060382861433,2-5 km from Oktoberfest,,,
998510455451711513,Altstadt-Lehel,48.13785,11.58372,Entire home/apt,2,23,0.98,71,560.0,EUR per night,2.6242098223860473,2-5 km from Oktoberfest,,,
999900364421609129,Pasing-Obermenzing,48.14720608980904,11.458755965837756,Entire home/apt,1,28,0.92,30,172.0,EUR per night,6.9451941995805,5-10 km from Oktoberfest,,,
1002150496160135443,Aubing-Lochhausen-Langwied,48.183266755616096,11.404277850262448,Private room,1,130,3.97,98,115.0,EUR per night,12.192654482757566,10+ km from Oktoberfest,,,
1002893055811018750,Sendling-Westpark,48.12476074140387,11.534360038980935,Entire home/apt,2,4,0.18,3,127.0,EUR per night,1.3758000097525374,0-2 km from Oktoberfest,,,
1003479597440155447,Milbertshofen-Am Hart,48.19005180128994,11.563163759335827,Private room,1,0,,269,226.0,EUR per night,6.5451245275400405,5-10 km from Oktoberfest,,,
1005038216687157239,Tudering-Riem,48.13167,11.69796,Entire home/apt,1,75,2.36,211,74.0,EUR per night,11.017789006905986,10+ km from Oktoberfest,,,
1006450035939602017,Ludwigsvorstadt-Isarvorstadt,48.13638248014687,11.560867961376964,Private room,1,0,,350,270.0,EUR per night,0.9798597819503458,0-2 km from Oktoberfest,,,
1006464876349900069,Ludwigsvorstadt-Isarvorstadt,48.13645408003447,11.560846503704845,Private room,1,0,,357,270.0,EUR per night,0.9825680286562521,0-2 km from Oktoberfest,,,
1006473934012287230,Ludwigsvorstadt-Isarvorstadt,48.13645408003447,11.56095379206544,Entire home/apt,1,51,1.85,332,405.0,EUR per night,0.9893996003189091,0-2 km from Oktoberfest,,,
1006479486790826140,Ludwigsvorstadt-Isarvorstadt,48.1363395201664,11.560846503704845,Entire home/apt,1,65,2.43,305,450.0,EUR per night,0.9760647994095797,0-2 km from Oktoberfest,,,
1006482616299289328,Ludwigsvorstadt-Isarvorstadt,48.13644,11.56083,Private room,1,3,0.16,347,153.0,EUR per night,0.9807119375184664,0-2 km from Oktoberfest,,,
1006485514780863428,Ludwigsvorstadt-Isarvorstadt,48.1364684,11.5606963,Private room,1,19,0.82,359,153.0,EUR per night,0.9738622262283801,0-2 km from Oktoberfest,,,
1006487895375276012,Ludwigsvorstadt-Isarvorstadt,48.13649703991909,11.560867961376964,Private room,1,5,0.24,343,162.0,EUR per night,0.9863996732341508,0-2 km from Oktoberfest,,,
1006491342654543443,Ludwigsvorstadt-Isarvorstadt,48.13639680013237,11.560867961376964,Private room,1,7,0.34,351,153.0,EUR per night,0.9806706053021369,0-2 km from Oktoberfest,,,
1006494439259370842,Ludwigsvorstadt-Isarvorstadt,48.1364684,11.5606963,Entire home/apt,1,40,1.71,339,495.0,EUR per night,0.9738622262283801,0-2 km from Oktoberfest,,,
1006499184951656737,Ludwigsvorstadt-Isarvorstadt,48.136476581562405,11.560825046032726,Entire home/apt,1,18,0.78,362,162.0,EUR per night,0.9824972280112202,0-2 km from Oktoberfest,,,
1006501260321783830,Ludwigsvorstadt-Isarvorstadt,48.1364684,11.5606963,Entire home/apt,1,10,0.44,297,450.0,EUR per night,0.9738622262283801,0-2 km from Oktoberfest,,,
1006508597615755555,Ludwigsvorstadt-Isarvorstadt,48.13639387195232,11.5608508914142,Private room,1,1,0.04,362,171.0,EUR per night,0.979414946693308,0-2 km from Oktoberfest,,,
1006967950995376267,Neuhausen-Nymphenburg,48.14636822552964,11.532413323257629,Private room,1,23,1.43,184,46.0,EUR per night,2.048351583076037,2-5 km from Oktoberfest,,,
1008093686214808255,Thalkirchen-Obersendling-Forstenried-Fürstenried-Solln,48.09061,11.52058,Entire home/apt,1,2,0.06,258,170.0,EUR per night,5.068489159383268,5-10 km from Oktoberfest,,,
1009166652275635485,Neuhausen-Nymphenburg,48.1654034,11.5338488,Entire home/apt,14,2,0.09,333,84.0,EUR per night,3.902170921426068,2-5 km from Oktoberfest,,,
1010760867423516551,Thalkirchen-Obersendling-Forstenried-Fürstenried-Solln,48.09748924088533,11.49836211286474,Private room,20,0,,270,115.0,EUR per night,5.390100487561936,5-10 km from Oktoberfest,,,
1012240767325998354,Thalkirchen-Obersendling-Forstenried-Fürstenried-Solln,48.074241241734335,11.523710305920028,Entire home/apt,1,187,5.8,198,115.0,EUR per night,6.6912514897849755,5-10 km from Oktoberfest,,,
1014335978968146975,Laim,48.13217,11.50242,Entire home/apt,1,73,2.35,257,100.0,EUR per night,3.4940913729479908,2-5 km from Oktoberfest,,,
1014336533953598903,Laim,48.130202732717706,11.5014261681943,Entire home/apt,1,21,0.66,298,90.0,EUR per night,3.572774400808769,2-5 km from Oktoberfest,,,
1015659315008773637,Laim,48.14159,11.50263,Private room,1,141,4.42,65,85.0,EUR per night,3.6411332996883656,2-5 km from Oktoberfest,,,
1017317850905318898,Milbertshofen-Am Hart,48.18684,11.57333,Entire home/apt,24,4,0.13,59,66.0,EUR per night,6.359619121644437,5-10 km from Oktoberfest,,,
1017783797726576556,Untergiesing-Harlaching,48.10683522568623,11.566649244603898,Entire home/apt,2,13,0.41,3,124.0,EUR per night,3.0640432348973157,2-5 km from Oktoberfest,,,
1017969455866526028,Obergiesing,48.11153,11.59333,Private room,1,20,0.94,2,114.0,EUR per night,3.9642361988212,2-5 km from Oktoberfest,,,
1018016312612828146,Maxvorstadt,48.1485736293881,11.574850380420688,Entire home/apt,2,21,0.68,56,136.0,EUR per night,2.6411538953828337,2-5 km from Oktoberfest,,,
1018094894411249779,Schwabing-West,48.16276,11.56891,Entire home/apt,1,28,1.14,176,189.0,EUR per night,3.7213936605579936,2-5 km from Oktoberfest,,,
1020262959545286497,Ramersdorf-Perlach,48.10188,11.62989,Entire home/apt,16,3,0.11,271,17.0,EUR per night,6.8379060237111275,5-10 km from Oktoberfest,,,
1020914439991659370,Ludwigsvorstadt-Isarvorstadt,48.13536,11.56291,Entire home/apt,3,37,1.18,343,120.0,EUR per night,1.0669503098136166,0-2 km from Oktoberfest,,,
1023986992334026212,Neuhausen-Nymphenburg,48.15730697460022,11.54849289876088,Private room,1,16,0.51,64,48.0,EUR per night,2.8261146686114884,2-5 km from Oktoberfest,,,
1024534991577541601,Au-Haidhausen,48.1294206,11.5857189,Entire home/apt,3,20,0.87,19,435.0,EUR per night,2.7020977846476972,2-5 km from Oktoberfest,,,
1024657987533321817,Neuhausen-Nymphenburg,48.14718,11.53954,Entire home/apt,1,51,1.63,219,225.0,EUR per night,1.852836796721339,0-2 km from Oktoberfest,,,
1024755826616569017,Allach-Untermenzing,48.20005210000001,11.452544,Private room,2,13,0.41,331,63.0,EUR per night,10.44673626467143,10+ km from Oktoberfest,,,
1025462716783533408,Allach-Untermenzing,48.1778028152394,11.46737489891905,Private room,30,6,0.19,76,32.0,EUR per night,7.947686135108034,5-10 km from Oktoberfest,,,
1025898888490198367,Maxvorstadt,48.1500472,11.5569676,Entire home/apt,2,15,0.48,64,103.0,EUR per night,2.092570510074476,2-5 km from Oktoberfest,,,
1027244750880119299,Ramersdorf-Perlach,48.10876,11.63496,Private room,2,8,0.33,7,228.0,EUR per night,6.845677348980445,5-10 km from Oktoberfest,,,
1028309887079672072,Schwabing-West,48.1603481,11.5692643,Entire home/apt,5,7,0.33,151,600.0,EUR per night,3.486633545556583,2-5 km from Oktoberfest,,,
1028843543263930075,Ramersdorf-Perlach,48.1134964,11.6269745,Private room,1,19,0.72,335,163.0,EUR per night,6.103938334870684,5-10 km from Oktoberfest,,,
1029795974507887413,Ramersdorf-Perlach,48.09953,11.64933,Private room,1,0,,256,86.0,EUR per night,8.238899093521022,5-10 km from Oktoberfest,,,
1030328034104444382,Milbertshofen-Am Hart,48.1821523161218,11.546833765943736,Entire home/apt,1,20,0.65,167,180.0,EUR per night,5.591301493039013,5-10 km from Oktoberfest,,,
1031712174004192315,Neuhausen-Nymphenburg,48.16452611055192,11.544715488815054,Private room,3,3,0.1,57,53.0,EUR per night,3.6451820003439535,2-5 km from Oktoberfest,,,
1031820378220809689,Schwabing-West,48.16885558601774,11.579071654708338,Entire home/apt,2,9,0.4,6,120.0,EUR per night,4.658218840598859,2-5 km from Oktoberfest,,,
1033075547892911039,Maxvorstadt,48.1436964,11.5597145,Entire home/apt,2,160,5.38,130,510.0,EUR per night,1.5149488462694927,0-2 km from Oktoberfest,,,
1033137906546807262,Schwabing-West,48.16310392723745,11.577321137917693,Entire home/apt,4,0,,268,515.0,EUR per night,4.037246296162728,2-5 km from Oktoberfest,,,
1033151267878824381,Milbertshofen-Am Hart,48.2121,11.5851,Entire home/apt,1,32,1.02,16,198.0,EUR per night,9.3003767962916,5-10 km from Oktoberfest,,,
1033867952073203025,Bogenhausen,48.1446493,11.6191931,Private room,2,16,0.51,42,121.0,EUR per night,5.362316693209626,5-10 km from Oktoberfest,,,
1038967843074691643,Feldmoching-Hasenbergl,48.20113446506,11.545047063724128,Private room,1,24,0.77,176,138.0,EUR per night,7.705601303210896,5-10 km from Oktoberfest,,,
1038969680240860989,Feldmoching-Hasenbergl,48.20234824513811,11.547010921297474,Private room,1,4,0.13,180,138.0,EUR per night,7.835662159786334,5-10 km from Oktoberfest,,,
1038974336208842289,Feldmoching-Hasenbergl,48.2003,11.54674,Private room,1,31,1.0,154,273.0,EUR per night,7.608486927332447,5-10 km from Oktoberfest,,,
1039007525778382979,Feldmoching-Hasenbergl,48.20105,11.54706,Private room,1,21,0.76,160,200.0,EUR per night,7.691258261412267,5-10 km from Oktoberfest,,,
1039031757886666389,Feldmoching-Hasenbergl,48.20045,11.54522,Private room,1,18,0.59,184,200.0,EUR per night,7.629018584607437,5-10 km from Oktoberfest,,,
1039034317470705063,Feldmoching-Hasenbergl,48.20015,11.54644,Private room,1,9,0.32,184,200.0,EUR per night,7.592446214966427,5-10 km from Oktoberfest,,,
1039036953897754764,Feldmoching-Hasenbergl,48.20204,11.54721,Private room,1,14,0.51,157,200.0,EUR per night,7.801061043589491,5-10 km from Oktoberfest,,,
1039038540636705155,Altstadt-Lehel,48.1355811,11.5801375,Entire home/apt,1,33,1.23,17,355.0,EUR per night,2.310185484266726,2-5 km from Oktoberfest,,,
1039039654749161790,Feldmoching-Hasenbergl,48.20069362760808,11.546858259507264,Private room,1,4,0.15,181,200.0,EUR per night,7.652010963539782,5-10 km from Oktoberfest,,,
1039682933545472125,Thalkirchen-Obersendling-Forstenried-Fürstenried-Solln,48.08958639999999,11.5199196,Entire home/apt,1,5,0.19,364,1000.0,EUR per night,5.192371924341558,5-10 km from Oktoberfest,,,
1040519503057245579,Milbertshofen-Am Hart,48.1808383,11.5690777,Entire home/apt,4,4,0.16,256,319.0,EUR per night,5.632138997770024,5-10 km from Oktoberfest,,,
1040678980734627697,Untergiesing-Harlaching,48.10621,11.5701,Entire home/apt,1,91,2.94,41,60.0,EUR per night,3.24014552412598,2-5 km from Oktoberfest,,,
1043382841388323847,Milbertshofen-Am Hart,48.18183,11.58158,Private room,3,16,0.56,229,103.0,EUR per night,6.0404336366581575,5-10 km from Oktoberfest,,,
1044718148598268499,Ludwigsvorstadt-Isarvorstadt,48.1217,11.56239,Private room,1,1,0.03,167,142.0,EUR per night,1.4838029926520093,0-2 km from Oktoberfest,,,
1045010096378147469,Feldmoching-Hasenbergl,48.199791,11.5374941,Private room,1,45,1.53,299,65.0,EUR per night,7.601464760731844,5-10 km from Oktoberfest,,,
1045065312764707994,Bogenhausen,48.1502571,11.6267616,Entire home/apt,1,13,0.48,352,175.0,EUR per night,6.085383077759675,5-10 km from Oktoberfest,,,
1046782719908151571,Bogenhausen,48.1506007,11.6014727,Entire home/apt,3,11,0.62,117,197.0,EUR per night,4.381280223492297,2-5 km from Oktoberfest,,,
1048126433341903409,Feldmoching-Hasenbergl,48.19914931915011,11.511316560208796,Private room,2,29,1.12,297,95.0,EUR per night,7.996044494662243,5-10 km from Oktoberfest,,,
1049229830527536083,Moosach,48.17579,11.52823,Private room,84,3,0.12,277,15.0,EUR per night,5.129071009339599,5-10 km from Oktoberfest,,,
1049898136267242457,Schwabing-West,48.15874,11.5725,Entire home/apt,1,0,,29,186.0,EUR per night,3.4378907148842286,2-5 km from Oktoberfest,,,
1052732745430073822,Au-Haidhausen,48.13015784693823,11.602907352204,Entire home/apt,1,25,0.89,266,228.0,EUR per night,3.968344840147056,2-5 km from Oktoberfest,,,
1052856769192513660,Schwabing-Freimann,48.17181423527352,11.598051823675632,Entire home/apt,6,5,0.26,362,246.0,EUR per night,5.715865465830861,5-10 km from Oktoberfest,,,
1054285444394009534,Allach-Untermenzing,48.17921490708652,11.461753504319171,Private room,2,83,3.04,222,71.0,EUR per night,8.369391658836058,5-10 km from Oktoberfest,,,
1056291607005243622,Laim,48.13919,11.51733,Entire home/apt,3,0,,270,102.0,EUR per night,2.52114863458767,2-5 km from Oktoberfest,,,
1057628555659620849,Aubing-Lochhausen-Langwied,48.15505694511315,11.42529036004093,Entire home/apt,5,12,0.42,133,99.0,EUR per night,9.568911436213009,5-10 km from Oktoberfest,,,
1057949217703853775,Thalkirchen-Obersendling-Forstenried-Fürstenried-Solln,48.08987,11.52105,Private room,1,69,3.5,236,65.0,EUR per night,5.128680486210242,5-10 km from Oktoberfest,,,
1058117052588064267,Altstadt-Lehel,48.13667,11.57149,Entire home/apt,2,61,2.06,332,175.0,EUR per night,1.7159117941526363,0-2 km from Oktoberfest,,,
1059348162026251636,Maxvorstadt,48.1465669,11.5773273,Entire home/apt,1,81,2.7,67,276.0,EUR per night,2.631246587952796,2-5 km from Oktoberfest,,,
1060010874162659049,Au-Haidhausen,48.1202994,11.5796822,Entire home/apt,5,0,,309,168.0,EUR per night,2.585018174846917,2-5 km from Oktoberfest,,,
1060142489827047490,Ludwigsvorstadt-Isarvorstadt,48.12387854489769,11.56861067156622,Entire home/apt,12,0,,362,182.0,EUR per night,1.6755207009158284,0-2 km from Oktoberfest,,,
1062272075142645628,Ludwigsvorstadt-Isarvorstadt,48.12505840557578,11.559488121441468,Private room,2,9,0.37,181,64.0,EUR per night,1.0622011839172094,0-2 km from Oktoberfest,,,
1062373041121982164,Obergiesing,48.11557,11.57695,Entire home/apt,1,0,,282,206.0,EUR per night,2.7291977403531757,2-5 km from Oktoberfest,,,
1063776450958027140,Ramersdorf-Perlach,48.1055248409243,11.607369147241116,Entire home/apt,60,8,0.27,304,41.0,EUR per night,5.201432518595012,5-10 km from Oktoberfest,,,
1064512940553573878,Ludwigsvorstadt-Isarvorstadt,48.12539,11.57065,Entire home/apt,3,5,0.23,155,493.0,EUR per night,1.728584981230729,0-2 km from Oktoberfest,,,
1064535835045450267,Ludwigsvorstadt-Isarvorstadt,48.12652943377701,11.55111354105345,Entire home/apt,32,15,0.52,281,29.0,EUR per night,0.6090684246148744,0-2 km from Oktoberfest,,,
1065795404474793898,Ludwigsvorstadt-Isarvorstadt,48.1304653198178,11.570133045315742,Entire home/apt,2,24,0.83,24,162.0,EUR per night,1.539559427163257,0-2 km from Oktoberfest,,,
1066043118686737429,Ludwigsvorstadt-Isarvorstadt,48.1313563,11.5548452,Entire home/apt,1,18,0.78,22,164.0,EUR per night,0.40126856769615055,0-2 km from Oktoberfest,,,
1066078281576728077,Ramersdorf-Perlach,48.11508391142569,11.60089271585936,Entire home/apt,1,43,1.87,196,141.0,EUR per night,4.248294208940218,2-5 km from Oktoberfest,,,
1066115521508971552,Schwabing-West,48.16393455913454,11.56860939479357,Entire home/apt,3,2,0.09,10,128.0,EUR per night,3.8338470039213557,2-5 km from Oktoberfest,,,
1066231181873060183,Neuhausen-Nymphenburg,48.14731344176047,11.528572797726296,Private room,4,41,1.44,188,60.0,EUR per night,2.312742453447279,2-5 km from Oktoberfest,,,
1068002673032002330,Untergiesing-Harlaching,48.08755015316765,11.55892988579377,Private room,1,1,0.03,255,45.0,EUR per night,4.980928890283326,2-5 km from Oktoberfest,,,
1068218247042671770,Schwabing-West,48.17242,11.5617,Entire home/apt,1,8,0.31,47,80.0,EUR per night,4.595618360633573,2-5 km from Oktoberfest,,,
1068668514690800139,Thalkirchen-Obersendling-Forstenried-Fürstenried-Solln,48.08532903077701,11.518455052139243,Entire home/apt,20,19,0.65,89,123.0,EUR per night,5.668281887375115,5-10 km from Oktoberfest,,,
1069329545685727811,Hadern,48.11840921367893,11.483993248382887,Entire home/apt,3,3,0.11,67,100.0,EUR per night,5.088277534710073,5-10 km from Oktoberfest,,,
1069603539329338945,Maxvorstadt,48.1536605,11.5741565,Entire home/apt,1,29,1.01,228,99.0,EUR per night,3.0334230339537744,2-5 km from Oktoberfest,,,
1069621617498375545,Ramersdorf-Perlach,48.10118047357766,11.630841062233271,Entire home/apt,1,313,12.64,305,168.0,EUR per night,6.937612090815154,5-10 km from Oktoberfest,,,
1070418056771456135,Maxvorstadt,48.14495737385968,11.563472864420255,Entire home/apt,2,11,0.38,4,120.0,EUR per night,1.7841237527175573,0-2 km from Oktoberfest,,,
1070792328075211614,Neuhausen-Nymphenburg,48.15532,11.52001,Entire home/apt,5,9,0.35,250,194.0,EUR per night,3.4013781955434026,2-5 km from Oktoberfest,,,
1070952433815016875,Ramersdorf-Perlach,48.097443,11.6464698,Entire home/apt,1,159,5.6,317,104.0,EUR per night,8.154989550928445,5-10 km from Oktoberfest,,,
1071084356614494155,Ramersdorf-Perlach,48.084764178405,11.645917005834976,Private room,2,32,1.44,76,69.0,EUR per night,8.872327907812807,5-10 km from Oktoberfest,,,
1071489647978607226,Ramersdorf-Perlach,48.097443,11.6464698,Entire home/apt,1,89,3.06,255,132.0,EUR per night,8.154989550928445,5-10 km from Oktoberfest,,,
1071567434417137477,Ramersdorf-Perlach,48.097443,11.6464698,Entire home/apt,1,20,0.68,306,127.0,EUR per night,8.154989550928445,5-10 km from Oktoberfest,,,
1071594315129071815,Thalkirchen-Obersendling-Forstenried-Fürstenried-Solln,48.0936549,11.5388333,Entire home/apt,1,588,21.94,330,129.0,EUR per night,4.325765174071357,2-5 km from Oktoberfest,,,
1072448995599838221,Ludwigsvorstadt-Isarvorstadt,48.13555,11.5622,Entire home/apt,182,18,0.65,257,16.0,EUR per night,1.026152159875816,0-2 km from Oktoberfest,,,
1073258355902791609,Laim,48.13837328116832,11.519923271450743,Private room,27,0,,255,52.0,EUR per night,2.3098682394280416,2-5 km from Oktoberfest,,,
1074020527934813564,Neuhausen-Nymphenburg,48.15114261312292,11.542644137332209,Entire home/apt,3,13,0.51,23,283.0,EUR per night,2.1993209266952167,2-5 km from Oktoberfest,,,
1074395847001930263,Thalkirchen-Obersendling-Forstenried-Fürstenried-Solln,48.0936549,11.5388333,Entire home/apt,1,201,7.72,323,110.0,EUR per night,4.325765174071357,2-5 km from Oktoberfest,,,
1074421194952550455,Thalkirchen-Obersendling-Forstenried-Fürstenried-Solln,48.0936549,11.5388333,Entire home/apt,1,56,2.16,305,109.0,EUR per night,4.325765174071357,2-5 km from Oktoberfest,,,
1074446278101972287,Thalkirchen-Obersendling-Forstenried-Fürstenried-Solln,48.0936549,11.5388333,Entire home/apt,1,156,5.96,297,110.0,EUR per night,4.325765174071357,2-5 km from Oktoberfest,,,
1074448428326453696,Thalkirchen-Obersendling-Forstenried-Fürstenried-Solln,48.0936549,11.5388333,Entire home/apt,1,10,0.38,308,86.0,EUR per night,4.325765174071357,2-5 km from Oktoberfest,,,
1074647893426356739,Maxvorstadt,48.15128890377182,11.556238335713102,Entire home/apt,1,177,6.15,92,119.0,EUR per night,2.213163275395748,2-5 km from Oktoberfest,,,
1075266938268847692,Ludwigsvorstadt-Isarvorstadt,48.13123111361066,11.579356720732523,Entire home/apt,5,1,0.17,179,237.0,EUR per night,2.2170341335977968,2-5 km from Oktoberfest,,,
1075859579924098146,Ludwigsvorstadt-Isarvorstadt,48.1273935,11.5689901,Entire home/apt,1,5,0.55,114,216.0,EUR per night,1.530829939531676,0-2 km from Oktoberfest,,,
1076823678839224100,Aubing-Lochhausen-Langwied,48.1435311019868,11.417552355477216,Private room,3,19,0.77,184,247.0,EUR per night,9.87623436394903,5-10 km from Oktoberfest,,,
1077512219911025153,Thalkirchen-Obersendling-Forstenried-Fürstenried-Solln,48.0912479,11.5225008,Private room,1,13,0.51,242,300.0,EUR per night,4.944814442492182,2-5 km from Oktoberfest,,,
1079047084866925993,Maxvorstadt,48.14996,11.55329,Entire home/apt,3,5,0.21,6,120.0,EUR per night,2.027775366861806,2-5 km from Oktoberfest,,,
1079083353850822984,Ramersdorf-Perlach,48.099565992146125,11.62877898873996,Entire home/apt,1,69,2.95,318,125.0,EUR per night,6.896734135454608,5-10 km from Oktoberfest,,,
1079093498394211857,Ramersdorf-Perlach,48.10107794015752,11.628942407325896,Entire home/apt,1,114,4.61,325,139.0,EUR per night,6.821012682899475,5-10 km from Oktoberfest,,,
1079610115798138506,Berg am Laim,48.12501551486727,11.611015557672117,Entire home/apt,14,1,0.04,238,110.0,EUR per night,4.62932390502061,2-5 km from Oktoberfest,,,
1080166958448258061,Thalkirchen-Obersendling-Forstenried-Fürstenried-Solln,48.098881,11.4970879,Private room,1,15,0.51,3,110.0,EUR per night,5.349731184971128,5-10 km from Oktoberfest,,,
1080387763740540842,Thalkirchen-Obersendling-Forstenried-Fürstenried-Solln,48.09203,11.52242,Entire home/apt,3,0,,179,408.0,EUR per night,4.867910701428997,2-5 km from Oktoberfest,,,
1080427692481809132,Feldmoching-Hasenbergl,48.1944835,11.5647174,Private room,1,96,3.87,178,91.0,EUR per night,7.0498991084421,5-10 km from Oktoberfest,,,
1080461094422670337,Sendling-Westpark,48.12034413245318,11.527851775796542,Entire home/apt,1,28,0.97,119,343.0,EUR per night,2.0573818902489918,2-5 km from Oktoberfest,,,
1081213619029588350,Ramersdorf-Perlach,48.113128636698455,11.616799415031132,Entire home/apt,30,0,,89,42.0,EUR per night,5.413976137201931,5-10 km from Oktoberfest,,,
1081660770970326998,Maxvorstadt,48.15387,11.57583,Entire home/apt,5,0,,84,224.0,EUR per night,3.128044338074462,2-5 km from Oktoberfest,,,
1083839586131566914,Altstadt-Lehel,48.13510732807788,11.583967879414558,Entire home/apt,1,14,0.63,314,263.0,EUR per night,2.58264481248421,2-5 km from Oktoberfest,,,
1083924288509767728,Maxvorstadt,48.15103939999999,11.555238,Entire home/apt,1,4,0.15,232,100.0,EUR per night,2.170373848541586,2-5 km from Oktoberfest,,,
1084548473647521444,Ludwigsvorstadt-Isarvorstadt,48.13731860412093,11.556932294743932,Entire home/apt,1,91,3.3,275,446.0,EUR per night,0.816845492260427,0-2 km from Oktoberfest,,,
1084674240034131210,Sendling,48.12052,11.54854,Entire home/apt,2,10,0.38,68,591.0,EUR per night,1.267402753222102,0-2 km from Oktoberfest,,,
1084829318186335108,Schwabing-Freimann,48.15965775940222,11.58777285066983,Entire home/apt,2,22,0.78,7,140.0,EUR per night,4.194033152261453,2-5 km from Oktoberfest,,,
1085316707151272748,Aubing-Lochhausen-Langwied,48.1390106,11.4114369,Entire home/apt,1,1,0.05,154,194.0,EUR per night,10.275898484695446,10+ km from Oktoberfest,,,
1086023658307001147,Schwabing-Freimann,48.1786365,11.5947182,Entire home/apt,1,48,1.83,364,103.0,EUR per night,6.185347125059045,5-10 km from Oktoberfest,,,
1086026143694580248,Schwabing-Freimann,48.17976197116938,11.59365081431788,Entire home/apt,1,24,0.91,364,103.0,EUR per night,6.248982547765835,5-10 km from Oktoberfest,,,
1086030052725882420,Schwabing-Freimann,48.17766300599125,11.59570927712784,Entire home/apt,1,5,0.27,364,103.0,EUR per night,6.13546792089547,5-10 km from Oktoberfest,,,
1086034376192173825,Schwabing-Freimann,48.17745596845287,11.595061002117252,Entire home/apt,1,3,0.14,364,103.0,EUR per night,6.089571141109638,5-10 km from Oktoberfest,,,
1086110977956805289,Schwanthalerhöhe,48.1366977,11.5359873,Private room,1,36,1.55,346,149.0,EUR per night,1.1358540265696622,0-2 km from Oktoberfest,,,
1086833832519460062,Tudering-Riem,48.11757259971548,11.656171596352037,Private room,1,20,0.83,15,236.0,EUR per night,8.07626706816528,5-10 km from Oktoberfest,,,
1087005074897691128,Schwabing-Freimann,48.16611739735499,11.589509120296665,Entire home/apt,3,10,0.35,113,176.0,EUR per night,4.825648516708536,2-5 km from Oktoberfest,,,
1087584408787413659,Obergiesing,48.118090517838816,11.59123449668966,Private room,1,3,0.14,252,150.0,EUR per night,3.4573855187207685,2-5 km from Oktoberfest,,,
1087807832036039700,Ramersdorf-Perlach,48.09926785054798,11.630792812475836,Entire home/apt,1,162,6.86,331,144.0,EUR per night,7.041784541574534,5-10 km from Oktoberfest,,,
1089001449870546287,Ludwigsvorstadt-Isarvorstadt,48.12675,11.55869,Entire home/apt,2,5,0.2,120,331.0,EUR per night,0.890580269096164,0-2 km from Oktoberfest,,,
1089162930564495150,Milbertshofen-Am Hart,48.17992438300972,11.553466824493045,Entire home/apt,1,3,0.16,130,72.0,EUR per night,5.348168758463624,5-10 km from Oktoberfest,,,
1089687500627130169,Schwabing-West,48.1596963,11.5702009,Entire home/apt,2,12,0.46,2,134.0,EUR per night,3.451374938446431,2-5 km from Oktoberfest,,,
1089840570948189414,Sendling,48.10544274781539,11.537531208085372,Entire home/apt,4,1,0.07,87,102.0,EUR per night,3.0731473767118533,2-5 km from Oktoberfest,,,
1091213552297498858,Tudering-Riem,48.11978675961323,11.66091576218605,Private room,1,143,4.97,4,50.0,EUR per night,8.378503389309222,5-10 km from Oktoberfest,,,
1091275818313541933,Neuhausen-Nymphenburg,48.16125,11.54531,Entire home/apt,2,1,0.21,173,198.0,EUR per night,3.2783431448775993,2-5 km from Oktoberfest,,,
1092687632325578155,Maxvorstadt,48.1518381784312,11.578258992065424,Entire home/apt,1,11,1.13,76,219.0,EUR per night,3.0771232808664037,2-5 km from Oktoberfest,,,
1093175490072609891,Ramersdorf-Perlach,48.10243,11.65877,Entire home/apt,1,0,,262,69.0,EUR per night,8.748530621788625,5-10 km from Oktoberfest,,,
1093423953616662957,Au-Haidhausen,48.12993,11.60727,Entire home/apt,3,17,0.69,21,190.0,EUR per night,4.292988455589319,2-5 km from Oktoberfest,,,
1093983101958400085,Untergiesing-Harlaching,48.116391,11.5710433,Entire home/apt,5,1,0.08,68,315.0,EUR per night,2.351791187791831,2-5 km from Oktoberfest,,,
1094697118816060229,Aubing-Lochhausen-Langwied,48.1390106,11.4114369,Entire home/apt,1,4,0.16,155,224.0,EUR per night,10.275898484695446,10+ km from Oktoberfest,,,
1094771831612268945,Feldmoching-Hasenbergl,48.19448,11.56472,Entire home/apt,1,10,0.41,156,106.0,EUR per night,7.0495458288264,5-10 km from Oktoberfest,,,
1095492255612831411,Schwabing-Freimann,48.17827738649368,11.593747937303585,Entire home/apt,1,33,1.82,359,123.0,EUR per night,6.112895522855541,5-10 km from Oktoberfest,,,
1096379956587376756,Schwabing-West,48.16469379999999,11.57469,Entire home/apt,2,114,4.51,297,383.0,EUR per night,4.097506471669006,2-5 km from Oktoberfest,,,
1096866756445460810,Ludwigsvorstadt-Isarvorstadt,48.13805319999999,11.5613486,Entire home/apt,2,58,2.07,52,137.0,EUR per night,1.1141174439098223,0-2 km from Oktoberfest,,,
1096965526699259630,Thalkirchen-Obersendling-Forstenried-Fürstenried-Solln,48.0854927,11.4953679,Private room,1,35,1.36,353,176.0,EUR per night,6.540778851679468,5-10 km from Oktoberfest,,,
1097599694022356090,Schwabing-Freimann,48.16908,11.60111,Private room,1,60,2.12,85,24.0,EUR per night,5.634831674057425,5-10 km from Oktoberfest,,,
1097932411596053389,Altstadt-Lehel,48.13710180110147,11.583217971441698,Private room,1,121,4.38,58,134.0,EUR per night,2.568185580391985,2-5 km from Oktoberfest,,,
1098002018668207640,Au-Haidhausen,48.12189,11.57198,Entire home/apt,2,2,0.22,87,234.0,EUR per night,2.005676379527649,2-5 km from Oktoberfest,,,
1098559696572705507,Feldmoching-Hasenbergl,48.21909060000001,11.5524208,Private room,1,1,0.05,87,64.0,EUR per night,9.697571128481478,5-10 km from Oktoberfest,,,
1098664483932962623,Milbertshofen-Am Hart,48.1775594,11.567272,Entire home/apt,13,18,0.68,139,71.0,EUR per night,5.245463638141195,5-10 km from Oktoberfest,,,
1099736857176460144,Neuhausen-Nymphenburg,48.1556,11.54378,Entire home/apt,1,0,,180,623.0,EUR per night,2.6692748748201343,2-5 km from Oktoberfest,,,
1099806976845152379,Thalkirchen-Obersendling-Forstenried-Fürstenried-Solln,48.09500157694119,11.508712003049306,Entire home/apt,1,37,1.32,48,214.0,EUR per night,5.099349416881131,5-10 km from Oktoberfest,,,
1101568552755945376,Schwabing-West,48.17773136230755,11.574047498678896,Private room,2,14,0.65,75,80.0,EUR per night,5.411768516937374,5-10 km from Oktoberfest,,,
1101984359691889244,Obergiesing,48.11186,11.58098,Entire home/apt,30,2,0.09,186,57.0,EUR per night,3.2288820284878867,2-5 km from Oktoberfest,,,
1104259670152870029,Tudering-Riem,48.1297906,11.695081,Private room,2,34,1.26,103,97.0,EUR per night,10.806841696394565,10+ km from Oktoberfest,,,
1105143293438456429,Obergiesing,48.1168249,11.5824288,Entire home/apt,2,11,0.74,268,608.0,EUR per night,2.9637172688734066,2-5 km from Oktoberfest,,,
1106375206485662862,Schwabing-Freimann,48.185646541982166,11.584783973326228,Shared room,1,14,0.54,362,241.0,EUR per night,6.5242841581233755,5-10 km from Oktoberfest,,,
1106667620161053043,Altstadt-Lehel,48.13843155400189,11.588138043880464,Entire home/apt,2,20,0.88,343,428.0,EUR per night,2.9578341753194692,2-5 km from Oktoberfest,,,
1106763362675832848,Berg am Laim,48.12291,11.65064,Entire home/apt,9,17,0.63,112,71.0,EUR per night,7.572877752854708,5-10 km from Oktoberfest,,,
1107290099381844972,Ludwigsvorstadt-Isarvorstadt,48.13550559999999,11.5549236,Entire home/apt,1,164,5.88,12,209.0,EUR per night,0.5681010190107976,0-2 km from Oktoberfest,,,
1107861584726680491,Feldmoching-Hasenbergl,48.19448,11.56472,Entire home/apt,1,9,0.35,177,116.0,EUR per night,7.0495458288264,5-10 km from Oktoberfest,,,
1108685500569310631,Allach-Untermenzing,48.179135569464,11.461379917350458,Private room,2,8,0.35,237,91.0,EUR per night,8.385437361359317,5-10 km from Oktoberfest,,,
1109940335567275239,Milbertshofen-Am Hart,48.18852,11.56265,Entire home/apt,5,7,0.39,36,218.0,EUR per night,6.370962036181943,5-10 km from Oktoberfest,,,
1111620232416088178,Au-Haidhausen,48.12858,11.60255,Entire home/apt,2,13,0.52,344,753.0,EUR per night,3.9544230192339014,2-5 km from Oktoberfest,,,
1111726443368064278,Feldmoching-Hasenbergl,48.19448,11.56472,Entire home/apt,1,16,0.63,162,110.0,EUR per night,7.0495458288264,5-10 km from Oktoberfest,,,
1112242255453836430,Tudering-Riem,48.12836588426591,11.689526026251407,Private room,1,14,0.6,273,125.0,EUR per night,10.399605240171137,10+ km from Oktoberfest,,,
1112764760937266222,Altstadt-Lehel,48.13384,11.56949,Entire home/apt,1,25,0.97,121,482.0,EUR per night,1.499101780986623,0-2 km from Oktoberfest,,,
1113498842828396049,Milbertshofen-Am Hart,48.2009,11.57373,Private room,1,21,0.78,125,125.0,EUR per night,7.880078690556019,5-10 km from Oktoberfest,,,
1113675332643113899,Altstadt-Lehel,48.13523611934385,11.579868302471532,Entire home/apt,1,6,0.28,336,733.0,EUR per night,2.2839912662053443,2-5 km from Oktoberfest,,,
1113692168437588921,Obergiesing,48.11632289379344,11.581623162063972,Private room,1,76,2.73,12,66.0,EUR per night,2.947066597807274,2-5 km from Oktoberfest,,,
1113781191003435925,Schwanthalerhöhe,48.13862974913152,11.53847069712131,Entire home/apt,3,11,0.47,26,136.0,EUR per night,1.1089933152174891,0-2 km from Oktoberfest,,,
1113818931776988039,Neuhausen-Nymphenburg,48.1591817,11.5150322,Entire home/apt,90,3,0.18,205,38.0,EUR per night,3.967670945702436,2-5 km from Oktoberfest,,,
1113944647675642971,Thalkirchen-Obersendling-Forstenried-Fürstenried-Solln,48.07168430111409,11.518193934324298,Private room,1,0,,254,80.0,EUR per night,7.0877596082274055,5-10 km from Oktoberfest,,,
1114151959949578438,Allach-Untermenzing,48.18272,11.47299,Entire home/apt,1,50,2.0,219,130.0,EUR per night,8.008844087835863,5-10 km from Oktoberfest,,,
1115147022098263919,Feldmoching-Hasenbergl,48.198,11.55165,Private room,2,48,1.73,64,86.0,EUR per night,7.351714131642434,5-10 km from Oktoberfest,,,
1115898879851556478,Obergiesing,48.11568004363629,11.581948789590706,Private room,1,46,1.76,149,81.0,EUR per night,3.0089617729957134,2-5 km from Oktoberfest,,,
1115943707329394376,Obergiesing,48.11363812008942,11.593797735172346,Entire home/apt,2,10,0.4,251,121.0,EUR per night,3.8645679059844373,2-5 km from Oktoberfest,,,
1116623815685599670,Berg am Laim,48.12698445539795,11.634016430776947,Entire home/apt,2,0,,263,150.0,EUR per night,6.296329390577684,5-10 km from Oktoberfest,,,
1116797783858179310,Altstadt-Lehel,48.13533,11.56976,Entire home/apt,2,16,0.62,145,302.0,EUR per night,1.5511360916495547,0-2 km from Oktoberfest,,,
1116821861631051181,Moosach,48.1800362,11.5074187,Entire home/apt,1,12,0.44,133,416.0,EUR per night,6.1962292616510455,5-10 km from Oktoberfest,,,
1116839716224377733,Laim,48.14158,11.50029,Private room,1,28,1.06,299,92.0,EUR per night,3.8070321380617784,2-5 km from Oktoberfest,,,
1117236862084159585,Schwabing-Freimann,48.1921708,11.5907658,Entire home/apt,2,55,2.26,144,546.0,EUR per night,7.367631138121232,5-10 km from Oktoberfest,,,
1117365330458882327,Schwabing-Freimann,48.1921708,11.5907658,Entire home/apt,2,53,2.17,129,305.0,EUR per night,7.367631138121232,5-10 km from Oktoberfest,,,
1117403226897476711,Schwabing-Freimann,48.1921708,11.5907658,Entire home/apt,2,63,2.53,138,203.0,EUR per night,7.367631138121232,5-10 km from Oktoberfest,,,
1117947985439650038,Pasing-Obermenzing,48.14588041651324,11.463478540402114,Entire home/apt,2,6,0.22,336,233.0,EUR per night,6.5696570641681,5-10 km from Oktoberfest,,,
1118113368764759172,Sendling,48.1115315289622,11.54914442449808,Private room,1,17,0.65,173,141.0,EUR per night,2.2650244277664413,2-5 km from Oktoberfest,,,
1118897271887391584,Thalkirchen-Obersendling-Forstenried-Fürstenried-Solln,48.10265,11.54204,Entire home/apt,1,17,0.69,260,149.0,EUR per night,3.2992613094601397,2-5 km from Oktoberfest,,,
1119419032986785367,Ludwigsvorstadt-Isarvorstadt,48.12487730516788,11.569198916956408,Entire home/apt,1,8,0.32,303,763.0,EUR per night,1.6574995711240763,0-2 km from Oktoberfest,,,
1119449548851778124,Tudering-Riem,48.1136601,11.6735562,Private room,1,120,4.44,118,70.0,EUR per night,9.428994053257618,5-10 km from Oktoberfest,,,
1119455532387520249,Untergiesing-Harlaching,48.11459860303986,11.568359483010598,Entire home/apt,1,13,0.57,21,268.0,EUR per night,2.3792292290890944,2-5 km from Oktoberfest,,,
1119469147406661631,Ramersdorf-Perlach,48.1085582,11.6207944,Private room,1,29,1.25,332,93.0,EUR per night,5.894407850438769,5-10 km from Oktoberfest,,,
1120788515302561061,Schwabing-Freimann,48.1885765,11.5914744,Private room,1,258,10.29,305,73.0,EUR per night,7.029216839489154,5-10 km from Oktoberfest,,,
1121875729174938307,Neuhausen-Nymphenburg,48.151002991798464,11.535455343371504,Entire home/apt,4,6,0.23,9,150.0,EUR per night,2.3660155080760057,2-5 km from Oktoberfest,,,
1122973343931808853,Untergiesing-Harlaching,48.105578291231744,11.578278510297595,Entire home/apt,1,10,1.05,32,107.0,EUR per night,3.623558759140973,2-5 km from Oktoberfest,,,
1123073978489192020,Neuhausen-Nymphenburg,48.15207160000001,11.5115918,Private room,1,6,0.22,220,105.0,EUR per night,3.597569475847027,2-5 km from Oktoberfest,,,
1123422253928257234,Au-Haidhausen,48.1195,11.57648,Entire home/apt,2,14,0.52,8,105.0,EUR per night,2.431302284423009,2-5 km from Oktoberfest,,,
1124300321115014644,Milbertshofen-Am Hart,48.17795608283585,11.571530850960484,Private room,1,76,2.83,108,80.0,EUR per night,5.375639553721954,5-10 km from Oktoberfest,,,
1124470789397194923,Sendling,48.1150534,11.5382334,Entire home/apt,1,0,,253,100.0,EUR per night,2.0514479889904793,2-5 km from Oktoberfest,,,
1126143764874991857,Feldmoching-Hasenbergl,48.2125,11.53875,Entire home/apt,7,1,0.04,185,91.0,EUR per night,8.997694020150195,5-10 km from Oktoberfest,,,
1126633599205030487,Maxvorstadt,48.15221,11.5782,Entire home/apt,1,15,0.59,301,186.0,EUR per night,3.104033972349459,2-5 km from Oktoberfest,,,
1127448986804493958,Tudering-Riem,48.12675,11.6564,Entire home/apt,2,30,1.16,229,183.0,EUR per night,7.954460316660891,5-10 km from Oktoberfest,,,
1127477919434154172,Tudering-Riem,48.12663088745263,11.658493040146675,Entire home/apt,2,82,3.22,229,500.0,EUR per night,8.110359951911946,5-10 km from Oktoberfest,,,
1127549851731675726,Ludwigsvorstadt-Isarvorstadt,48.130097,11.5671061,Entire home/apt,2,40,1.57,252,739.0,EUR per night,1.321924536187537,0-2 km from Oktoberfest,,,
1129520422720204908,Ramersdorf-Perlach,48.09980190945632,11.629850496295155,Entire home/apt,1,109,4.44,316,437.0,EUR per night,6.951221209647359,5-10 km from Oktoberfest,,,
1129546810362635347,Allach-Untermenzing,48.1993266,11.4650269,Private room,1,66,2.59,229,58.0,EUR per night,9.770452212951895,5-10 km from Oktoberfest,,,
1129635983791211166,Ludwigsvorstadt-Isarvorstadt,48.1270027,11.5702835,Entire home/apt,3,0,,66,270.0,EUR per night,1.6357918446296198,0-2 km from Oktoberfest,,,
1130459551613465983,Untergiesing-Harlaching,48.09517,11.56723,Private room,1,9,0.35,25,172.0,EUR per night,4.291058967377774,2-5 km from Oktoberfest,,,
1130509269515752590,Milbertshofen-Am Hart,48.17776569463636,11.582520583090467,Entire home/apt,7,6,0.28,90,119.0,EUR per night,5.657762386655815,5-10 km from Oktoberfest,,,
1130965087329550986,Maxvorstadt,48.154869136953536,11.576719804139426,Entire home/apt,20,19,0.75,192,323.0,EUR per night,3.2560811476495393,2-5 km from Oktoberfest,,,
1132355435286189908,Feldmoching-Hasenbergl,48.1928782,11.533289,Private room,1,54,2.08,59,118.0,EUR per night,6.886246869475235,5-10 km from Oktoberfest,,,
1133075829748970581,Schwabing-Freimann,48.18222861932062,11.599050602601764,Entire home/apt,1,12,0.46,3,292.0,EUR per night,6.695362710592395,5-10 km from Oktoberfest,,,
1133117669652784941,Maxvorstadt,48.14965754377676,11.547610019113348,Entire home/apt,1,167,6.26,230,355.0,EUR per night,1.979522550440461,0-2 km from Oktoberfest,,,
1134693565776538380,Obergiesing,48.11270542468992,11.577154397964478,Entire home/apt,2,12,0.47,314,190.0,EUR per night,2.961255820911216,2-5 km from Oktoberfest,,,
1135299206667890279,Thalkirchen-Obersendling-Forstenried-Fürstenried-Solln,48.08757285732506,11.484074460807465,Private room,1,1,0.04,158,396.0,EUR per night,6.920289123369238,5-10 km from Oktoberfest,,,
1135393130009051426,Schwabing-West,48.16134,11.56671,Entire home/apt,4,3,0.11,46,126.0,EUR per night,3.5137811885219197,2-5 km from Oktoberfest,,,
1135411273003265223,Neuhausen-Nymphenburg,48.16499,11.53736,Entire home/apt,2,15,0.58,148,119.0,EUR per night,3.788069534093202,2-5 km from Oktoberfest,,,
1136357034774525247,Tudering-Riem,48.1172192647707,11.691506271711887,Entire home/apt,3,7,0.3,7,311.0,EUR per night,10.66594875645292,10+ km from Oktoberfest,,,
1136672763378343417,Aubing-Lochhausen-Langwied,48.13946,11.40921,Entire home/apt,6,7,0.27,353,121.0,EUR per night,10.444528556644615,10+ km from Oktoberfest,,,
1137029009507014010,Au-Haidhausen,48.12272,11.57668,Entire home/apt,1,8,0.32,268,414.0,EUR per night,2.2608588070466507,2-5 km from Oktoberfest,,,
1137042338121807839,Neuhausen-Nymphenburg,48.14682,11.54167,Entire home/apt,1,3,0.13,269,250.0,EUR per night,1.7578237625973374,0-2 km from Oktoberfest,,,
1138133683175503585,Aubing-Lochhausen-Langwied,48.1394609,11.4092089,Entire home/apt,6,4,0.16,348,121.0,EUR per night,10.44461788471633,10+ km from Oktoberfest,,,
1138136265100737752,Aubing-Lochhausen-Langwied,48.1394609,11.4092089,Entire home/apt,5,9,0.35,344,122.0,EUR per night,10.44461788471633,10+ km from Oktoberfest,,,
1138552906958906602,Pasing-Obermenzing,48.172334445326,11.478085681926611,Entire home/apt,3,3,0.12,245,300.0,EUR per night,6.948514020391842,5-10 km from Oktoberfest,,,
1139226626274825250,Ludwigsvorstadt-Isarvorstadt,48.137608848637576,11.55072994530201,Entire home/apt,2,25,1.35,180,502.0,EUR per night,0.6413232771477148,0-2 km from Oktoberfest,,,
1139916396177590405,Neuhausen-Nymphenburg,48.15667159280657,11.549081064485256,Entire home/apt,2,6,0.24,81,414.0,EUR per night,2.754650820078602,2-5 km from Oktoberfest,,,
1140334707338322007,Maxvorstadt,48.15549,11.56015,Entire home/apt,3,57,2.32,228,397.0,EUR per night,2.739524783979239,2-5 km from Oktoberfest,,,
1140412412020705550,Maxvorstadt,48.15143985548374,11.567840550196838,Entire home/apt,1,36,1.57,300,249.0,EUR per night,2.5637278978851636,2-5 km from Oktoberfest,,,
1140753317635563117,Aubing-Lochhausen-Langwied,48.15230030954669,11.421871218001408,Entire home/apt,3,5,0.23,119,408.0,EUR per night,9.737793138195974,5-10 km from Oktoberfest,,,
1141268861017517983,Maxvorstadt,48.14428651709144,11.560532748699188,Entire home/apt,1,140,5.68,160,278.0,EUR per night,1.602261421690607,0-2 km from Oktoberfest,,,
1141727424852780395,Ludwigsvorstadt-Isarvorstadt,48.13575,11.56142,Private room,1,0,,99,88.0,EUR per night,0.9827373026559498,0-2 km from Oktoberfest,,,
1142477989495237752,Bogenhausen,48.14192854637651,11.648714036666554,Entire home/apt,21,11,0.44,29,245.0,EUR per night,7.446273095658482,5-10 km from Oktoberfest,,,
1142482550080811807,Ludwigsvorstadt-Isarvorstadt,48.13805319999999,11.5613486,Entire home/apt,2,35,1.35,89,122.0,EUR per night,1.1141174439098223,0-2 km from Oktoberfest,,,
1143446878262621369,Neuhausen-Nymphenburg,48.1519202,11.5300934,Entire home/apt,90,9,0.35,213,23.0,EUR per night,2.651259839484474,2-5 km from Oktoberfest,,,
1143638616242400123,Feldmoching-Hasenbergl,48.21776,11.5387,Private room,2,3,0.12,269,166.0,EUR per night,9.580725238183847,5-10 km from Oktoberfest,,,
1144233772780314208,Sendling-Westpark,48.10917,11.52913,Private room,2,22,0.85,253,118.0,EUR per night,2.9452323441353974,2-5 km from Oktoberfest,,,
1144793467109336959,Bogenhausen,48.14834,11.64466,Private room,1,5,0.34,115,160.0,EUR per night,7.293821371622539,5-10 km from Oktoberfest,,,
1144834282813309831,Tudering-Riem,48.1060294,11.6667802,Private room,1,15,0.61,17,190.0,EUR per night,9.168921236585152,5-10 km from Oktoberfest,,,
1145389045176692692,Moosach,48.18520698214346,11.49825856089592,Entire home/apt,3,21,0.8,73,323.0,EUR per night,7.0413900555407185,5-10 km from Oktoberfest,,,
1146118612820223971,Pasing-Obermenzing,48.1656,11.45591,Entire home/apt,1,89,3.71,209,216.0,EUR per night,7.890012085566947,5-10 km from Oktoberfest,,,
1146412534276827021,Au-Haidhausen,48.120433369905655,11.57510083168745,Entire home/apt,2,37,1.6,54,112.0,EUR per night,2.288281927754241,2-5 km from Oktoberfest,,,
1146455795825698746,Tudering-Riem,48.11267,11.68367,Entire home/apt,85,0,,269,58.0,EUR per night,10.186052845130176,10+ km from Oktoberfest,,,
1147126064381147689,Tudering-Riem,48.11552,11.69494,Entire home/apt,2,36,1.39,20,209.0,EUR per night,10.94790273960121,10+ km from Oktoberfest,,,
1148332399401702319,Altstadt-Lehel,48.13404077336182,11.5815090770251,Entire home/apt,7,1,0.04,175,500.0,EUR per night,2.387353427356956,2-5 km from Oktoberfest,,,
1148589254253891091,Neuhausen-Nymphenburg,48.15063103855453,11.5312479491061,Private room,2,7,0.28,359,240.0,EUR per night,2.4843859690723447,2-5 km from Oktoberfest,,,
1149235392166516860,Tudering-Riem,48.13269088931557,11.697289900000015,Private room,1,17,0.7,362,91.0,EUR per night,10.96827230877573,10+ km from Oktoberfest,,,
1149371145860057284,Milbertshofen-Am Hart,48.18260747207833,11.567392237275763,Private room,1,22,0.86,53,131.0,EUR per night,5.792507286455868,5-10 km from Oktoberfest,,,
1149685094074469827,Schwabing-West,48.15819,11.57328,Entire home/apt,1,1,0.23,255,72.0,EUR per night,3.4144812563798417,2-5 km from Oktoberfest,,,
1149900893770495877,Thalkirchen-Obersendling-Forstenried-Fürstenried-Solln,48.07915,11.5052,Entire home/apt,4,7,0.33,341,145.0,EUR per night,6.724898933475182,5-10 km from Oktoberfest,,,
1150012952026183788,Neuhausen-Nymphenburg,48.15260927883826,11.53769647313351,Entire home/apt,2,1,1.0,113,137.0,EUR per night,2.463689910358557,2-5 km from Oktoberfest,,,
1150018667840735321,Neuhausen-Nymphenburg,48.15268,11.5391,Private room,2,15,0.7,8,150.0,EUR per night,2.4360786756712742,2-5 km from Oktoberfest,,,
1150066828075948751,Neuhausen-Nymphenburg,48.1567524,11.5377655,Entire home/apt,2,23,0.93,239,184.0,EUR per night,2.8973682372150957,2-5 km from Oktoberfest,,,
1150127999828725957,Sendling-Westpark,48.12683988274746,11.532661675041073,Entire home/apt,7,11,0.45,293,188.0,EUR per night,1.3705171221282284,0-2 km from Oktoberfest,,,
1150588263397770681,Schwabing-Freimann,48.17476742657362,11.58522210735019,Entire home/apt,1,14,0.61,261,150.0,EUR per night,5.453725787199932,5-10 km from Oktoberfest,,,
1151566334432236517,Ludwigsvorstadt-Isarvorstadt,48.1271256,11.5521005,Entire home/apt,1,14,0.65,346,509.0,EUR per night,0.5648828616839252,0-2 km from Oktoberfest,,,
1152125039635537007,Schwabing-Freimann,48.17792,11.60093,Entire home/apt,2,0,,117,300.0,EUR per night,6.382832017142509,5-10 km from Oktoberfest,,,
1152165543045085487,Untergiesing-Harlaching,48.10854072582474,11.570760693041215,Entire home/apt,3,16,0.65,235,170.0,EUR per night,3.0392989882863004,2-5 km from Oktoberfest,,,
1152627462260387834,Obergiesing,48.11708309999999,11.5906337,Entire home/apt,1,76,2.95,309,154.0,EUR per night,3.4692918584538983,2-5 km from Oktoberfest,,,
1152753206866627479,Feldmoching-Hasenbergl,48.212482816483714,11.544316111081294,Private room,1,61,4.11,168,69.0,EUR per night,8.968642465595247,5-10 km from Oktoberfest,,,
1153455796091872774,Bogenhausen,48.14914196306464,11.658021139014606,Private room,1,7,0.28,266,210.0,EUR per night,8.277473191166298,5-10 km from Oktoberfest,,,
1156243916275172072,Tudering-Riem,48.1285498,11.6757343,Entire home/apt,3,26,1.11,243,364.0,EUR per night,9.375997360211686,5-10 km from Oktoberfest,,,
1156358661909194458,Sendling,48.1058513,11.5379585,Private room,1,4,0.22,160,138.0,EUR per night,3.0205363671683525,2-5 km from Oktoberfest,,,
1156650390036237099,Sendling-Westpark,48.115000088515295,11.505933701992031,Entire home/apt,2,0,,286,166.0,EUR per night,3.740107563771209,2-5 km from Oktoberfest,,,
1157749542249090589,Maxvorstadt,48.14323,11.5591,Entire home/apt,2,56,2.62,200,236.0,EUR per night,1.4472959407561956,0-2 km from Oktoberfest,,,
1158449453116001694,Tudering-Riem,48.12906,11.68866,Entire home/apt,1,9,0.37,179,650.0,EUR per night,10.332661843043597,10+ km from Oktoberfest,,,
1158833301644831268,Ludwigsvorstadt-Isarvorstadt,48.13606185957823,11.560928374528885,Private room,1,57,2.24,164,140.0,EUR per night,0.9661499851027516,0-2 km from Oktoberfest,,,
1160651325412919947,Ludwigsvorstadt-Isarvorstadt,48.1271672,11.5586183,Entire home/apt,1,12,0.49,85,240.0,EUR per night,0.8572744679066354,0-2 km from Oktoberfest,,,
1160828810621337745,Ludwigsvorstadt-Isarvorstadt,48.13046572819525,11.567118855360722,Private room,1,4,0.16,19,119.0,EUR per night,1.3172653350425243,0-2 km from Oktoberfest,,,
1160982765013393897,Ludwigsvorstadt-Isarvorstadt,48.1268208,11.5560318,Private room,1,57,2.27,11,65.0,EUR per night,0.744299337063049,0-2 km from Oktoberfest,,,
1161335253508980588,Ludwigsvorstadt-Isarvorstadt,48.1268208,11.5560318,Private room,1,45,1.81,11,65.0,EUR per night,0.744299337063049,0-2 km from Oktoberfest,,,
1161362382759323743,Ramersdorf-Perlach,48.10032556852028,11.655683498940792,Entire home/apt,2,7,0.28,130,130.0,EUR per night,8.629196335680556,5-10 km from Oktoberfest,,,
1161420222675639710,Ludwigsvorstadt-Isarvorstadt,48.1268208,11.5560318,Private room,1,118,4.69,7,65.0,EUR per night,0.744299337063049,0-2 km from Oktoberfest,,,
1161531855890023587,Tudering-Riem,48.13191,11.69621,Private room,2,19,0.77,207,137.0,EUR per night,10.887860079889279,10+ km from Oktoberfest,,,
1161605558834195550,Neuhausen-Nymphenburg,48.16327482039664,11.538568142223005,Entire home/apt,1,6,0.27,122,119.0,EUR per night,3.581754426141906,2-5 km from Oktoberfest,,,
1161728281232380853,Milbertshofen-Am Hart,48.17722362213104,11.567441448569298,Private room,1,71,2.86,31,86.0,EUR per night,5.212530093322494,5-10 km from Oktoberfest,,,
1163688686188362557,Aubing-Lochhausen-Langwied,48.1562,11.41895,Private room,1,3,0.12,263,100.0,EUR per night,10.0560923140712,10+ km from Oktoberfest,,,
1163692414434986677,Obergiesing,48.11337,11.5779,Entire home/apt,1,25,1.14,342,196.0,EUR per night,2.947756622108391,2-5 km from Oktoberfest,,,
1165102599140655420,Laim,48.13445293022236,11.517231915384404,Private room,1,14,0.57,64,97.0,EUR per night,2.4114349606366803,2-5 km from Oktoberfest,,,
1165138178044579746,Sendling,48.12105743493999,11.545383536645948,Entire home/apt,7,1,0.04,132,245.0,EUR per night,1.2437490707861913,0-2 km from Oktoberfest,,,
1166039375404919535,Pasing-Obermenzing,48.16485783846464,11.485498231861609,Entire home/apt,2,24,0.97,11,75.0,EUR per night,5.998034969454707,5-10 km from Oktoberfest,,,
1166366904383179268,Sendling,48.10979327113126,11.538960623152525,Entire home/apt,2,39,1.58,58,124.0,EUR per night,2.5796463587890135,2-5 km from Oktoberfest,,,
1166522433563880575,Moosach,48.18088787834333,11.509078049618909,Entire home/apt,107,0,,173,19.0,EUR per night,6.217922945226508,5-10 km from Oktoberfest,,,
1166597075613459064,Sendling,48.10751250341429,11.537857936677865,Entire home/apt,3,17,0.73,53,167.0,EUR per night,2.8461415572575506,2-5 km from Oktoberfest,,,
1166626527388088751,Milbertshofen-Am Hart,48.18235126106043,11.570514495902373,Entire home/apt,1,0,,84,144.0,EUR per night,5.822463855055805,5-10 km from Oktoberfest,,,
1166703319106212748,Bogenhausen,48.147758292604586,11.604017200146489,Entire home/apt,14,0,,78,111.0,EUR per night,4.412912228929046,2-5 km from Oktoberfest,,,
1166780996619138522,Ludwigsvorstadt-Isarvorstadt,48.12992850157279,11.561888485507325,Entire home/apt,1,0,,350,304.0,EUR per night,0.9451843221686346,0-2 km from Oktoberfest,,,
1166789554694754558,Maxvorstadt,48.1436732815475,11.562583196054147,Entire home/apt,4,1,0.04,9,124.0,EUR per night,1.6298302144582506,0-2 km from Oktoberfest,,,
1167247747569310002,Tudering-Riem,48.11737,11.69665,Entire home/apt,3,11,0.47,27,450.0,EUR per night,11.040912761870459,10+ km from Oktoberfest,,,
1167344611067341710,Neuhausen-Nymphenburg,48.15759,11.52132,Entire home/apt,2,28,1.14,214,412.0,EUR per night,3.540007059884485,2-5 km from Oktoberfest,,,
1167970808100448551,Laim,48.132,11.50929,Entire home/apt,1,2,0.08,49,120.0,EUR per night,2.984142652675611,2-5 km from Oktoberfest,,,
1168761560610256058,Pasing-Obermenzing,48.1439526995616,11.47710698131162,Entire home/apt,2,41,1.68,72,78.0,EUR per night,5.536563499454417,5-10 km from Oktoberfest,,,
1168908859736816822,Ludwigsvorstadt-Isarvorstadt,48.12767,11.57542,Entire home/apt,1,2,0.21,29,385.0,EUR per night,1.980360768530302,0-2 km from Oktoberfest,,,
1168919420131609668,Schwabing-Freimann,48.161550192087226,11.581450673230613,Entire home/apt,2,22,0.89,141,208.0,EUR per night,4.060676284865455,2-5 km from Oktoberfest,,,
1169430670237488648,Ludwigsvorstadt-Isarvorstadt,48.13272,11.57941,Entire home/apt,1,177,7.07,113,130.0,EUR per night,2.2215800042457707,2-5 km from Oktoberfest,,,
1170106606198740019,Altstadt-Lehel,48.14028,11.58634,Private room,1,174,6.96,326,101.0,EUR per night,2.8882436021940974,2-5 km from Oktoberfest,,,
1170204291537152977,Schwabing-Freimann,48.20622433057381,11.60911234519694,Private room,1,153,6.16,253,65.0,EUR per night,9.37259660135418,5-10 km from Oktoberfest,,,
1170365125226020189,Sendling-Westpark,48.13409793544301,11.524899817543696,Entire home/apt,3,4,0.18,11,130.0,EUR per night,1.8419129820486448,0-2 km from Oktoberfest,,,
1170402362090007056,Au-Haidhausen,48.13359981061,11.606949826338624,Entire home/apt,21,1,0.08,28,195.0,EUR per night,4.267669661201862,2-5 km from Oktoberfest,,,
1170972048911580881,Neuhausen-Nymphenburg,48.15204235060245,11.511588242991628,Private room,1,3,0.16,210,148.0,EUR per night,3.5957497051393124,2-5 km from Oktoberfest,,,
1171477385135842139,Laim,48.13203,11.50769,Entire home/apt,7,2,0.08,32,81.0,EUR per night,3.1028961827638133,2-5 km from Oktoberfest,,,
1171481362349810081,Bogenhausen,48.16294246184543,11.625787622753917,Entire home/apt,1,40,1.61,85,256.0,EUR per night,6.6293805636939105,5-10 km from Oktoberfest,,,
1171718250172304222,Untergiesing-Harlaching,48.10808,11.57091,Entire home/apt,1,9,0.36,116,155.0,EUR per night,3.0888874655351213,2-5 km from Oktoberfest,,,
1171905949876119106,Feldmoching-Hasenbergl,48.198092436023295,11.52831045770288,Entire home/apt,2,26,1.05,101,98.0,EUR per night,7.5261675211918595,5-10 km from Oktoberfest,,,
1172358547686436959,Schwabing-West,48.17658,11.56764,Private room,3,96,3.87,168,53.0,EUR per night,5.14720029821949,5-10 km from Oktoberfest,,,
1172598943291820607,Obergiesing,48.11092318029523,11.580519029349182,Private room,1,13,0.57,180,155.0,EUR per night,3.2775205063909594,2-5 km from Oktoberfest,,,
1173280838748952674,Sendling,48.1110318,11.5378942,Private room,2,0,,82,80.0,EUR per night,2.4751936570532598,2-5 km from Oktoberfest,,,
1173856089019490554,Sendling-Westpark,48.10516,11.53374,Private room,2,19,0.77,351,149.0,EUR per night,3.19523265222439,2-5 km from Oktoberfest,,,
1174606692890876914,Maxvorstadt,48.15201544170993,11.553940787609331,Entire home/apt,1,22,0.89,262,195.0,EUR per night,2.2608748772417813,2-5 km from Oktoberfest,,,
1174633155429288297,Thalkirchen-Obersendling-Forstenried-Fürstenried-Solln,48.08655094589167,11.489305093940771,Entire home/apt,10,1,0.04,148,246.0,EUR per night,6.738087500535108,5-10 km from Oktoberfest,,,
1175144196728011090,Maxvorstadt,48.14702565326088,11.571828291774043,Entire home/apt,3,7,0.3,88,213.0,EUR per night,2.360892866453044,2-5 km from Oktoberfest,,,
1175175955774439972,Ludwigsvorstadt-Isarvorstadt,48.12803998894016,11.56414810688076,Entire home/apt,1,24,1.03,147,394.0,EUR per night,1.1687908141726469,0-2 km from Oktoberfest,,,
1175228594351047159,Schwabing-Freimann,48.1878772542177,11.617629047709933,Private room,1,0,,262,120.0,EUR per night,8.01743167639749,5-10 km from Oktoberfest,,,
1175950557380042152,Pasing-Obermenzing,48.1429122749863,11.458006023905371,Entire home/apt,3,22,0.89,81,223.0,EUR per night,6.898900504919902,5-10 km from Oktoberfest,,,
1175978513345695715,Thalkirchen-Obersendling-Forstenried-Fürstenried-Solln,48.09398934150196,11.507577724204918,Entire home/apt,3,26,1.11,174,360.0,EUR per night,5.239934584314264,5-10 km from Oktoberfest,,,
1176148452114054394,Ramersdorf-Perlach,48.10946,11.62869,Private room,1,16,0.65,349,124.0,EUR per night,6.385916132103802,5-10 km from Oktoberfest,,,
1176215050974507924,Hadern,48.1226793,11.4824052,Private room,1,7,0.3,1,44.0,EUR per night,5.084241056227659,5-10 km from Oktoberfest,,,
1176588898216192489,Tudering-Riem,48.118874866676734,11.67786576157875,Entire home/apt,2,0,,42,220.0,EUR per night,9.63713302091362,5-10 km from Oktoberfest,,,
1176692351715096535,Feldmoching-Hasenbergl,48.21106784352105,11.553806033759662,Entire home/apt,2,19,1.82,47,81.0,EUR per night,8.80885208925676,5-10 km from Oktoberfest,,,
1176704243682931075,Milbertshofen-Am Hart,48.19715639108498,11.57883129096444,Private room,1,1,0.04,266,112.0,EUR per night,7.575254494456851,5-10 km from Oktoberfest,,,
1176749600974297097,Untergiesing-Harlaching,48.10777,11.57114,Entire home/apt,2,18,0.75,323,123.0,EUR per night,3.1272335824891546,2-5 km from Oktoberfest,,,
1176751866067416723,Ramersdorf-Perlach,48.089499806859656,11.642072218611066,Private room,1,32,1.31,256,53.0,EUR per night,8.334603445014967,5-10 km from Oktoberfest,,,
1177673072395725651,Schwabing-West,48.15926709101562,11.56361243818142,Private room,4,1,0.04,363,175.0,EUR per night,3.2181778648864148,2-5 km from Oktoberfest,,,
1177970646007571440,Ramersdorf-Perlach,48.10755944299066,11.62741447443705,Private room,1,41,1.67,360,77.0,EUR per night,6.385632231270243,5-10 km from Oktoberfest,,,
1178019984587731797,Neuhausen-Nymphenburg,48.15906297005351,11.539075144485238,Entire home/apt,1,21,0.85,334,299.0,EUR per night,3.1178459246979084,2-5 km from Oktoberfest,,,
1178284120527543022,Bogenhausen,48.15075254100092,11.626068779104802,Entire home/apt,2,24,0.99,19,177.0,EUR per night,6.055801870359492,5-10 km from Oktoberfest,,,
1178758431880222372,Tudering-Riem,48.13225,11.6843,Private room,2,12,0.51,357,150.0,EUR per night,10.004020264648373,10+ km from Oktoberfest,,,
1179463652418541920,Bogenhausen,48.15472,11.61903,Entire home/apt,1,1,0.04,257,200.0,EUR per night,5.749189267440933,5-10 km from Oktoberfest,,,
1179734271018261149,Obergiesing,48.11287,11.57966,Private room,1,51,2.06,50,89.0,EUR per night,3.080482601248762,2-5 km from Oktoberfest,,,
1180318331765812529,Sendling,48.11339123415002,11.551465923389268,Entire home/apt,1,0,,254,220.0,EUR per night,2.0632476208746433,2-5 km from Oktoberfest,,,
1181123174430206381,Tudering-Riem,48.11741019999999,11.6997758,Private room,1,16,0.7,266,111.0,EUR per night,11.269831391450136,10+ km from Oktoberfest,,,
1181213289191835640,Obergiesing,48.11256,11.5797,Entire home/apt,2,19,0.83,49,178.0,EUR per night,3.106408816557643,2-5 km from Oktoberfest,,,
1181327921082383763,Schwanthalerhöhe,48.13486,11.54077,Entire home/apt,1,2,0.1,125,103.0,EUR per night,0.7266776850793373,0-2 km from Oktoberfest,,,
1181670699866317866,Altstadt-Lehel,48.14284051024462,11.587672148862346,Entire home/apt,1,0,,319,100.0,EUR per night,3.0827734760770995,2-5 km from Oktoberfest,,,
1181757659958066393,Au-Haidhausen,48.11952,11.57763,Entire home/apt,1,5,0.23,163,170.0,EUR per night,2.5008480174567027,2-5 km from Oktoberfest,,,
1181798675328196126,Pasing-Obermenzing,48.14563,11.47015,Entire home/apt,4,21,0.89,229,159.0,EUR per night,6.082763209854639,5-10 km from Oktoberfest,,,
1182368219859280878,Schwabing-West,48.1646935870529,11.571009572247693,Entire home/apt,1,2,0.21,248,197.0,EUR per night,3.980372882960827,2-5 km from Oktoberfest,,,
1182393991866490005,Schwabing-West,48.16219,11.57004,Entire home/apt,1,3,0.13,41,89.0,EUR per night,3.696798233454978,2-5 km from Oktoberfest,,,
1182558401257866655,Schwabing-West,48.16228,11.56448,Entire home/apt,4,22,0.92,25,136.0,EUR per night,3.5562281147397896,2-5 km from Oktoberfest,,,
1183441738193312133,Schwabing-West,48.17639,11.57554,Entire home/apt,2,24,0.99,173,390.0,EUR per night,5.310821095244509,5-10 km from Oktoberfest,,,
1184688859478017150,Au-Haidhausen,48.12532,11.59812,Entire home/apt,2,2,0.14,358,820.0,EUR per night,3.68192086285926,2-5 km from Oktoberfest,,,
1184848321045123516,Milbertshofen-Am Hart,48.17255810249005,11.560320244397948,Entire home/apt,2,1,0.11,274,178.0,EUR per night,4.591679866233401,2-5 km from Oktoberfest,,,
1185335493188422479,Neuhausen-Nymphenburg,48.1545084,11.5375567,Private room,1,6,0.26,174,80.0,EUR per night,2.665552264739483,2-5 km from Oktoberfest,,,
1185396633775673493,Untergiesing-Harlaching,48.10829141071423,11.565999710792278,Private room,1,36,1.47,357,136.0,EUR per night,2.896814342160651,2-5 km from Oktoberfest,,,
1185466808860472760,Maxvorstadt,48.144762,11.5603048,Private room,1,26,1.13,343,113.0,EUR per night,1.6395922230512545,0-2 km from Oktoberfest,,,
1185622732009066922,Ludwigsvorstadt-Isarvorstadt,48.12523,11.55764,Entire home/apt,1,2,0.16,60,737.0,EUR per night,0.9565857501309142,0-2 km from Oktoberfest,,,
1185895419367126659,Schwabing-Freimann,48.17034915611296,11.602570121873404,Entire home/apt,5,7,0.35,232,145.0,EUR per night,5.81196572876014,5-10 km from Oktoberfest,,,
1186205354499713334,Feldmoching-Hasenbergl,48.2002358020566,11.53317861979438,Private room,1,1,0.04,356,70.0,EUR per night,7.694403963960456,5-10 km from Oktoberfest,,,
1186268132963391147,Ludwigsvorstadt-Isarvorstadt,48.13651244778879,11.551823337200124,Private room,5,1,0.23,203,66.0,EUR per night,0.5410856906164005,0-2 km from Oktoberfest,,,
1186733227616113083,Maxvorstadt,48.1563226,11.5698759,Entire home/apt,2,18,0.76,145,160.0,EUR per night,3.108121661325658,2-5 km from Oktoberfest,,,
1186795197862234904,Maxvorstadt,48.15267292985862,11.563253069494763,Entire home/apt,2,28,1.16,19,253.0,EUR per night,2.525215553344212,2-5 km from Oktoberfest,,,
1187429280234086137,Sendling,48.11357,11.53815,Entire home/apt,3,1,0.05,288,148.0,EUR per night,2.2054553187315538,2-5 km from Oktoberfest,,,
1187457683406047546,Feldmoching-Hasenbergl,48.21632134382089,11.533871830038304,Entire home/apt,1,6,0.26,240,486.0,EUR per night,9.45848658442383,5-10 km from Oktoberfest,,,
1187866425307226793,Ludwigsvorstadt-Isarvorstadt,48.12682,11.55602,Private room,1,53,2.25,9,69.0,EUR per night,0.7437967955523291,0-2 km from Oktoberfest,,,
1188116392971777215,Bogenhausen,48.16663560789387,11.63395885399004,Entire home/apt,1,12,0.57,61,201.0,EUR per night,7.360665330976807,5-10 km from Oktoberfest,,,
1190412671692800774,Sendling,48.1223576,11.5397311,Entire home/apt,3,4,0.17,22,198.0,EUR per night,1.2851310854307583,0-2 km from Oktoberfest,,,
1190486064176752592,Feldmoching-Hasenbergl,48.20893077179267,11.560366079075676,Entire home/apt,1,5,0.22,2,297.0,EUR per night,8.603251092745175,5-10 km from Oktoberfest,,,
1190547197622276834,Sendling,48.12374,11.53758,Entire home/apt,1,8,0.37,161,355.0,EUR per night,1.2672690051023374,0-2 km from Oktoberfest,,,
1190956967848228282,Ludwigsvorstadt-Isarvorstadt,48.12112,11.55927,Entire home/apt,2,10,0.44,149,191.0,EUR per night,1.400952463097381,0-2 km from Oktoberfest,,,
1191500363528964242,Maxvorstadt,48.15113116826099,11.554634246032728,Entire home/apt,1,8,0.33,207,154.0,EUR per night,2.172077349831154,2-5 km from Oktoberfest,,,
1191885785742787870,Aubing-Lochhausen-Langwied,48.14335902537628,11.420530557795708,Private room,1,4,0.18,63,235.0,EUR per night,9.654655146311278,5-10 km from Oktoberfest,,,
1191989667463262369,Neuhausen-Nymphenburg,48.15195846708912,11.501305093631876,Entire home/apt,1,3,0.12,57,87.0,EUR per night,4.214565114600163,2-5 km from Oktoberfest,,,
1192677842989783048,Schwabing-Freimann,48.20523533184856,11.608454995891414,Entire home/apt,1,30,1.51,310,187.0,EUR per night,9.252657241493567,5-10 km from Oktoberfest,,,
1193219236832726461,Ludwigsvorstadt-Isarvorstadt,48.126642755218285,11.568372485935445,Entire home/apt,2,7,0.33,55,163.0,EUR per night,1.517759805166054,0-2 km from Oktoberfest,,,
1193578046798820861,Obergiesing,48.10375721249987,11.592583767175482,Entire home/apt,3,4,0.37,14,189.0,EUR per night,4.474560244102658,2-5 km from Oktoberfest,,,
1193858545787892856,Untergiesing-Harlaching,48.10736603615089,11.572206057608128,Entire home/apt,7,2,0.14,174,117.0,EUR per night,3.206738918726538,2-5 km from Oktoberfest,,,
1193981966357786966,Schwabing-West,48.1695244,11.5786544,Private room,1,51,2.13,352,98.0,EUR per night,4.709651230174434,2-5 km from Oktoberfest,,,
1194107148964457758,Sendling,48.12078952694095,11.544188623806484,Private room,2,5,0.23,137,151.0,EUR per night,1.2968003403101174,0-2 km from Oktoberfest,,,
1194240973323558957,Milbertshofen-Am Hart,48.20622,11.58312,Private room,1,59,2.46,20,77.0,EUR per night,8.631923964851223,5-10 km from Oktoberfest,,,
1194980285367581235,Schwabing-Freimann,48.17809077983397,11.602084849212645,Private room,3,18,0.78,119,74.0,EUR per night,6.449511378312664,5-10 km from Oktoberfest,,,
1194996368377835528,Ramersdorf-Perlach,48.0988,11.64145,Private room,1,5,0.24,175,141.0,EUR per night,7.7551601215787915,5-10 km from Oktoberfest,,,
1195728108323438765,Tudering-Riem,48.10815132317495,11.6779611435099,Private room,2,41,1.77,176,75.0,EUR per night,9.894648736931515,5-10 km from Oktoberfest,,,
1195825022634544755,Ludwigsvorstadt-Isarvorstadt,48.11984947705938,11.558761980950916,Private room,1,22,1.03,155,146.0,EUR per night,1.5060096216437868,0-2 km from Oktoberfest,,,
1195948096389244197,Bogenhausen,48.16105,11.64556,Private room,1,24,1.07,247,77.0,EUR per night,7.829386038237021,5-10 km from Oktoberfest,,,
1196272016980787430,Ludwigsvorstadt-Isarvorstadt,48.13719021015258,11.561711280054652,Entire home/apt,2,14,0.63,254,243.0,EUR per night,1.0803801625647043,0-2 km from Oktoberfest,,,
1196284024154359458,Altstadt-Lehel,48.136368,11.5809047,Entire home/apt,1,31,1.33,16,430.0,EUR per night,2.3829180658751397,2-5 km from Oktoberfest,,,
1196777909121058554,Schwabing-West,48.17495387383285,11.56667433679104,Entire home/apt,1,14,0.6,240,259.0,EUR per night,4.953997811733055,2-5 km from Oktoberfest,,,
1196925229327494611,Ludwigsvorstadt-Isarvorstadt,48.12675275071374,11.559124924242496,Entire home/apt,3,8,0.54,9,256.0,EUR per night,0.9153452395452155,0-2 km from Oktoberfest,,,
1197005364403624388,Tudering-Riem,48.10551,11.69819,Private room,60,1,0.09,155,14.0,EUR per night,11.42104926993691,10+ km from Oktoberfest,,,
1197216707357102207,Schwabing-West,48.16973,11.57729,Private room,2,44,1.96,116,85.0,EUR per night,4.684549929995753,2-5 km from Oktoberfest,,,
1197221353851731033,Thalkirchen-Obersendling-Forstenried-Fürstenried-Solln,48.09529608278736,11.53817706274318,Entire home/apt,1,3,0.67,60,222.0,EUR per night,4.156069677166673,2-5 km from Oktoberfest,,,
1198387800418818828,Schwanthalerhöhe,48.13974,11.53215,Entire home/apt,1,5,0.21,1,108.0,EUR per night,1.5548798611599401,0-2 km from Oktoberfest,,,
1198525314339265624,Pasing-Obermenzing,48.1537015,11.4519175,Private room,1,31,1.34,356,65.0,EUR per night,7.635458615511838,5-10 km from Oktoberfest,,,
1199062786119420790,Ramersdorf-Perlach,48.11014,11.618,Entire home/apt,7,5,0.21,94,114.0,EUR per night,5.631044427966083,5-10 km from Oktoberfest,,,
1199174495515889489,Au-Haidhausen,48.131761712306606,11.597527834243024,Private room,1,1,1.0,163,114.0,EUR per night,3.5643516351145066,2-5 km from Oktoberfest,,,
1199442596370215708,Ramersdorf-Perlach,48.10296,11.65993,Entire home/apt,1,6,0.29,361,379.0,EUR per night,8.806688837869112,5-10 km from Oktoberfest,,,
1199910758156787157,Schwanthalerhöhe,48.13158,11.53724,Entire home/apt,1,8,0.37,26,365.0,EUR per night,0.9105558596358927,0-2 km from Oktoberfest,,,
1201099449094541454,Sendling,48.11549612559301,11.548208333551884,Entire home/apt,4,3,0.14,85,148.0,EUR per night,1.8265455447827472,0-2 km from Oktoberfest,,,
1201531605255047166,Milbertshofen-Am Hart,48.18157,11.58189,Entire home/apt,5,2,0.22,17,220.0,EUR per night,6.023009931085054,5-10 km from Oktoberfest,,,
1201553833465760715,Laim,48.13533264578791,11.514987163245678,Private room,1,4,0.19,85,183.0,EUR per night,2.589517892006744,2-5 km from Oktoberfest,,,
1201908436826781819,Tudering-Riem,48.117437990844095,11.64758152569737,Entire home/apt,3,0,,80,80.0,EUR per night,7.455491901638352,5-10 km from Oktoberfest,,,
1202057654431549661,Schwabing-Freimann,48.20192,11.60306,Private room,1,26,1.12,79,118.0,EUR per night,8.740585356993284,5-10 km from Oktoberfest,,,
1202173549719677101,Hadern,48.1201509106035,11.489144485584612,Entire home/apt,1,8,0.54,66,140.0,EUR per night,4.666320981623284,2-5 km from Oktoberfest,,,
1203020592470708497,Milbertshofen-Am Hart,48.18625,11.56609,Entire home/apt,90,0,,268,54.0,EUR per night,6.167452637327705,5-10 km from Oktoberfest,,,
1203356745712072160,Ramersdorf-Perlach,48.10366992144125,11.610857360064983,Entire home/apt,1,15,0.7,360,167.0,EUR per night,5.531703650384577,5-10 km from Oktoberfest,,,
1203395877087007426,Au-Haidhausen,48.12399243443902,11.581684162633454,Private room,2,2,0.09,180,309.0,EUR per night,2.54537680560638,2-5 km from Oktoberfest,,,
1204154130404721469,Thalkirchen-Obersendling-Forstenried-Fürstenried-Solln,48.1001393,11.514073,Entire home/apt,7,1,0.17,26,252.0,EUR per night,4.403313198792817,2-5 km from Oktoberfest,,,
1204294227201250264,Sendling,48.1245426,11.5414667,Entire home/apt,3,7,0.33,43,166.0,EUR per night,1.0123128951169256,0-2 km from Oktoberfest,,,
1204977607793648646,Aubing-Lochhausen-Langwied,48.1534385,11.4221632,Entire home/apt,1,14,0.6,82,420.0,EUR per night,9.746947333886494,5-10 km from Oktoberfest,,,
1205690095864637177,Thalkirchen-Obersendling-Forstenried-Fürstenried-Solln,48.092124,11.530827,Entire home/apt,90,0,,243,25.0,EUR per night,4.635067228280559,2-5 km from Oktoberfest,,,
1205707719497006013,Milbertshofen-Am Hart,48.2072721019057,11.566525342786615,Entire home/apt,1,5,0.21,252,180.0,EUR per night,8.475564701705164,5-10 km from Oktoberfest,,,
1205818852549395209,Sendling-Westpark,48.11719,11.53513,Entire home/apt,1,16,0.69,72,130.0,EUR per night,1.9527103175846374,0-2 km from Oktoberfest,,,
1205970204273748880,Bogenhausen,48.14178066395484,11.660144591142869,Entire home/apt,3,1,1.0,333,382.0,EUR per night,8.283714621254548,5-10 km from Oktoberfest,,,
1206342351019433860,Bogenhausen,48.15419,11.64525,Entire home/apt,30,0,,40,194.0,EUR per night,7.5243358538298635,5-10 km from Oktoberfest,,,
1207164588148305000,Moosach,48.18477321297958,11.496917999999988,Private room,2,27,1.18,97,71.0,EUR per night,7.0553240738467125,5-10 km from Oktoberfest,,,
1207259781852640494,Laim,48.1355848,11.5187269,Entire home/apt,3,35,1.56,136,194.0,EUR per night,2.3201624854048952,2-5 km from Oktoberfest,,,
1207362660581819554,Bogenhausen,48.14295351834917,11.623546459776708,Private room,1,19,0.82,343,152.0,EUR per night,5.6304450803691,5-10 km from Oktoberfest,,,
1207705393881713157,Sendling,48.12287,11.54707,Entire home/apt,7,15,0.65,96,183.0,EUR per night,1.0201592566829178,0-2 km from Oktoberfest,,,
1207734299837769179,Sendling,48.11412,11.54875,Entire home/apt,1,5,0.3,115,285.0,EUR per night,1.9778294164653887,0-2 km from Oktoberfest,,,
1207742053591787081,Tudering-Riem,48.109652295028376,11.683509608060838,Private room,1,11,0.48,344,140.0,EUR per night,10.250468282054127,10+ km from Oktoberfest,,,
1207794123413647499,Untergiesing-Harlaching,48.106899276117296,11.57593387153785,Entire home/apt,2,5,0.22,86,241.0,EUR per night,3.402716470603544,2-5 km from Oktoberfest,,,
1207794379644227631,Bogenhausen,48.1406636,11.6383297,Entire home/apt,2,11,0.52,251,331.0,EUR per night,6.663438750398595,5-10 km from Oktoberfest,,,
1207842125219066096,Laim,48.135644090788624,11.516097735064484,Private room,1,3,0.33,91,189.0,EUR per night,2.513526966263145,2-5 km from Oktoberfest,,,
1207970611086592445,Schwabing-West,48.1623911375733,11.574301043199258,Entire home/apt,4,0,,81,296.0,EUR per night,3.8575785130783804,2-5 km from Oktoberfest,,,
1207992342797949757,Bogenhausen,48.14498857801373,11.636083624158438,Entire home/apt,7,0,,344,150.0,EUR per night,6.587632106509605,5-10 km from Oktoberfest,,,
1208126161798245687,Au-Haidhausen,48.13351,11.5981,Private room,2,4,0.19,52,201.0,EUR per night,3.611159844301308,2-5 km from Oktoberfest,,,
1208522052503420543,Untergiesing-Harlaching,48.09216348380384,11.564186923205853,Entire home/apt,1,70,2.99,220,107.0,EUR per night,4.551052932351381,2-5 km from Oktoberfest,,,
1208546999971680040,Ludwigsvorstadt-Isarvorstadt,48.13051250519778,11.579106413562949,Private room,2,34,1.48,245,195.0,EUR per night,2.202635229139425,2-5 km from Oktoberfest,,,
1209241043691441603,Obergiesing,48.11213,11.58471,Private room,1,16,0.7,7,76.0,EUR per night,3.415160949076604,2-5 km from Oktoberfest,,,
1209268487930757234,Ludwigsvorstadt-Isarvorstadt,48.12145726066922,11.558619453887534,Entire home/apt,4,0,,364,175.0,EUR per night,1.3440503657925724,0-2 km from Oktoberfest,,,
1209282410123086361,Au-Haidhausen,48.1259883,11.5777733,Private room,7,0,,88,214.0,EUR per night,2.198934887954676,2-5 km from Oktoberfest,,,
1209511974263343323,Sendling-Westpark,48.10877,11.53579,Entire home/apt,1,25,1.08,244,129.0,EUR per night,2.765967096076382,2-5 km from Oktoberfest,,,
1210760282876986386,Untergiesing-Harlaching,48.11569,11.57542,Private room,2,3,0.32,206,167.0,EUR per night,2.636352744143564,2-5 km from Oktoberfest,,,
1210770512205859189,Maxvorstadt,48.153109676189466,11.565062681191304,Entire home/apt,2,9,0.42,30,351.0,EUR per night,2.62592348350586,2-5 km from Oktoberfest,,,
1210855752983610258,Maxvorstadt,48.15172307834401,11.572266324259529,Entire home/apt,3,3,0.13,340,250.0,EUR per night,2.7770760087186375,2-5 km from Oktoberfest,,,
1210871400759466865,Ludwigsvorstadt-Isarvorstadt,48.12514,11.55817,Private room,2,7,0.31,5,260.0,EUR per night,0.9894833955504053,0-2 km from Oktoberfest,,,
1210988518537241710,Tudering-Riem,48.12777925852988,11.694980565786915,Private room,1,26,1.12,173,116.0,EUR per night,10.806771978704257,10+ km from Oktoberfest,,,
1210994485536749555,Ludwigsvorstadt-Isarvorstadt,48.1270997220612,11.55912595273618,Entire home/apt,4,4,0.18,17,258.0,EUR per night,0.8917886582575799,0-2 km from Oktoberfest,,,
1211011135893045674,Maxvorstadt,48.1504642695184,11.569775509618712,Entire home/apt,2,13,0.56,2,184.0,EUR per night,2.554308521176336,2-5 km from Oktoberfest,,,
1211384736018439375,Schwabing-Freimann,48.1629321,11.5906342,Private room,1,91,3.92,348,135.0,EUR per night,4.606533143621855,2-5 km from Oktoberfest,,,
1211418795635476259,Pasing-Obermenzing,48.14216,11.44332,Entire home/apt,2,25,1.09,342,130.0,EUR per night,7.9613679410455545,5-10 km from Oktoberfest,,,
1211605668089832885,Au-Haidhausen,48.12986,11.60286,Entire home/apt,1,1,0.07,214,460.0,EUR per night,3.96660237341471,2-5 km from Oktoberfest,,,
1212045374696172101,Maxvorstadt,48.1492985,11.5561179,Private room,1,2,0.09,25,160.0,EUR per night,1.995972935942606,0-2 km from Oktoberfest,,,
1212975675577882712,Milbertshofen-Am Hart,48.18130548762891,11.55015763588837,Entire home/apt,1,27,1.17,327,262.0,EUR per night,5.4938561535492365,5-10 km from Oktoberfest,,,
1213096163699335636,Ludwigsvorstadt-Isarvorstadt,48.12971,11.56872,Entire home/apt,1,84,3.97,239,526.0,EUR per night,1.4470511712301881,0-2 km from Oktoberfest,,,
1213151406483787619,Maxvorstadt,48.15274323133514,11.567483466714082,Entire home/apt,2,9,0.42,349,686.0,EUR per night,2.67432833811922,2-5 km from Oktoberfest,,,
1213541660411196353,Sendling,48.11909,11.54554,Private room,2,1,0.56,323,162.0,EUR per night,1.4544158762247226,0-2 km from Oktoberfest,,,
1213783457791188199,Schwabing-West,48.15801648462251,11.568460866411495,Entire home/apt,1,3,0.14,81,827.0,EUR per night,3.226825985808265,2-5 km from Oktoberfest,,,
1213928933065485214,Tudering-Riem,48.13187391838228,11.676402373394454,Private room,2,10,0.44,70,95.0,EUR per night,9.417871186416614,5-10 km from Oktoberfest,,,
1213963021041414272,Schwanthalerhöhe,48.13857688500775,11.531120937459953,Entire home/apt,2,15,0.66,33,180.0,EUR per night,1.5528668818448617,0-2 km from Oktoberfest,,,
1214269082982154686,Thalkirchen-Obersendling-Forstenried-Fürstenried-Solln,48.07832661277407,11.528888784530832,Entire home/apt,2,58,2.53,347,222.0,EUR per night,6.150537976179335,5-10 km from Oktoberfest,,,
1214315433657879934,Ludwigsvorstadt-Isarvorstadt,48.1362427,11.5576954,Entire home/apt,1,12,0.52,15,739.0,EUR per night,0.7765734926972114,0-2 km from Oktoberfest,,,
1214400358713917454,Au-Haidhausen,48.14013550000001,11.59944,Entire home/apt,3,0,,283,436.0,EUR per night,3.817390492894917,2-5 km from Oktoberfest,,,
1214511413734757171,Moosach,48.18833681982921,11.528400195149908,Entire home/apt,1,0,,349,306.0,EUR per night,6.467694117096154,5-10 km from Oktoberfest,,,
1215295525208812513,Tudering-Riem,48.13976929076775,11.681147664785383,Entire home/apt,5,7,0.54,178,149.0,EUR per night,9.808393538931664,5-10 km from Oktoberfest,,,
1215659813411956784,Tudering-Riem,48.1195106123899,11.669143650469683,Private room,1,9,0.4,178,164.0,EUR per night,8.986468844468423,5-10 km from Oktoberfest,,,
1215667950150473356,Bogenhausen,48.15011,11.60294,Entire home/apt,1,4,0.28,138,105.0,EUR per night,4.452346747823915,2-5 km from Oktoberfest,,,
1215780480493053989,Berg am Laim,48.121643880449206,11.650772209806725,Entire home/apt,20,8,0.35,207,95.0,EUR per night,7.6025375619224995,5-10 km from Oktoberfest,,,
1216111929699057395,Milbertshofen-Am Hart,48.18412714051317,11.563521400797171,Private room,1,0,,357,53.0,EUR per night,5.899789280251047,5-10 km from Oktoberfest,,,
1216355776247392869,Tudering-Riem,48.120117317935616,11.69419789709859,Private room,2,0,,361,79.0,EUR per night,10.819388595471008,10+ km from Oktoberfest,,,
1216596064603515749,Maxvorstadt,48.1515784,11.579042,Entire home/apt,2,15,0.65,82,148.0,EUR per night,3.097223168693796,2-5 km from Oktoberfest,,,
1216795501943591264,Obergiesing,48.11149883132966,11.588389701368492,Entire home/apt,1,0,,51,100.0,EUR per night,3.6714083926788086,2-5 km from Oktoberfest,,,
1216871171672529393,Schwabing-West,48.16794609919851,11.574229250775916,Shared room,1,27,1.18,179,48.0,EUR per night,4.408057392805627,2-5 km from Oktoberfest,,,
1217214615643241803,Obergiesing,48.11152,11.58722,Entire home/apt,4,0,,202,123.0,EUR per night,3.6020582809994823,2-5 km from Oktoberfest,,,
1217291181504651879,Ramersdorf-Perlach,48.11597,11.60285,Entire home/apt,1,30,1.32,64,135.0,EUR per night,4.338026022610163,2-5 km from Oktoberfest,,,
1217774109077066354,Untergiesing-Harlaching,48.1126937214774,11.570553703703682,Entire home/apt,3,0,,87,267.0,EUR per night,2.646352941515831,2-5 km from Oktoberfest,,,
1218086793392467681,Ramersdorf-Perlach,48.11087989776193,11.61904612144762,Private room,2,4,0.19,19,318.0,EUR per night,5.666800116444342,5-10 km from Oktoberfest,,,
1218265011208400285,Pasing-Obermenzing,48.148317161531466,11.455594358603063,Entire home/apt,10,2,0.09,268,242.0,EUR per night,7.203111875236297,5-10 km from Oktoberfest,,,
1218593183559260973,Schwabing-West,48.16486,11.56647,Entire home/apt,1,30,1.4,276,216.0,EUR per night,3.8752021140011443,2-5 km from Oktoberfest,,,
1218616951301350253,Altstadt-Lehel,48.13114160784282,11.569285442400306,Entire home/apt,14,2,0.12,273,172.0,EUR per night,1.470777357467614,0-2 km from Oktoberfest,,,
1218694480239730958,Moosach,48.1836001,11.5365113,Entire home/apt,1,41,1.86,70,204.0,EUR per night,5.828963165131977,5-10 km from Oktoberfest,,,
1218927749135779652,Bogenhausen,48.16273,11.62542,Private room,2,0,,179,103.0,EUR per night,6.593806850175025,5-10 km from Oktoberfest,,,
1218958771714000885,Sendling,48.12030290561795,11.544859007100046,Entire home/apt,1,16,0.71,194,192.0,EUR per night,1.3347521549379306,0-2 km from Oktoberfest,,,
1219258436906076066,Sendling-Westpark,48.1184099,11.5029972,Private room,1,6,0.27,15,342.0,EUR per night,3.763450177700681,2-5 km from Oktoberfest,,,
1219353360316675985,Laim,48.1384838,11.5169338,Private room,3,2,0.15,356,156.0,EUR per night,2.5251478924312196,2-5 km from Oktoberfest,,,
1219527766044572414,Au-Haidhausen,48.13368,11.59613,Entire home/apt,3,24,1.08,83,465.0,EUR per night,3.4661711947520324,2-5 km from Oktoberfest,,,
1219611143392376108,Untergiesing-Harlaching,48.1042594,11.5699965,Private room,1,3,0.14,183,125.0,EUR per night,3.429491306993514,2-5 km from Oktoberfest,,,
1220097682116236641,Tudering-Riem,48.11873569877957,11.686436275177732,Private room,3,5,0.23,210,106.0,EUR per night,10.268689711142168,10+ km from Oktoberfest,,,
1220153845347740223,Schwanthalerhöhe,48.13465,11.53365,Entire home/apt,1,1,0.11,85,225.0,EUR per night,1.2153497564413838,0-2 km from Oktoberfest,,,
1220872145671387592,Ludwigsvorstadt-Isarvorstadt,48.1356837,11.5550568,Private room,1,55,2.56,179,177.0,EUR per night,0.5891221364683632,0-2 km from Oktoberfest,,,
1221016806457409043,Ramersdorf-Perlach,48.10900407883247,11.652252774585158,Private room,1,0,,120,177.0,EUR per night,8.041020350350927,5-10 km from Oktoberfest,,,
1221610746103139093,Schwanthalerhöhe,48.13299929420867,11.53464674949646,Entire home/apt,1,8,0.37,13,591.0,EUR per night,1.1090566890515001,0-2 km from Oktoberfest,,,
1221670183424317112,Schwabing-West,48.16666546318348,11.5648827863981,Private room,1,26,1.18,71,123.0,EUR per night,4.030677587669701,2-5 km from Oktoberfest,,,
1221786049212151013,Ludwigsvorstadt-Isarvorstadt,48.12929839290454,11.552906893193722,Entire home/apt,21,0,,291,151.0,EUR per night,0.3842084486756312,0-2 km from Oktoberfest,,,
1221789602840824608,Ludwigsvorstadt-Isarvorstadt,48.13137513816163,11.581199519551443,Entire home/apt,1,6,0.27,304,250.0,EUR per night,2.353268143379135,2-5 km from Oktoberfest,,,
1221875114873165132,Sendling-Westpark,48.1153076962736,11.52733547863103,Private room,3,5,0.23,185,201.0,EUR per night,2.4719513539798075,2-5 km from Oktoberfest,,,
1222523356348837528,Schwanthalerhöhe,48.13171541427845,11.53682313399959,Entire home/apt,2,14,0.94,337,326.0,EUR per night,0.9410201638906619,0-2 km from Oktoberfest,,,
1222954557456374366,Sendling,48.11026,11.5487,Entire home/apt,3,25,1.1,147,168.0,EUR per night,2.4069908522696233,2-5 km from Oktoberfest,,,
1223021345905326049,Schwabing-West,48.15997,11.56496,Entire home/apt,1,13,0.6,316,177.0,EUR per night,3.3253300770064778,2-5 km from Oktoberfest,,,
1223162304270585199,Ludwigsvorstadt-Isarvorstadt,48.13566865258445,11.556383930804063,Private room,1,11,0.51,240,215.0,EUR per night,0.660747282208393,0-2 km from Oktoberfest,,,
1223833312924419494,Schwabing-Freimann,48.17478211072953,11.58689182842716,Entire home/apt,3,3,0.14,17,230.0,EUR per night,5.516384906976766,5-10 km from Oktoberfest,,,
1224366479631906710,Sendling,48.110300830897614,11.538973474447989,Private room,1,20,0.88,7,108.0,EUR per night,2.5256277815998085,2-5 km from Oktoberfest,,,
1224395722821436624,Maxvorstadt,48.1503,11.55335,Entire home/apt,1,2,0.13,363,355.0,EUR per night,2.0658337705135614,2-5 km from Oktoberfest,,,
1224452633865145763,Ludwigsvorstadt-Isarvorstadt,48.12968,11.57341,Entire home/apt,2,7,3.82,71,135.0,EUR per night,1.7915710283407627,0-2 km from Oktoberfest,,,
1224461248074877166,Ludwigsvorstadt-Isarvorstadt,48.12653,11.56258,Entire home/apt,5,6,0.41,339,149.0,EUR per night,1.1397060553315628,0-2 km from Oktoberfest,,,
1224731051689154490,Berg am Laim,48.13237123606558,11.632269035448443,Entire home/apt,3,0,,81,183.0,EUR per night,6.142774905904024,5-10 km from Oktoberfest,,,
1224820206004036129,Ramersdorf-Perlach,48.10911935846675,11.627648811617966,Private room,1,5,0.23,349,95.0,EUR per night,6.32992539321139,5-10 km from Oktoberfest,,,
1225329501631342066,Schwanthalerhöhe,48.13699,11.53123,Entire home/apt,2,3,0.14,364,310.0,EUR per night,1.4692058935265697,0-2 km from Oktoberfest,,,
1225343319207522803,Altstadt-Lehel,48.1401317,11.5919102,Entire home/apt,1,30,1.35,120,178.0,EUR per night,3.277562273401922,2-5 km from Oktoberfest,,,
1225926822451840918,Neuhausen-Nymphenburg,48.1577864,11.5413505,Entire home/apt,1,1,0.05,225,340.0,EUR per night,2.9412578898898984,2-5 km from Oktoberfest,,,
1225977307516176529,Sendling-Westpark,48.1171236,11.5123577,Entire home/apt,2,7,1.86,269,174.0,EUR per night,3.2093468098312883,2-5 km from Oktoberfest,,,
1226028224348626485,Ramersdorf-Perlach,48.10116304227415,11.654397135554218,Entire home/apt,1,14,0.62,181,7.0,EUR per night,8.504141969982483,5-10 km from Oktoberfest,,,
1226109335776598480,Sendling,48.1105229,11.5518129,Private room,1,13,0.58,11,106.0,EUR per night,2.3832170705958347,2-5 km from Oktoberfest,,,
1226214742199466926,Ludwigsvorstadt-Isarvorstadt,48.12959951189997,11.556738152591048,Entire home/apt,3,0,,356,270.0,EUR per night,0.5949773543692827,0-2 km from Oktoberfest,,,
1226269127239423379,Schwabing-West,48.16359,11.57718,Entire home/apt,2,6,0.28,56,479.0,EUR per night,4.078503462534384,2-5 km from Oktoberfest,,,
1226296044425747091,Thalkirchen-Obersendling-Forstenried-Fürstenried-Solln,48.0789702788383,11.50514761480815,Private room,1,5,0.23,1,110.0,EUR per night,6.744237661940088,5-10 km from Oktoberfest,,,
1226461612812489734,Aubing-Lochhausen-Langwied,48.14329,11.42029,Entire home/apt,1,8,0.38,133,270.0,EUR per night,9.671348212031376,5-10 km from Oktoberfest,,,
1226555583171928960,Milbertshofen-Am Hart,48.18576,11.55025,Private room,1,39,1.81,25,122.0,EUR per night,5.989217118906223,5-10 km from Oktoberfest,,,
1226649021678894747,Ramersdorf-Perlach,48.10822349308011,11.646314309090588,Private room,5,2,0.09,240,58.0,EUR per night,7.653635933174503,5-10 km from Oktoberfest,,,
1226657022663576381,Ludwigsvorstadt-Isarvorstadt,48.13754524282221,11.5501165349182,Entire home/apt,1,79,3.71,203,371.0,EUR per night,0.629387537734639,0-2 km from Oktoberfest,,,
1226715896535476345,Sendling-Westpark,48.11519,11.5074,Private room,2,0,,194,125.0,EUR per night,3.6355732256500315,2-5 km from Oktoberfest,,,
1226733640553620817,Tudering-Riem,48.13236284410591,11.697480695370611,Entire home/apt,2,6,0.27,57,315.0,EUR per night,10.982234891671284,10+ km from Oktoberfest,,,
1226733920156401999,Obergiesing,48.117998089202494,11.582651009965836,Entire home/apt,1,7,0.33,9,262.0,EUR per night,2.9058641327641475,2-5 km from Oktoberfest,,,
1227240753168946021,Thalkirchen-Obersendling-Forstenried-Fürstenried-Solln,48.0998300296185,11.53228908777237,Entire home/apt,2,2,0.09,5,125.0,EUR per night,3.7880011283893715,2-5 km from Oktoberfest,,,
1227293189349079171,Schwanthalerhöhe,48.13985,11.53608,Private room,30,10,0.45,83,97.0,EUR per night,1.3316188068568575,0-2 km from Oktoberfest,,,
1227565186942134539,Altstadt-Lehel,48.13396410763741,11.582320888568354,Entire home/apt,1,17,0.79,354,985.0,EUR per night,2.4464940184916446,2-5 km from Oktoberfest,,,
1228044482111341824,Bogenhausen,48.149431,11.603339,Entire home/apt,3,2,0.09,125,155.0,EUR per night,4.44513342711755,2-5 km from Oktoberfest,,,
1228114911745001113,Au-Haidhausen,48.1281430655411,11.586015264308118,Private room,1,11,0.51,18,120.0,EUR per night,2.7420340421900358,2-5 km from Oktoberfest,,,
1228168008018827708,Neuhausen-Nymphenburg,48.15092,11.5344,Entire home/apt,2,3,0.32,362,553.0,EUR per night,2.393376487347448,2-5 km from Oktoberfest,,,
1228231522348196300,Untergiesing-Harlaching,48.11034264153396,11.577979442361652,Private room,1,0,,362,320.0,EUR per night,3.1960829947727616,2-5 km from Oktoberfest,,,
1228354759394219623,Obergiesing,48.10967191282454,11.580777274935746,Entire home/apt,2,4,0.18,57,633.0,EUR per night,3.3910675959277903,2-5 km from Oktoberfest,,,
1228362383427283977,Sendling-Westpark,48.111726447310616,11.529755324554786,Entire home/apt,20,1,0.11,88,98.0,EUR per night,2.679541375934196,2-5 km from Oktoberfest,,,
1228858071137204377,Ramersdorf-Perlach,48.0966359,11.6046772,Private room,2,9,0.42,171,89.0,EUR per night,5.670571910274784,5-10 km from Oktoberfest,,,
1228893101905492126,Au-Haidhausen,48.1204924609351,11.577359424630624,Entire home/apt,1,12,0.54,1,172.0,EUR per night,2.4258370976484045,2-5 km from Oktoberfest,,,
1228927368176447006,Laim,48.14367775326684,11.497367408366523,Entire home/apt,2,44,2.07,118,189.0,EUR per night,4.084164621646446,2-5 km from Oktoberfest,,,
1229033049738054109,Thalkirchen-Obersendling-Forstenried-Fürstenried-Solln,48.09122515489495,11.516663700803626,Entire home/apt,2,34,1.58,36,242.0,EUR per night,5.138016897579064,5-10 km from Oktoberfest,,,
1229091950332348905,Laim,48.14191910375169,11.503600850701332,Entire home/apt,3,1,0.05,42,640.0,EUR per night,3.583577012715821,2-5 km from Oktoberfest,,,
1229127728968903400,Laim,48.13825818886614,11.520097437355586,Entire home/apt,4,7,0.33,284,183.0,EUR per night,2.2936159039458968,2-5 km from Oktoberfest,,,
1229450618285100155,Laim,48.1369854,11.4902685,Entire home/apt,3,7,0.33,140,163.0,EUR per night,4.431782688969094,2-5 km from Oktoberfest,,,
1229505382413077179,Au-Haidhausen,48.1275982,11.5895034,Entire home/apt,14,20,0.94,324,83.0,EUR per night,3.0072036527568007,2-5 km from Oktoberfest,,,
1229513763160210064,Au-Haidhausen,48.1275982,11.5895034,Entire home/apt,28,5,0.27,333,70.0,EUR per night,3.0072036527568007,2-5 km from Oktoberfest,,,
1230566077973417546,Maxvorstadt,48.15382088320513,11.569208266155526,Entire home/apt,2,8,0.37,253,565.0,EUR per night,2.842482127327765,2-5 km from Oktoberfest,,,
1230977227628490515,Ludwigsvorstadt-Isarvorstadt,48.12983999999999,11.5749,Entire home/apt,2,11,0.51,235,432.0,EUR per night,1.8989268374981716,0-2 km from Oktoberfest,,,
1231062103113617984,Obergiesing,48.11321872114235,11.580196282092375,Entire home/apt,2,1,0.05,365,207.0,EUR per night,3.0832698581512865,2-5 km from Oktoberfest,,,
1231073660155161569,Ludwigsvorstadt-Isarvorstadt,48.13765979999999,11.5504384,Entire home/apt,1,85,4.02,218,286.0,EUR per night,0.6442353284694904,0-2 km from Oktoberfest,,,
1231134246551332981,Berg am Laim,48.1259534065201,11.630996227816777,Entire home/apt,1,3,0.14,263,130.0,EUR per night,6.084506483832573,5-10 km from Oktoberfest,,,
1231141731515357144,Schwanthalerhöhe,48.138,11.54511,Entire home/apt,2,4,0.19,11,533.0,EUR per night,0.7524674679076054,0-2 km from Oktoberfest,,,
1231203572002310877,Aubing-Lochhausen-Langwied,48.15533,11.4191,Private room,1,1,0.05,179,138.0,EUR per night,10.019863752517766,10+ km from Oktoberfest,,,
1231246532381391901,Bogenhausen,48.14032711066324,11.646047042801955,Entire home/apt,3,14,0.65,42,493.0,EUR per night,7.225524690124408,5-10 km from Oktoberfest,,,
1231876338805094962,Ludwigsvorstadt-Isarvorstadt,48.1293,11.55819,Entire home/apt,1,3,0.15,139,445.0,EUR per night,0.7067669912092087,0-2 km from Oktoberfest,,,
1231941167907689229,Ludwigsvorstadt-Isarvorstadt,48.12720533002326,11.56256318084349,Entire home/apt,2,3,0.14,179,150.0,EUR per night,1.101115630338423,0-2 km from Oktoberfest,,,
1232390066983638788,Aubing-Lochhausen-Langwied,48.17926,11.40311,Private room,2,86,4.88,225,68.0,EUR per night,12.068671800649991,10+ km from Oktoberfest,,,
1232433475076833668,Feldmoching-Hasenbergl,48.19880038692344,11.55087190632539,Private room,1,11,0.54,106,115.0,EUR per night,7.439679416534191,5-10 km from Oktoberfest,,,
1232446449371448262,Pasing-Obermenzing,48.1457661,11.4667651,Entire home/apt,1,2,0.09,365,360.0,EUR per night,6.329870312278597,5-10 km from Oktoberfest,,,
1232538032949665444,Ludwigsvorstadt-Isarvorstadt,48.13513057807688,11.555113894244242,Entire home/apt,1,141,6.99,363,162.0,EUR per night,0.550098836624461,0-2 km from Oktoberfest,,,
1232637518893608095,Bogenhausen,48.1406636,11.6383297,Private room,2,2,0.09,57,142.0,EUR per night,6.663438750398595,5-10 km from Oktoberfest,,,
1232725750710187667,Obergiesing,48.10467,11.59274,Entire home/apt,2,2,0.09,59,213.0,EUR per night,4.41258312387034,2-5 km from Oktoberfest,,,
1232909733778943258,Milbertshofen-Am Hart,48.18778251730885,11.56402329367413,Entire home/apt,1,2,0.14,356,118.0,EUR per night,6.3065365140849625,5-10 km from Oktoberfest,,,
1233125098734818651,Tudering-Riem,48.10211599272333,11.694276927586849,Entire home/apt,2,5,0.23,151,278.0,EUR per night,11.24621370898013,10+ km from Oktoberfest,,,
1233265323665862788,Thalkirchen-Obersendling-Forstenried-Fürstenried-Solln,48.08836,11.50758,Private room,1,0,,364,150.0,EUR per night,5.755530214946022,5-10 km from Oktoberfest,,,
1233944172655839683,Allach-Untermenzing,48.174498980370906,11.448862339596904,Entire home/apt,1,3,0.14,282,108.0,EUR per night,8.841491391632065,5-10 km from Oktoberfest,,,
1234171071786502080,Pasing-Obermenzing,48.15979,11.45247,Private room,1,17,0.8,85,71.0,EUR per night,7.838552881397581,5-10 km from Oktoberfest,,,
1235515135857067234,Maxvorstadt,48.15422419999999,11.576109,Entire home/apt,1,15,0.71,7,246.0,EUR per night,3.171739462286998,2-5 km from Oktoberfest,,,
1235993147614805420,Untergiesing-Harlaching,48.10462,11.57387,Entire home/apt,5,0,,34,254.0,EUR per night,3.531884899982493,2-5 km from Oktoberfest,,,
1235999549809634083,Schwanthalerhöhe,48.13501,11.54154,Entire home/apt,1,1,0.07,263,428.0,EUR per night,0.6845004329201246,0-2 km from Oktoberfest,,,
1236028282395082966,Ludwigsvorstadt-Isarvorstadt,48.12876,11.57647,Entire home/apt,3,13,0.61,4,618.0,EUR per night,2.0318235515485488,2-5 km from Oktoberfest,,,
1236072127564568295,Untergiesing-Harlaching,48.11921,11.57483,Entire home/apt,1,0,,30,249.0,EUR per night,2.350686485778199,2-5 km from Oktoberfest,,,
1236090287679709147,Schwabing-West,48.16077053401555,11.57109366063055,Entire home/apt,2,3,0.14,2,363.0,EUR per night,3.587818766795619,2-5 km from Oktoberfest,,,
1236316747857602420,Thalkirchen-Obersendling-Forstenried-Fürstenried-Solln,48.102138,11.5362665,Entire home/apt,1,2,0.09,357,250.0,EUR per night,3.4521162278075286,2-5 km from Oktoberfest,,,
1236751844613348366,Allach-Untermenzing,48.19366,11.45513,Private room,1,0,,362,310.0,EUR per night,9.80568983784978,5-10 km from Oktoberfest,,,
1236812451730266680,Obergiesing,48.116331501377175,11.589833870530128,Entire home/apt,2,7,0.33,44,99.0,EUR per night,3.4582518886498894,2-5 km from Oktoberfest,,,
1236918344269885998,Milbertshofen-Am Hart,48.18602811548087,11.568389588603134,Entire home/apt,9,5,0.23,85,350.0,EUR per night,6.179705553539024,5-10 km from Oktoberfest,,,
1237037449120010923,Bogenhausen,48.14740637829232,11.603666131894045,Private room,7,0,,90,95.0,EUR per night,4.3734827227729784,2-5 km from Oktoberfest,,,
1237085584551449826,Ludwigsvorstadt-Isarvorstadt,48.13765979999999,11.5504384,Entire home/apt,1,31,1.49,200,509.0,EUR per night,0.6442353284694904,0-2 km from Oktoberfest,,,
1237095147552033363,Ludwigsvorstadt-Isarvorstadt,48.13765979999999,11.5504384,Entire home/apt,1,77,3.62,244,581.0,EUR per night,0.6442353284694904,0-2 km from Oktoberfest,,,
1237112718915225941,Pasing-Obermenzing,48.14802931620483,11.451610129462622,Entire home/apt,2,24,1.13,179,83.0,EUR per night,7.481753978316057,5-10 km from Oktoberfest,,,
1237444047868903037,Ludwigsvorstadt-Isarvorstadt,48.13219654452412,11.581278822493395,Private room,1,9,0.44,348,125.0,EUR per night,2.358641352899089,2-5 km from Oktoberfest,,,
1237498570610642153,Obergiesing,48.11052,11.59134,Private room,1,20,0.95,79,110.0,EUR per night,3.9111886543660743,2-5 km from Oktoberfest,,,
1237502936249775968,Allach-Untermenzing,48.1733516966889,11.44644093799642,Private room,1,0,,294,130.0,EUR per night,8.927221082964648,5-10 km from Oktoberfest,,,
1237546766142342743,Allach-Untermenzing,48.17320818817398,11.447939595842447,Private room,1,1,0.07,284,120.0,EUR per night,8.8238884462384,5-10 km from Oktoberfest,,,
1238138635974768144,Au-Haidhausen,48.12259,11.59289,Private room,1,0,,365,400.0,EUR per night,3.382715956673506,2-5 km from Oktoberfest,,,
1238168887332618130,Maxvorstadt,48.15286,11.56099,Entire home/apt,2,8,0.54,22,942.0,EUR per night,2.4816792816892534,2-5 km from Oktoberfest,,,
1238286384819577563,Thalkirchen-Obersendling-Forstenried-Fürstenried-Solln,48.08271,11.50222,Entire home/apt,3,7,0.33,13,137.0,EUR per night,6.4993038464392905,5-10 km from Oktoberfest,,,
1238383464079829315,Neuhausen-Nymphenburg,48.15540123777531,11.540397777095814,Entire home/apt,3,3,0.14,97,125.0,EUR per night,2.6990762172851124,2-5 km from Oktoberfest,,,
1238518909836681470,Altstadt-Lehel,48.14143,11.58364,Entire home/apt,1,11,0.61,323,354.0,EUR per night,2.7461105735387776,2-5 km from Oktoberfest,,,
1238820392358275006,Pasing-Obermenzing,48.1458799,11.4608095,Entire home/apt,5,27,1.3,26,110.0,EUR per night,6.762233609984951,5-10 km from Oktoberfest,,,
1239385287706414931,Thalkirchen-Obersendling-Forstenried-Fürstenried-Solln,48.0979678369317,11.518004142920672,Entire home/apt,1,12,0.56,312,169.0,EUR per night,4.438839640232162,2-5 km from Oktoberfest,,,
1239409924327733740,Untergiesing-Harlaching,48.1097421510805,11.569528853265853,Entire home/apt,1,2,0.14,365,271.0,EUR per night,2.8776520461430133,2-5 km from Oktoberfest,,,
1239483000325656191,Untergiesing-Harlaching,48.118162846271865,11.572044373005324,Private room,1,42,1.95,18,62.0,EUR per night,2.2656706701317497,2-5 km from Oktoberfest,,,
1239600215449802162,Schwabing-West,48.175243678398,11.572182707292349,Private room,1,0,,338,50.0,EUR per night,5.104883503516698,5-10 km from Oktoberfest,,,
1239686800678514616,Au-Haidhausen,48.1374507,11.6178436,Entire home/apt,1,5,0.23,362,182.0,EUR per night,5.109161390922084,5-10 km from Oktoberfest,,,
1239687539160682166,Allach-Untermenzing,48.18083927739477,11.44269394024064,Private room,1,166,7.77,107,45.0,EUR per night,9.611550988174642,5-10 km from Oktoberfest,,,
1239858154357659628,Bogenhausen,48.14066355298366,11.638329550623894,Private room,2,9,0.42,4,105.0,EUR per night,6.663427023237322,5-10 km from Oktoberfest,,,
1239874155614684117,Ramersdorf-Perlach,48.11973,11.62536,Private room,1,3,0.14,361,125.0,EUR per night,5.790840065073379,5-10 km from Oktoberfest,,,
1239934932347259159,Thalkirchen-Obersendling-Forstenried-Fürstenried-Solln,48.10302354511212,11.544882729649544,Entire home/apt,3,37,1.73,14,90.0,EUR per night,3.2291580096856807,2-5 km from Oktoberfest,,,
1240512270856568804,Bogenhausen,48.15411621146426,11.647329468977436,Private room,1,11,0.51,96,151.0,EUR per night,7.667541876443439,5-10 km from Oktoberfest,,,
1240557775546564100,Pasing-Obermenzing,48.14780185317036,11.470323096184076,Entire home/apt,1,5,0.23,28,331.0,EUR per night,6.13540335119359,5-10 km from Oktoberfest,,,
1240631660384340506,Ludwigsvorstadt-Isarvorstadt,48.13706194694085,11.560369199911214,Private room,6,0,,342,70.0,EUR per night,0.9899800994942917,0-2 km from Oktoberfest,,,
1241080909315884092,Bogenhausen,48.15024,11.61399,Entire home/apt,1,3,0.14,4,340.0,EUR per night,5.201604847456243,5-10 km from Oktoberfest,,,
1241130201076350915,Ludwigsvorstadt-Isarvorstadt,48.13125895211541,11.554446044021036,Entire home/apt,2,4,0.26,72,212.0,EUR per night,0.3739226204197636,0-2 km from Oktoberfest,,,
1241169515657635139,Ramersdorf-Perlach,48.10078,11.65544,Private room,1,1,0.07,180,514.0,EUR per night,8.592180430179122,5-10 km from Oktoberfest,,,
1241271103115905913,Bogenhausen,48.15674248718887,11.621731331786895,Private room,2,2,0.09,355,236.0,EUR per night,6.029270975240242,5-10 km from Oktoberfest,,,
1241293341930558663,Moosach,48.17911,11.50881,Private room,1,41,1.91,358,60.0,EUR per night,6.05540004055625,5-10 km from Oktoberfest,,,
1241400457163710222,Laim,48.1268682,11.5014389,Entire home/apt,1,7,0.33,327,128.0,EUR per night,3.610572760159828,2-5 km from Oktoberfest,,,
1241782360426890894,Schwanthalerhöhe,48.1311635,11.5378273,Entire home/apt,3,2,0.09,165,331.0,EUR per night,0.8701405778214492,0-2 km from Oktoberfest,,,
1241857620046753609,Schwanthalerhöhe,48.1349819,11.544066,Entire home/apt,1,16,0.74,351,355.0,EUR per night,0.5292064504594541,0-2 km from Oktoberfest,,,
1241968529181543140,Maxvorstadt,48.15491,11.56993,Entire home/apt,1,3,0.2,251,331.0,EUR per night,2.97391775745285,2-5 km from Oktoberfest,,,
1241973354740241147,Neuhausen-Nymphenburg,48.15542958715486,11.540638068818977,Entire home/apt,3,12,0.56,87,125.0,EUR per night,2.697727532485159,2-5 km from Oktoberfest,,,
1242006611226650723,Aubing-Lochhausen-Langwied,48.17755,11.39956,Private room,2,83,3.9,230,101.0,EUR per night,12.226160157378455,10+ km from Oktoberfest,,,
1242020237186784065,Bogenhausen,48.17259,11.63556,Entire home/apt,1,99,5.01,333,63.0,EUR per night,7.824982643103482,5-10 km from Oktoberfest,,,
1242021404981243370,Ludwigsvorstadt-Isarvorstadt,48.1356865,11.5560897,Entire home/apt,5,1,0.11,346,627.0,EUR per night,0.6453072339741911,0-2 km from Oktoberfest,,,
1242513023786194085,Maxvorstadt,48.14354,11.54064,Entire home/apt,15,0,,364,240.0,EUR per night,1.4517181093433917,0-2 km from Oktoberfest,,,
1242635099565660798,Altstadt-Lehel,48.14812,11.59195,Private room,2,2,0.13,75,90.0,EUR per night,3.6296775816082305,2-5 km from Oktoberfest,,,
1242681083551928227,Moosach,48.18253,11.52904,Entire home/apt,14,0,,364,200.0,EUR per night,5.830774224868222,5-10 km from Oktoberfest,,,
1242699446044658349,Neuhausen-Nymphenburg,48.1570941005586,11.531474312943756,Entire home/apt,2,31,1.47,128,459.0,EUR per night,3.1043279162075232,2-5 km from Oktoberfest,,,
1242723132051821622,Schwabing-West,48.16123,11.56786,Entire home/apt,3,0,,295,317.0,EUR per night,3.534387413606063,2-5 km from Oktoberfest,,,
1243249908138555880,Altstadt-Lehel,48.1405431,11.5912959,Private room,1,0,,365,218.0,EUR per night,3.2470481043709873,2-5 km from Oktoberfest,,,
1243332060950945456,Moosach,48.17937854868713,11.511060115225687,Entire home/apt,1,4,0.19,295,343.0,EUR per night,6.000207593886016,5-10 km from Oktoberfest,,,
1243473751862899867,Sendling,48.12322,11.54604,Entire home/apt,1,4,0.19,293,194.0,EUR per night,0.9987509054299412,0-2 km from Oktoberfest,,,
1243919285915728142,Sendling,48.12061156580041,11.546871889073689,Private room,3,2,0.09,98,100.0,EUR per night,1.270282732585247,0-2 km from Oktoberfest,,,
1244049789732710255,Altstadt-Lehel,48.1405431,11.5912959,Private room,1,6,0.28,364,219.0,EUR per night,3.2470481043709873,2-5 km from Oktoberfest,,,
1244058084236514732,Milbertshofen-Am Hart,48.18825502235223,11.5819361165084,Private room,1,0,,363,65.0,EUR per night,6.712370354827024,5-10 km from Oktoberfest,,,
1244141750465560127,Sendling-Westpark,48.1204262056721,11.5348821891796,Private room,1,21,0.98,359,93.0,EUR per night,1.674776040479405,0-2 km from Oktoberfest,,,
1244721177139851851,Thalkirchen-Obersendling-Forstenried-Fürstenried-Solln,48.098931,11.5111684,Entire home/apt,2,126,5.83,212,121.0,EUR per night,4.640806944779988,2-5 km from Oktoberfest,,,
1244756574432392472,Ludwigsvorstadt-Isarvorstadt,48.12978,11.56331,Private room,1,1,0.56,171,107.0,EUR per night,1.0516700323916113,0-2 km from Oktoberfest,,,
1244823321854632086,Sendling,48.12178395945088,11.540620859501958,Entire home/apt,1,9,0.42,24,350.0,EUR per night,1.3036856600421078,0-2 km from Oktoberfest,,,
1244915333023887244,Tudering-Riem,48.13189,11.69703,Entire home/apt,1,2,0.1,151,99.0,EUR per night,10.948717248793976,10+ km from Oktoberfest,,,
1245366247729155545,Untergiesing-Harlaching,48.10662033476464,11.576355967370084,Entire home/apt,5,4,0.27,239,97.0,EUR per night,3.4461369567385427,2-5 km from Oktoberfest,,,
1245438225658705266,Sendling-Westpark,48.11541,11.50478,Entire home/apt,1,64,2.95,190,153.0,EUR per night,3.7921312010373662,2-5 km from Oktoberfest,,,
1245479363281567424,Maxvorstadt,48.15351810874185,11.5549507288209,Entire home/apt,1,4,0.19,305,152.0,EUR per night,2.4376085713698092,2-5 km from Oktoberfest,,,
1245526350733265518,Schwanthalerhöhe,48.13442,11.54236,Private room,1,3,0.14,9,245.0,EUR per night,0.5994013848987729,0-2 km from Oktoberfest,,,
1245537499458626191,Ludwigsvorstadt-Isarvorstadt,48.13925,11.5523,Private room,1,0,,352,176.0,EUR per night,0.8432821447157826,0-2 km from Oktoberfest,,,
1245606091396396927,Ramersdorf-Perlach,48.1154889,11.599749,Entire home/apt,1,1,0.05,165,90.0,EUR per night,4.15223349831417,2-5 km from Oktoberfest,,,
1245630521851125163,Sendling-Westpark,48.11590142345906,11.533489478084949,Entire home/apt,1,5,0.24,161,120.0,EUR per night,2.1393812817935562,2-5 km from Oktoberfest,,,
1245655535349152752,Au-Haidhausen,48.127960228298406,11.593589766361973,Private room,1,4,0.19,56,95.0,EUR per night,3.301376597574892,2-5 km from Oktoberfest,,,
1245773670422624463,Au-Haidhausen,48.12138205237801,11.572165499728223,Private room,14,12,0.57,278,74.0,EUR per night,2.04885883937381,2-5 km from Oktoberfest,,,
1246201171474675743,Sendling-Westpark,48.11764762290908,11.5082887423279,Entire home/apt,2,68,3.17,121,396.0,EUR per night,3.4450204751788505,2-5 km from Oktoberfest,,,
1246240885247568443,Ramersdorf-Perlach,48.0852704356107,11.6425657677215,Private room,1,7,0.33,364,87.0,EUR per night,8.638879160754511,5-10 km from Oktoberfest,,,
1246347447577265853,Sendling,48.12072433225724,11.53852019459009,Entire home/apt,1,1,0.07,88,415.0,EUR per night,1.4860592841572615,0-2 km from Oktoberfest,,,
1246355886759914433,Neuhausen-Nymphenburg,48.14698,11.53215,Entire home/apt,1,49,2.33,149,285.0,EUR per night,2.1140391150773064,2-5 km from Oktoberfest,,,
1246355907889170167,Schwabing-Freimann,48.1597409091993,11.582634150981905,Entire home/apt,2,0,,348,463.0,EUR per night,3.9531237459688127,2-5 km from Oktoberfest,,,
1246366079385038375,Obergiesing,48.11650135747356,11.582289822399616,Entire home/apt,1,18,0.85,44,148.0,EUR per night,2.975776462563248,2-5 km from Oktoberfest,,,
1246533585755934888,Ludwigsvorstadt-Isarvorstadt,48.13708,11.56402,Entire home/apt,3,9,0.42,244,200.0,EUR per night,1.2218124851293148,0-2 km from Oktoberfest,,,
1246844958097133387,Ramersdorf-Perlach,48.1154889,11.599749,Entire home/apt,1,5,0.23,349,250.0,EUR per night,4.15223349831417,2-5 km from Oktoberfest,,,
1246890603958891765,Tudering-Riem,48.11785611971269,11.69480738101132,Entire home/apt,2,36,1.67,330,96.0,EUR per night,10.897709444391129,10+ km from Oktoberfest,,,
1247125925754612285,Ludwigsvorstadt-Isarvorstadt,48.13805319999999,11.5613486,Entire home/apt,2,31,1.47,64,140.0,EUR per night,1.1141174439098223,0-2 km from Oktoberfest,,,
1247135423979624728,Ludwigsvorstadt-Isarvorstadt,48.13899,11.56091,Entire home/apt,2,24,1.13,140,175.0,EUR per night,1.1569188068603609,0-2 km from Oktoberfest,,,
1247160256125960468,Laim,48.1352132,11.5184147,Private room,1,29,1.36,83,155.0,EUR per night,2.3361071582079225,2-5 km from Oktoberfest,,,
1247261387576629053,Bogenhausen,48.14693,11.65909,Entire home/apt,1,10,0.5,362,195.0,EUR per night,8.30182879961729,5-10 km from Oktoberfest,,,
1247753799846535188,Thalkirchen-Obersendling-Forstenried-Fürstenried-Solln,48.0843564,11.5236009,Private room,1,5,0.23,359,206.0,EUR per night,5.625474205779699,5-10 km from Oktoberfest,,,
1247780303756174515,Obergiesing,48.11180763237888,11.580795606152174,Private room,2,4,0.27,57,148.0,EUR per night,3.22302523931096,2-5 km from Oktoberfest,,,
1247885317898888155,Ramersdorf-Perlach,48.11328118287164,11.6188630293328,Private room,1,17,0.8,362,177.0,EUR per night,5.549266762169792,5-10 km from Oktoberfest,,,
1248595638536949816,Schwabing-West,48.1629,11.56874,Entire home/apt,1,0,,74,89.0,EUR per night,3.730908586399026,2-5 km from Oktoberfest,,,
1248606834082587869,Bogenhausen,48.16947740869352,11.647146691401668,Private room,1,0,,351,65.0,EUR per night,8.362740501341957,5-10 km from Oktoberfest,,,
1248622371696117756,Schwanthalerhöhe,48.1375866,11.541342,Entire home/apt,2,1,0.05,252,420.0,EUR per night,0.8754081089229898,0-2 km from Oktoberfest,,,
1248667521752237741,Neuhausen-Nymphenburg,48.15801,11.52225,Entire home/apt,2,5,0.25,178,472.0,EUR per night,3.5379143674352616,2-5 km from Oktoberfest,,,
1248670939753456516,Altstadt-Lehel,48.132509066115375,11.569638414939025,Entire home/apt,2,12,0.56,73,150.0,EUR per night,1.4960671097756326,0-2 km from Oktoberfest,,,
1248709358168404954,Ramersdorf-Perlach,48.11821780374225,11.627785476772628,Private room,1,115,5.37,291,113.0,EUR per night,6.006484235505214,5-10 km from Oktoberfest,,,
1249118788808284978,Au-Haidhausen,48.13034,11.59699,Entire home/apt,2,55,2.67,270,290.0,EUR per night,3.5287187762271452,2-5 km from Oktoberfest,,,
1249190933532552369,Untergiesing-Harlaching,48.105,11.57169,Entire home/apt,1,5,0.23,4,186.0,EUR per night,3.4147184821267293,2-5 km from Oktoberfest,,,
1249225160441616386,Schwabing-Freimann,48.1583791715866,11.580863645371844,Entire home/apt,2,1,0.11,217,120.0,EUR per night,3.752885483747693,2-5 km from Oktoberfest,,,
1249312264337326064,Ludwigsvorstadt-Isarvorstadt,48.1362743,11.5541614,Private room,2,5,0.23,84,215.0,EUR per night,0.5968654761881987,0-2 km from Oktoberfest,,,
1249381111332339986,Ludwigsvorstadt-Isarvorstadt,48.12138226492809,11.560252246166788,Entire home/apt,5,1,0.05,30,156.0,EUR per night,1.415855808676125,0-2 km from Oktoberfest,,,
1249524804063322443,Aubing-Lochhausen-Langwied,48.1543111,11.435532,Entire home/apt,2,1,0.07,335,188.0,EUR per night,8.815667260112704,5-10 km from Oktoberfest,,,
1249546571375553180,Au-Haidhausen,48.126634,11.57882,Entire home/apt,3,10,0.76,79,402.0,EUR per night,2.253457656578913,2-5 km from Oktoberfest,,,
1249757264275205094,Neuhausen-Nymphenburg,48.14964,11.5434,Private room,1,0,,86,138.0,EUR per night,2.0238605390397053,2-5 km from Oktoberfest,,,
1249787390973586393,Schwanthalerhöhe,48.13951,11.53834,Private room,1,0,,355,297.0,EUR per night,1.184016211424026,0-2 km from Oktoberfest,,,
1249845231101442091,Hadern,48.11848,11.5012,Private room,1,81,4.1,150,84.0,EUR per night,3.8831497813110993,2-5 km from Oktoberfest,,,
1249920794873434526,Pasing-Obermenzing,48.16374,11.4746,Entire home/apt,5,3,0.16,28,133.0,EUR per night,6.588894733502041,5-10 km from Oktoberfest,,,
1250206903510765469,Ramersdorf-Perlach,48.11602652410556,11.628210914994837,Private room,1,85,3.96,295,90.0,EUR per night,6.1031177392426645,5-10 km from Oktoberfest,,,
1250473068019457039,Altstadt-Lehel,48.13621849219781,11.569920480251312,Entire home/apt,1,1,0.05,359,255.0,EUR per night,1.5896726088459727,0-2 km from Oktoberfest,,,
1250573059916955417,Neuhausen-Nymphenburg,48.15278,11.51071,Private room,1,16,0.75,360,142.0,EUR per night,3.6978787121540506,2-5 km from Oktoberfest,,,
1250625287623614510,Maxvorstadt,48.14321707935096,11.56096618597044,Entire home/apt,2,12,1.77,312,335.0,EUR per night,1.519053744209007,0-2 km from Oktoberfest,,,
1250737441307018717,Schwabing-Freimann,48.17410447771398,11.58616427332163,Entire home/apt,2,9,0.42,43,156.0,EUR per night,5.42413142575866,5-10 km from Oktoberfest,,,
1250832700645885000,Ludwigsvorstadt-Isarvorstadt,48.12670626635674,11.564014792393456,Private room,1,12,0.56,350,200.0,EUR per night,1.2222884311830697,0-2 km from Oktoberfest,,,
1251025972873611854,Bogenhausen,48.15753,11.64441,Private room,1,0,,360,189.0,EUR per night,7.596687094197347,5-10 km from Oktoberfest,,,
1251257269897053409,Altstadt-Lehel,48.13319,11.56767,Entire home/apt,5,1,0.05,83,186.0,EUR per night,1.3560502509116081,0-2 km from Oktoberfest,,,
1251305682731763662,Bogenhausen,48.15052341119625,11.653868672995172,Private room,1,0,,89,250.0,EUR per night,8.01625437267976,5-10 km from Oktoberfest,,,
1251675217203869466,Maxvorstadt,48.15095,11.56533,Entire home/apt,7,1,0.07,289,107.0,EUR per night,2.422123439281981,2-5 km from Oktoberfest,,,
1251935690977585915,Bogenhausen,48.1619578,11.6201861,Private room,1,10,0.47,68,160.0,EUR per night,6.218823597018968,5-10 km from Oktoberfest,,,
1252021798460165292,Obergiesing,48.112281303424346,11.584563123618778,Entire home/apt,1,1,0.11,349,177.0,EUR per night,3.3959900822865947,2-5 km from Oktoberfest,,,
1252144278919065091,Allach-Untermenzing,48.17446,11.44861,Private room,1,1,0.11,223,100.0,EUR per night,8.85498836222224,5-10 km from Oktoberfest,,,
1252178359199278603,Sendling,48.11604390000001,11.5432208,Entire home/apt,3,2,0.22,5,400.0,EUR per night,1.823680074227775,0-2 km from Oktoberfest,,,
1252815253563342572,Au-Haidhausen,48.13326,11.59306,Private room,1,0,,365,570.0,EUR per night,3.236232462449665,2-5 km from Oktoberfest,,,
1252853673766040701,Ludwigsvorstadt-Isarvorstadt,48.13740121508104,11.55071921646595,Entire home/apt,1,4,0.19,96,850.0,EUR per night,0.6183622572127038,0-2 km from Oktoberfest,,,
1252959762723171455,Berg am Laim,48.12775909002821,11.638798337332032,Private room,1,6,0.28,26,181.0,EUR per night,6.643384942036376,5-10 km from Oktoberfest,,,
1252969260171354144,Berg am Laim,48.12718,11.63711,Private room,7,6,0.28,33,142.0,EUR per night,6.523290902337386,5-10 km from Oktoberfest,,,
1252994356939227251,Thalkirchen-Obersendling-Forstenried-Fürstenried-Solln,48.08021,11.50203,Entire home/apt,2,23,1.08,179,100.0,EUR per night,6.742334915211161,5-10 km from Oktoberfest,,,
1253422639390127583,Sendling,48.11698000000001,11.54909,Entire home/apt,7,0,,79,125.0,EUR per night,1.6593073923957011,0-2 km from Oktoberfest,,,
1253442450833615073,Schwabing-West,48.16643535156458,11.578531512555433,Private room,1,4,0.3,360,142.0,EUR per night,4.402916648203465,2-5 km from Oktoberfest,,,
1253587828438992893,Sendling-Westpark,48.12346,11.53634,Entire home/apt,2,4,0.43,78,257.0,EUR per night,1.354531573164628,0-2 km from Oktoberfest,,,
1253672229588934020,Pasing-Obermenzing,48.17308,11.45019,Private room,1,0,,314,80.0,EUR per night,8.674256941139099,5-10 km from Oktoberfest,,,
1254324272003378124,Altstadt-Lehel,48.13717,11.57122,Private room,1,0,,323,60.0,EUR per night,1.7150519844619605,0-2 km from Oktoberfest,,,
1254593437296982051,Bogenhausen,48.1679,11.63032,Entire home/apt,5,1,0.05,314,89.0,EUR per night,7.209309628684752,5-10 km from Oktoberfest,,,
1254764192415748925,Thalkirchen-Obersendling-Forstenried-Fürstenried-Solln,48.10246,11.53969,Entire home/apt,5,1,0.06,343,80.0,EUR per night,3.353603300025701,2-5 km from Oktoberfest,,,
1254949167524316657,Allach-Untermenzing,48.18327060809817,11.469669858653416,Private room,1,17,0.8,84,95.0,EUR per night,8.22757188547579,5-10 km from Oktoberfest,,,
1255051872580780190,Allach-Untermenzing,48.1858891433258,11.451213746308966,Entire home/apt,1,1,0.05,267,100.0,EUR per night,9.443979447582759,5-10 km from Oktoberfest,,,
1255257021631943226,Schwabing-West,48.17572,11.56099,Entire home/apt,1,7,0.54,361,231.0,EUR per night,4.946549952300113,2-5 km from Oktoberfest,,,
1255622684345349952,Maxvorstadt,48.150001726061845,11.57704186055276,Entire home/apt,2,1,0.07,328,244.0,EUR per night,2.868417243999507,2-5 km from Oktoberfest,,,
1256490978042597102,Schwabing-Freimann,48.1901021,11.6161876,Entire home/apt,2,61,3.1,292,455.0,EUR per night,8.145546844697884,5-10 km from Oktoberfest,,,
1256996151258606797,Obergiesing,48.1109119,11.5781453,Entire home/apt,2,14,0.66,61,350.0,EUR per night,3.1571577661400614,2-5 km from Oktoberfest,,,
1257112083410509468,Berg am Laim,48.1270663,11.6317912,Private room,1,36,1.7,13,85.0,EUR per night,6.131010189682032,5-10 km from Oktoberfest,,,
1257120544844311004,Ramersdorf-Perlach,48.1164512,11.6129823,Entire home/apt,1,12,0.68,134,128.0,EUR per night,5.015319226617956,5-10 km from Oktoberfest,,,
1257690073691978232,Sendling-Westpark,48.107131187927536,11.526450254023072,Private room,1,33,2.21,2,65.0,EUR per night,3.2423761783917695,2-5 km from Oktoberfest,,,
1257771975286867157,Neuhausen-Nymphenburg,48.145012246154046,11.51510015130043,Private room,1,70,3.34,285,118.0,EUR per night,2.9396618842685505,2-5 km from Oktoberfest,,,
1257891603175819590,Allach-Untermenzing,48.17555354916513,11.446376221383003,Private room,1,0,,310,65.0,EUR per night,9.059974270603886,5-10 km from Oktoberfest,,,
1258096144743562146,Pasing-Obermenzing,48.16448751598305,11.480581088790393,Entire home/apt,2,14,0.67,88,220.0,EUR per night,6.266891089602388,5-10 km from Oktoberfest,,,
1258401303504077216,Schwabing-Freimann,48.1769084535109,11.58668050151944,Private room,30,0,,283,45.0,EUR per night,5.714383078501264,5-10 km from Oktoberfest,,,
1259211761140515236,Neuhausen-Nymphenburg,48.15543,11.54204,Entire home/apt,3,1,0.05,97,125.0,EUR per night,2.674323217229078,2-5 km from Oktoberfest,,,
1259245844809253924,Schwanthalerhöhe,48.138340298123225,11.540596955774348,Private room,1,15,0.71,51,154.0,EUR per night,0.9743429564163694,0-2 km from Oktoberfest,,,
1259262529438219703,Schwanthalerhöhe,48.13767,11.53944,Entire home/apt,1,23,1.1,30,242.0,EUR per night,0.9843650405068878,0-2 km from Oktoberfest,,,
1259310181015932297,Allach-Untermenzing,48.17343,11.44608,Private room,1,1,0.05,312,64.0,EUR per night,8.954644515167727,5-10 km from Oktoberfest,,,
1259395525211869126,Bogenhausen,48.16441,11.62465,Private room,45,0,,274,25.0,EUR per night,6.6447487749130065,5-10 km from Oktoberfest,,,
1259453154816357932,Obergiesing,48.11907570380374,11.583129100050568,Entire home/apt,2,8,0.44,11,142.0,EUR per night,2.874666295378907,2-5 km from Oktoberfest,,,
1259930453761891984,Milbertshofen-Am Hart,48.20111847274055,11.567215878354853,Private room,2,0,,23,150.0,EUR per night,7.8080797128603,5-10 km from Oktoberfest,,,
1260785035554240422,Tudering-Riem,48.11237,11.65571,Entire home/apt,3,5,0.25,358,275.0,EUR per night,8.177343824976251,5-10 km from Oktoberfest,,,
1262176739022011577,Tudering-Riem,48.11048,11.71277,Entire home/apt,2,11,0.62,245,190.0,EUR per night,12.351190210988332,10+ km from Oktoberfest,,,
1262378074947475694,Altstadt-Lehel,48.137699702621056,11.568086992246416,Private room,1,0,,170,620.0,EUR per night,1.522641832307941,0-2 km from Oktoberfest,,,
1262426520832668475,Altstadt-Lehel,48.13739368090758,11.568128249937994,Private room,1,0,,174,976.0,EUR per night,1.5113483343289655,0-2 km from Oktoberfest,,,
1263092208137904135,Ramersdorf-Perlach,48.11040650991023,11.64469075382642,Private room,5,0,,242,69.0,EUR per night,7.459163657576942,5-10 km from Oktoberfest,,,
1265084227062593056,Schwabing-Freimann,48.15993,11.58048,Entire home/apt,150,0,,358,20.0,EUR per night,3.872665236356739,2-5 km from Oktoberfest,,,
1265858569782057138,Maxvorstadt,48.156822,11.5635293,Entire home/apt,2,9,0.46,45,157.0,EUR per night,2.960243980405698,2-5 km from Oktoberfest,,,
1265868616456718680,Ludwigsvorstadt-Isarvorstadt,48.12561429895092,11.570238322019575,Entire home/apt,2,13,0.94,225,167.0,EUR per night,1.69042028681561,0-2 km from Oktoberfest,,,
1266831216665563298,Sendling-Westpark,48.11900185183755,11.535920862513091,Private room,1,0,,364,130.0,EUR per night,1.7529347675282743,0-2 km from Oktoberfest,,,
1267482403545634676,Berg am Laim,48.12937771082687,11.638561773508735,Private room,1,6,0.3,125,350.0,EUR per night,6.615695676985152,5-10 km from Oktoberfest,,,
1268118207308191997,Au-Haidhausen,48.13731027927403,11.615507809853495,Entire home/apt,20,2,0.1,228,77.0,EUR per night,4.935216479992011,2-5 km from Oktoberfest,,,
1268291682620085085,Milbertshofen-Am Hart,48.18315309683073,11.547887860964744,Entire home/apt,1,0,,365,392.0,EUR per night,5.700338794704571,5-10 km from Oktoberfest,,,
1268902203377754328,Schwanthalerhöhe,48.132331114583565,11.536772674397312,Entire home/apt,1,5,0.25,126,490.0,EUR per night,0.9457511290953394,0-2 km from Oktoberfest,,,
1270199466158317733,Bogenhausen,48.15711076893535,11.620251060780369,Entire home/apt,2,34,1.69,71,128.0,EUR per night,5.951024055389792,5-10 km from Oktoberfest,,,
1270349350676412679,Ramersdorf-Perlach,48.07955023817072,11.675668231480612,Private room,3,1,0.07,88,120.0,EUR per night,11.02935632368606,10+ km from Oktoberfest,,,
1271182800026385308,Sendling-Westpark,48.10782186824684,11.507669815367962,Entire home/apt,3,6,0.4,346,148.0,EUR per night,4.099986071938571,2-5 km from Oktoberfest,,,
1271601606069601551,Tudering-Riem,48.112641,11.6632088,Private room,1,54,2.73,315,86.0,EUR per night,8.70774714631585,5-10 km from Oktoberfest,,,
1271683252063117431,Thalkirchen-Obersendling-Forstenried-Fürstenried-Solln,48.09826026091405,11.547434971707558,Entire home/apt,1,1,0.07,137,380.0,EUR per night,3.743708484299835,2-5 km from Oktoberfest,,,
1271878876587924078,Schwanthalerhöhe,48.14034,11.53408,Private room,5,2,0.1,25,85.0,EUR per night,1.4799077259679145,0-2 km from Oktoberfest,,,
1273060106808956433,Au-Haidhausen,48.13071765026684,11.596171581293236,Entire home/apt,2,8,0.4,5,238.0,EUR per night,3.466195488829094,2-5 km from Oktoberfest,,,
1273138314773532830,Ramersdorf-Perlach,48.0871510204818,11.645713234393297,Entire home/apt,1,1,0.05,319,99.0,EUR per night,8.705617355233326,5-10 km from Oktoberfest,,,
1274706912335109005,Ludwigsvorstadt-Isarvorstadt,48.12392,11.56759,Entire home/apt,1,68,3.39,294,350.0,EUR per night,1.6093509038629503,0-2 km from Oktoberfest,,,
1275220121843871373,Ramersdorf-Perlach,48.08778,11.64548,Entire home/apt,1,0,,331,73.0,EUR per night,8.65152739301101,5-10 km from Oktoberfest,,,
1275247914262742964,Ramersdorf-Perlach,48.0877817,11.6454772,Entire home/apt,1,0,,290,103.0,EUR per night,8.651248872387885,5-10 km from Oktoberfest,,,
1275998469576071891,Laim,48.14167021142031,11.495595289983248,Private room,1,5,0.26,29,209.0,EUR per night,4.14498166323967,2-5 km from Oktoberfest,,,
1277500156846068490,Ramersdorf-Perlach,48.0877817,11.6454772,Entire home/apt,1,0,,197,83.0,EUR per night,8.651248872387885,5-10 km from Oktoberfest,,,
1277544871901666168,Ramersdorf-Perlach,48.08778,11.64548,Entire home/apt,1,0,,326,99.0,EUR per night,8.65152739301101,5-10 km from Oktoberfest,,,
1277666437323637634,Ludwigsvorstadt-Isarvorstadt,48.13811389639677,11.560851128836042,Entire home/apt,1,9,0.72,27,350.0,EUR per night,1.0894864778202333,0-2 km from Oktoberfest,,,
1278078346072288967,Maxvorstadt,48.14326452591264,11.559192226983637,Entire home/apt,1,10,0.53,18,600.0,EUR per night,1.4540119079217146,0-2 km from Oktoberfest,,,
1278084151169017230,Ludwigsvorstadt-Isarvorstadt,48.13770599999999,11.5525111,Entire home/apt,1,2,0.12,74,160.0,EUR per night,0.6831742692876418,0-2 km from Oktoberfest,,,
1278305176344314741,Ludwigsvorstadt-Isarvorstadt,48.13770599999999,11.5525111,Entire home/apt,1,5,0.25,76,165.0,EUR per night,0.6831742692876418,0-2 km from Oktoberfest,,,
1278311248600145560,Ludwigsvorstadt-Isarvorstadt,48.13770599999999,11.5525111,Entire home/apt,1,10,0.59,75,180.0,EUR per night,0.6831742692876418,0-2 km from Oktoberfest,,,
1278313806638462644,Ludwigsvorstadt-Isarvorstadt,48.13770599999999,11.5525111,Entire home/apt,1,9,0.5,93,190.0,EUR per night,0.6831742692876418,0-2 km from Oktoberfest,,,
1278318568110062387,Ludwigsvorstadt-Isarvorstadt,48.13770599999999,11.5525111,Entire home/apt,1,23,1.21,92,190.0,EUR per night,0.6831742692876418,0-2 km from Oktoberfest,,,
1278320586649608708,Ludwigsvorstadt-Isarvorstadt,48.13770599999999,11.5525111,Entire home/apt,1,2,0.13,77,223.0,EUR per night,0.6831742692876418,0-2 km from Oktoberfest,,,
1278777369391167208,Ramersdorf-Perlach,48.08778,11.64548,Entire home/apt,1,0,,327,63.0,EUR per night,8.65152739301101,5-10 km from Oktoberfest,,,
1280293931449886994,Schwabing-Freimann,48.18097327907731,11.58511362361269,Private room,1,10,0.86,42,120.0,EUR per night,6.062541098236598,5-10 km from Oktoberfest,,,
1281014135922950237,Ramersdorf-Perlach,48.10047444436985,11.641640067100523,Private room,1,11,0.57,350,64.0,EUR per night,7.681010524852844,5-10 km from Oktoberfest,,,
1282695585998925493,Altstadt-Lehel,48.13290977964536,11.574042364954948,Entire home/apt,3,1,0.11,348,367.0,EUR per night,1.8248146005771468,0-2 km from Oktoberfest,,,
1282716512154427064,Obergiesing,48.09269,11.60613,Private room,1,14,0.77,166,75.0,EUR per night,6.056851496707129,5-10 km from Oktoberfest,,,
1283224817197398242,Tudering-Riem,48.10898258229437,11.68197556702168,Private room,1,6,0.3,362,129.0,EUR per night,10.158486955370297,10+ km from Oktoberfest,,,
1283233496801236997,Schwabing-Freimann,48.176090799667605,11.58629270488562,Entire home/apt,3,22,1.12,267,167.0,EUR per night,5.620912364232536,5-10 km from Oktoberfest,,,
1283822482378145797,Maxvorstadt,48.15119872017908,11.57228026694592,Entire home/apt,1,20,1.03,65,375.0,EUR per night,2.731672956126414,2-5 km from Oktoberfest,,,
1283960689722427151,Schwanthalerhöhe,48.13415597426345,11.53481696896302,Entire home/apt,3,2,0.11,39,139.0,EUR per night,1.1181572471694856,0-2 km from Oktoberfest,,,
1283969542291590650,Ramersdorf-Perlach,48.10684499519904,11.607907897128204,Entire home/apt,1,19,0.96,60,184.0,EUR per night,5.153652340166895,5-10 km from Oktoberfest,,,
1284243675801505641,Sendling-Westpark,48.1218806,11.5304988,Entire home/apt,1,54,2.74,314,127.0,EUR per night,1.7972567097838517,0-2 km from Oktoberfest,,,
1284691423393564047,Neuhausen-Nymphenburg,48.14604,11.53592,Entire home/apt,2,12,0.66,166,165.0,EUR per night,1.8674944876151074,0-2 km from Oktoberfest,,,
1284937221712754348,Maxvorstadt,48.1432249,11.5590959,Entire home/apt,2,229,11.66,207,122.0,EUR per night,1.446652565257592,0-2 km from Oktoberfest,,,
1284990509788918201,Maxvorstadt,48.1432249,11.5590959,Entire home/apt,2,22,1.15,202,173.0,EUR per night,1.446652565257592,0-2 km from Oktoberfest,,,
1285000118559019966,Moosach,48.17860326741864,11.531814336776732,Entire home/apt,1,98,5.3,230,401.0,EUR per night,5.356314556203417,5-10 km from Oktoberfest,,,
1286748396908042653,Ludwigsvorstadt-Isarvorstadt,48.13257101579026,11.5751577343694,Entire home/apt,10,4,0.21,41,120.0,EUR per night,1.905599149081935,0-2 km from Oktoberfest,,,
1286916378725796896,Altstadt-Lehel,48.13687,11.57927,Entire home/apt,5,3,0.16,175,585.0,EUR per night,2.277301552398142,2-5 km from Oktoberfest,,,
1287768614382121703,Milbertshofen-Am Hart,48.1953478,11.5802604,Entire home/apt,2,2,0.13,355,330.0,EUR per night,7.4147801786762075,5-10 km from Oktoberfest,,,
1288120242797907132,Hadern,48.1188104,11.4893562,Entire home/apt,4,7,0.48,84,85.0,EUR per night,4.69534025203521,2-5 km from Oktoberfest,,,
1288265515715306050,Schwabing-West,48.16825896921327,11.574931894004976,Entire home/apt,12,1,0.06,243,65.0,EUR per night,4.461504724447921,2-5 km from Oktoberfest,,,
1288273986385648054,Tudering-Riem,48.12836593827213,11.689701863675992,Private room,1,6,0.34,127,99.0,EUR per night,10.412645653913703,10+ km from Oktoberfest,,,
1288379176421088166,Ludwigsvorstadt-Isarvorstadt,48.12853,11.56975,Private room,1,24,1.26,179,99.0,EUR per night,1.5488856027341986,0-2 km from Oktoberfest,,,
1288972917263387887,Ludwigsvorstadt-Isarvorstadt,48.12824641865527,11.568125173088193,Entire home/apt,3,14,0.81,12,459.0,EUR per night,1.440752707288271,0-2 km from Oktoberfest,,,
1289856730290793300,Moosach,48.18481,11.5075,Entire home/apt,1,171,9.14,334,130.0,EUR per night,6.657249155176267,5-10 km from Oktoberfest,,,
1290546267102046873,Maxvorstadt,48.14952596109629,11.563097063716484,Entire home/apt,14,1,0.11,30,244.0,EUR per night,2.2043549677562155,2-5 km from Oktoberfest,,,
1291536799331544671,Altstadt-Lehel,48.1358848,11.5777254,Entire home/apt,1,50,2.63,254,718.0,EUR per night,2.1409764087165017,2-5 km from Oktoberfest,,,
1292595617464511985,Milbertshofen-Am Hart,48.18084,11.5658,Entire home/apt,4,4,0.23,190,112.0,EUR per night,5.574583900099783,5-10 km from Oktoberfest,,,
1292650238863128805,Ludwigsvorstadt-Isarvorstadt,48.1380282,11.5623678,Entire home/apt,1,6,0.34,14,400.0,EUR per night,1.1731104061284368,0-2 km from Oktoberfest,,,
1292981483519523658,Maxvorstadt,48.15141449358856,11.572839786213835,Entire home/apt,1,18,0.93,24,141.0,EUR per night,2.7762646757659133,2-5 km from Oktoberfest,,,
1293390829076353478,Berg am Laim,48.1304,11.61639,Private room,1,5,0.34,345,80.0,EUR per night,4.967014662759134,2-5 km from Oktoberfest,,,
1293539048284300354,Bogenhausen,48.14797,11.64651,Private room,1,12,0.68,362,96.0,EUR per night,7.416798292492478,5-10 km from Oktoberfest,,,
1295637391589747699,Sendling,48.12266,11.54259,Entire home/apt,4,19,1.1,155,251.0,EUR per night,1.1483301358090143,0-2 km from Oktoberfest,,,
1297036589419268286,Tudering-Riem,48.1074473,11.6670666,Private room,2,23,1.21,78,90.0,EUR per night,9.140864876886553,5-10 km from Oktoberfest,,,
1298019976433325509,Sendling-Westpark,48.11435,11.50607,Entire home/apt,1,20,2.18,45,77.0,EUR per night,3.768303726578613,2-5 km from Oktoberfest,,,
1298396410829006382,Schwabing-West,48.1590103,11.5621298,Entire home/apt,1,69,3.89,3,328.0,EUR per night,3.1568098651314584,2-5 km from Oktoberfest,,,
1301376303571245218,Altstadt-Lehel,48.13737153238212,11.586870331189012,Entire home/apt,1,30,1.62,10,573.0,EUR per night,2.8391887558648072,2-5 km from Oktoberfest,,,
1302084145921209433,Thalkirchen-Obersendling-Forstenried-Fürstenried-Solln,48.07130835256223,11.527750706480564,Private room,2,2,0.1,238,68.0,EUR per night,6.928351277850925,5-10 km from Oktoberfest,,,
1302202747590855076,Milbertshofen-Am Hart,48.1947463753464,11.573981881309455,Entire home/apt,5,3,0.24,24,79.0,EUR per night,7.220245592771851,5-10 km from Oktoberfest,,,
1302293315689580667,Milbertshofen-Am Hart,48.18233704538602,11.57812520831244,Entire home/apt,4,0,,365,900.0,EUR per night,5.996837579917863,5-10 km from Oktoberfest,,,
1302713699030765380,Ludwigsvorstadt-Isarvorstadt,48.12422181395344,11.55455444008112,Entire home/apt,10,11,0.61,222,230.0,EUR per night,0.9325551680084501,0-2 km from Oktoberfest,,,
1302793695671046622,Laim,48.1355396,11.523874,Private room,1,33,1.8,320,162.0,EUR per night,1.944313423414299,0-2 km from Oktoberfest,,,
1302873421886981666,Moosach,48.18119422159944,11.490839457237492,Entire home/apt,2,5,0.26,96,190.0,EUR per night,6.998444237803793,5-10 km from Oktoberfest,,,
1305335855399764359,Moosach,48.185063516521474,11.534502191540534,Private room,1,2,0.15,48,85.0,EUR per night,6.015277594986748,5-10 km from Oktoberfest,,,
1305675202265858311,Tudering-Riem,48.11319309673844,11.64778833814758,Entire home/apt,1,1,0.08,61,60.0,EUR per night,7.58639385653249,5-10 km from Oktoberfest,,,
1306403172123442692,Moosach,48.17290100256743,11.5293231360609,Private room,1,37,2.09,140,102.0,EUR per night,4.7985234946878075,2-5 km from Oktoberfest,,,
1306413906398734252,Sendling,48.12208871038451,11.544136569914146,Entire home/apt,4,24,1.28,70,244.0,EUR per night,1.1613230637543963,0-2 km from Oktoberfest,,,
1306612716804058354,Moosach,48.18301,11.50785,Entire home/apt,1,196,10.5,317,135.0,EUR per night,6.468629939277105,5-10 km from Oktoberfest,,,
1307835820400208722,Pasing-Obermenzing,48.1717032,11.4723588,Private room,3,1,0.11,133,86.0,EUR per night,7.234500235166891,5-10 km from Oktoberfest,,,
1308614887403555031,Ludwigsvorstadt-Isarvorstadt,48.13189544560771,11.581669561564922,Entire home/apt,1,4,0.26,180,220.0,EUR per night,2.387415931786664,2-5 km from Oktoberfest,,,
1309557364597928335,Bogenhausen,48.1532505,11.6242165,Private room,3,5,0.34,265,80.0,EUR per night,6.0307656213554095,5-10 km from Oktoberfest,,,
1310074283229250053,Schwabing-West,48.162231,11.5721035,Entire home/apt,1,213,12.43,357,157.0,EUR per night,3.7665745089780205,2-5 km from Oktoberfest,,,
1310112259077798800,Schwabing-West,48.162231,11.5721035,Entire home/apt,1,175,10.1,359,158.0,EUR per night,3.7665745089780205,2-5 km from Oktoberfest,,,
1310130644986603350,Schwabing-West,48.162231,11.5721035,Entire home/apt,1,13,0.78,351,140.0,EUR per night,3.7665745089780205,2-5 km from Oktoberfest,,,
1310133246315312281,Schwabing-West,48.162231,11.5721035,Entire home/apt,1,52,2.99,341,217.0,EUR per night,3.7665745089780205,2-5 km from Oktoberfest,,,
1310135283332458874,Schwabing-West,48.162231,11.5721035,Entire home/apt,1,11,0.74,351,331.0,EUR per night,3.7665745089780205,2-5 km from Oktoberfest,,,
1310137039502661602,Schwabing-West,48.162231,11.5721035,Entire home/apt,1,18,1.09,300,301.0,EUR per night,3.7665745089780205,2-5 km from Oktoberfest,,,
1310243951941088025,Ramersdorf-Perlach,48.0921671,11.63171,Entire home/apt,1,81,4.43,269,264.0,EUR per night,7.534699389638385,5-10 km from Oktoberfest,,,
1310287467431170567,Ramersdorf-Perlach,48.0921671,11.63171,Entire home/apt,1,89,4.87,281,264.0,EUR per night,7.534699389638385,5-10 km from Oktoberfest,,,
1310302884847093075,Ramersdorf-Perlach,48.0921671,11.63171,Entire home/apt,1,60,3.29,284,255.0,EUR per night,7.534699389638385,5-10 km from Oktoberfest,,,
1310407063354513502,Au-Haidhausen,48.12723,11.58964,Entire home/apt,1,1,0.17,268,250.0,EUR per night,3.023984519612304,2-5 km from Oktoberfest,,,
1310667729842284232,Ludwigsvorstadt-Isarvorstadt,48.1333816,11.5818728,Entire home/apt,1,31,1.72,339,170.0,EUR per night,2.4081061772539254,2-5 km from Oktoberfest,,,
1310674860194231727,Ludwigsvorstadt-Isarvorstadt,48.1333816,11.5818728,Entire home/apt,1,251,14.48,357,531.0,EUR per night,2.4081061772539254,2-5 km from Oktoberfest,,,
1310677708838178844,Ludwigsvorstadt-Isarvorstadt,48.1333816,11.5818728,Entire home/apt,1,70,4.02,347,190.0,EUR per night,2.4081061772539254,2-5 km from Oktoberfest,,,
1310679941239373514,Ludwigsvorstadt-Isarvorstadt,48.1333816,11.5818728,Entire home/apt,1,4,0.28,341,220.0,EUR per night,2.4081061772539254,2-5 km from Oktoberfest,,,
1310694476794270333,Schwabing-Freimann,48.1595086,11.5836006,Private room,1,371,21.7,358,240.0,EUR per night,3.9781444404699826,2-5 km from Oktoberfest,,,
1310712476648144892,Schwabing-Freimann,48.1595086,11.5836006,Private room,1,96,5.53,359,203.0,EUR per night,3.9781444404699826,2-5 km from Oktoberfest,,,
1310713970367221855,Schwabing-Freimann,48.1595086,11.5836006,Private room,1,4,0.25,334,208.0,EUR per night,3.9781444404699826,2-5 km from Oktoberfest,,,
1310716944409642073,Schwabing-Freimann,48.1595086,11.5836006,Private room,1,23,1.44,351,268.0,EUR per night,3.9781444404699826,2-5 km from Oktoberfest,,,
1310942048786470517,Ludwigsvorstadt-Isarvorstadt,48.12618,11.5495,Private room,1,81,4.57,325,55.0,EUR per night,0.6360349804072268,0-2 km from Oktoberfest,,,
1313201861625270491,Moosach,48.18496355932603,11.505814372921105,Entire home/apt,1,154,8.4,351,120.0,EUR per night,6.731627835192887,5-10 km from Oktoberfest,,,
1313529343796729595,Ludwigsvorstadt-Isarvorstadt,48.13118319180524,11.566490133892929,Entire home/apt,2,22,1.25,46,126.0,EUR per night,1.263422807740983,0-2 km from Oktoberfest,,,
1313798612978629779,Moosach,48.18311493351678,11.508021116933527,Entire home/apt,1,162,8.98,325,125.0,EUR per night,6.472839139248106,5-10 km from Oktoberfest,,,
1314446335454721981,Bogenhausen,48.14286497245059,11.614636514388543,Entire home/apt,3,0,,334,83.0,EUR per night,4.9848990312919685,2-5 km from Oktoberfest,,,
1317397075533332832,Pasing-Obermenzing,48.1493648,11.4568728,Entire home/apt,2,25,1.62,297,97.0,EUR per night,7.142110745568208,5-10 km from Oktoberfest,,,
1318641181003988391,Maxvorstadt,48.142272264181976,11.560068966452638,Entire home/apt,1,101,5.51,160,139.0,EUR per night,1.3947389618648054,0-2 km from Oktoberfest,,,
1320153684707765024,Milbertshofen-Am Hart,48.18342,11.57711,Entire home/apt,2,27,1.58,55,149.0,EUR per night,6.083835228443866,5-10 km from Oktoberfest,,,
1321160048500921827,Ludwigsvorstadt-Isarvorstadt,48.13076,11.57294,Private room,1,26,2.47,11,165.0,EUR per night,1.7441961868586005,0-2 km from Oktoberfest,,,
1322818600136435860,Pasing-Obermenzing,48.14532,11.47021,Entire home/apt,2,31,1.73,90,112.0,EUR per night,6.069904708605872,5-10 km from Oktoberfest,,,
1323183222430311152,Schwabing-West,48.16473,11.57465,Entire home/apt,2,61,4.39,283,187.0,EUR per night,4.099737327196289,2-5 km from Oktoberfest,,,
1323206223658281900,Pasing-Obermenzing,48.1651,11.47992,Private room,2,16,0.9,8,816.0,EUR per night,6.346319489043565,5-10 km from Oktoberfest,,,
1323243568266581091,Pasing-Obermenzing,48.13895,11.48004,Entire home/apt,2,0,,363,230.0,EUR per night,5.21378648761123,5-10 km from Oktoberfest,,,
1323277174798760774,Altstadt-Lehel,48.13462,11.5773,Entire home/apt,2,7,0.74,254,160.0,EUR per night,2.0851326079766817,2-5 km from Oktoberfest,,,
1324521787648698600,Schwabing-West,48.16815,11.56449,Entire home/apt,1,0,,178,355.0,EUR per night,4.181407975244579,2-5 km from Oktoberfest,,,
1325208775864865003,Maxvorstadt,48.15482,11.56358,Entire home/apt,3,0,,248,148.0,EUR per night,2.7543933080795653,2-5 km from Oktoberfest,,,
1326199575578674897,Pasing-Obermenzing,48.1377,11.48143,Entire home/apt,2,0,,363,320.0,EUR per night,5.092431212260251,5-10 km from Oktoberfest,,,
1326283638674210834,Au-Haidhausen,48.1327,11.59669,Entire home/apt,2,44,2.5,26,230.0,EUR per night,3.503237366247816,2-5 km from Oktoberfest,,,
1327533129309627713,Ludwigsvorstadt-Isarvorstadt,48.12814,11.5748,Private room,1,30,2.02,59,74.0,EUR per night,1.9236547161511062,0-2 km from Oktoberfest,,,
1328211566541379490,Aubing-Lochhausen-Langwied,48.1647,11.40714,Entire home/apt,2,9,0.51,248,157.0,EUR per night,11.173657607343248,10+ km from Oktoberfest,,,
1328803628498284466,Untergiesing-Harlaching,48.09805,11.57728,Entire home/apt,1,12,0.92,350,134.0,EUR per night,4.291912501288464,2-5 km from Oktoberfest,,,
1328807248436454628,Au-Haidhausen,48.12205,11.57735,Entire home/apt,3,47,2.8,61,110.0,EUR per night,2.3392922345838927,2-5 km from Oktoberfest,,,
1329532943133230884,Maxvorstadt,48.15004910563866,11.56451172649312,Entire home/apt,2,34,1.99,267,398.0,EUR per night,2.305081456245621,2-5 km from Oktoberfest,,,
1329656744166657552,Schwabing-West,48.17334647544504,11.561219358729776,Entire home/apt,10,0,,89,237.0,EUR per night,4.68992217599686,2-5 km from Oktoberfest,,,
1330306292173652370,Ramersdorf-Perlach,48.0844143,11.6644197,Private room,1,1,0.07,182,74.0,EUR per night,10.03415760049876,10+ km from Oktoberfest,,,
1331094193119387593,Berg am Laim,48.1336889,11.6296717,Entire home/apt,2,7,0.48,298,155.0,EUR per night,5.953042886611505,5-10 km from Oktoberfest,,,
1331762236942310689,Ramersdorf-Perlach,48.0844143,11.6644197,Entire home/apt,1,0,,151,517.0,EUR per night,10.03415760049876,10+ km from Oktoberfest,,,
1331808341345057030,Schwabing-West,48.17496934312911,11.56121430336369,Private room,2,0,,358,132.0,EUR per night,4.867294765272381,2-5 km from Oktoberfest,,,
1332007411440372187,Ramersdorf-Perlach,48.0982112767511,11.652213624412491,Entire home/apt,1,0,,363,87.0,EUR per night,8.495696784405082,5-10 km from Oktoberfest,,,
1332579278347079013,Pasing-Obermenzing,48.1466,11.45244,Entire home/apt,7,0,,307,65.0,EUR per night,7.385288873930175,5-10 km from Oktoberfest,,,
1332651718394715540,Maxvorstadt,48.15447,11.56399,Entire home/apt,14,3,0.24,179,111.0,EUR per night,2.7302597087618685,2-5 km from Oktoberfest,,,
1332738722188386316,Schwabing-Freimann,48.16519742727611,11.585692777728008,Private room,1,14,1.01,86,177.0,EUR per night,4.573666048209346,2-5 km from Oktoberfest,,,
1333385301707488134,Pasing-Obermenzing,48.1646621189844,11.487668812559004,Entire home/apt,3,5,0.82,58,697.0,EUR per night,5.857826005408545,5-10 km from Oktoberfest,,,
1333908812761771172,Au-Haidhausen,48.123408,11.5801547,Entire home/apt,3,6,0.38,179,126.0,EUR per night,2.4633489253707426,2-5 km from Oktoberfest,,,
1333938668907476709,Neuhausen-Nymphenburg,48.14885007590354,11.537955359341828,Private room,1,17,0.97,135,130.0,EUR per night,2.07029923210653,2-5 km from Oktoberfest,,,
1333976161978889838,Ramersdorf-Perlach,48.0844143,11.6644197,Private room,1,1,0.11,183,92.0,EUR per night,10.03415760049876,10+ km from Oktoberfest,,,
1333987782465006086,Ramersdorf-Perlach,48.0844143,11.6644197,Private room,1,0,,151,74.0,EUR per night,10.03415760049876,10+ km from Oktoberfest,,,
1334113257714693769,Neuhausen-Nymphenburg,48.14942185889234,11.535838474309225,Entire home/apt,1,2,0.22,344,180.0,EUR per night,2.1962733687985634,2-5 km from Oktoberfest,,,
1334850969258677215,Neuhausen-Nymphenburg,48.14772,11.53562,Entire home/apt,7,2,0.16,189,78.0,EUR per night,2.0384285233035135,2-5 km from Oktoberfest,,,
1335291927523409903,Altstadt-Lehel,48.13746,11.58263,Entire home/apt,2,4,0.27,352,276.0,EUR per night,2.535102250978337,2-5 km from Oktoberfest,,,
1335328780305806183,Schwabing-Freimann,48.188074803949696,11.616896187184862,Entire home/apt,3,40,2.68,160,118.0,EUR per night,8.000414026185206,5-10 km from Oktoberfest,,,
1335375517271608637,Sendling,48.10453026644117,11.538937936085125,Entire home/apt,3,1,0.09,77,181.0,EUR per night,3.1427502670390868,2-5 km from Oktoberfest,,,
1335415067578225612,Schwabing-West,48.16317759326783,11.570646774811324,Entire home/apt,3,1,0.08,17,583.0,EUR per night,3.8154026025344496,2-5 km from Oktoberfest,,,
1335499055243233601,Altstadt-Lehel,48.13702180708453,11.578642290046332,Entire home/apt,1,108,6.94,201,612.0,EUR per night,2.2363762514977066,2-5 km from Oktoberfest,,,
1336997139732339391,Thalkirchen-Obersendling-Forstenried-Fürstenried-Solln,48.09322845275529,11.51217606833712,Entire home/apt,4,2,0.15,308,370.0,EUR per night,5.115567335451522,5-10 km from Oktoberfest,,,
1339225094362729517,Pasing-Obermenzing,48.16395776233576,11.479547420730388,Private room,1,4,0.25,49,85.0,EUR per night,6.2961001343978555,5-10 km from Oktoberfest,,,
1339312621343436581,Untergiesing-Harlaching,48.09660252436121,11.572024022735304,Entire home/apt,1,38,2.22,62,219.0,EUR per night,4.266258746912992,2-5 km from Oktoberfest,,,
1339603904527728781,Sendling,48.10899,11.53629,Private room,2,36,2.43,292,77.0,EUR per night,2.729682755861293,2-5 km from Oktoberfest,,,
1339628455624672153,Sendling,48.109261988487496,11.536317280609678,Entire home/apt,4,18,1.13,81,174.0,EUR per night,2.7007443139119047,2-5 km from Oktoberfest,,,
1340406588399963291,Bogenhausen,48.14025,11.6136,Entire home/apt,1,8,0.52,307,169.0,EUR per night,4.846467903171859,2-5 km from Oktoberfest,,,
1340418699172798682,Bogenhausen,48.13871,11.61345,Private room,2,11,0.75,308,103.0,EUR per night,4.805673070477318,2-5 km from Oktoberfest,,,
1340520749906151376,Ramersdorf-Perlach,48.10831899999999,11.6186747,Entire home/apt,1,15,0.98,95,195.0,EUR per night,5.765612185679648,5-10 km from Oktoberfest,,,
1340635354173900349,Berg am Laim,48.12739,11.62924,Entire home/apt,1,4,0.79,318,108.0,EUR per night,5.939253998895127,5-10 km from Oktoberfest,,,
1341234643804678413,Berg am Laim,48.125777682262765,11.630830529863967,Entire home/apt,1,0,,243,166.0,EUR per night,6.074450782573274,5-10 km from Oktoberfest,,,
1341304647683717657,Berg am Laim,48.12514978661947,11.630290617103457,Entire home/apt,1,2,0.14,302,108.0,EUR per night,6.042944583668127,5-10 km from Oktoberfest,,,
1341470506208530767,Neuhausen-Nymphenburg,48.15451256706964,11.538827736357556,Private room,1,57,3.43,28,76.0,EUR per night,2.636143037456716,2-5 km from Oktoberfest,,,
1341883378062698920,Schwabing-West,48.1652375,11.5648479,Entire home/apt,1,36,2.41,16,136.0,EUR per night,3.8778971347092237,2-5 km from Oktoberfest,,,
1342248767036408342,Schwabing-West,48.15894911593872,11.56488611260766,Private room,1,29,2.09,27,187.0,EUR per night,3.21707283126558,2-5 km from Oktoberfest,,,
1342673386514169071,Laim,48.13073720757279,11.498507198309769,Private room,3,4,0.31,136,120.0,EUR per night,3.786605227558114,2-5 km from Oktoberfest,,,
1343600652211485366,Maxvorstadt,48.14322498698478,11.55909575521946,Entire home/apt,1,44,2.76,239,192.0,EUR per night,1.4466556963466608,0-2 km from Oktoberfest,,,
1343696468673306334,Ramersdorf-Perlach,48.09746265135051,11.65143692805392,Private room,1,48,2.81,98,43.0,EUR per night,8.4812892710759,5-10 km from Oktoberfest,,,
1344096349392393225,Obergiesing,48.113139698147805,11.577546000480652,Entire home/apt,5,1,0.06,179,110.0,EUR per night,2.9470970289491305,2-5 km from Oktoberfest,,,
1344112603720451596,Au-Haidhausen,48.12388033958947,11.578562893317992,Entire home/apt,5,4,0.32,179,88.0,EUR per night,2.3340903115893123,2-5 km from Oktoberfest,,,
1344251939698430084,Bogenhausen,48.1441293,11.6218676,Entire home/apt,1,13,0.91,199,129.0,EUR per night,5.539512221972049,5-10 km from Oktoberfest,,,
1344701535223340458,Pasing-Obermenzing,48.1649462,11.4533889,Private room,1,3,0.19,318,81.0,EUR per night,8.021577625309844,5-10 km from Oktoberfest,,,
1344755549952481174,Pasing-Obermenzing,48.1649462,11.4533889,Private room,1,65,3.9,313,81.0,EUR per night,8.021577625309844,5-10 km from Oktoberfest,,,
1344756630968880147,Pasing-Obermenzing,48.16408,11.48787,Entire home/apt,2,4,0.47,31,347.0,EUR per night,5.8060507768019205,5-10 km from Oktoberfest,,,
1344811447951936216,Pasing-Obermenzing,48.1649462,11.4533889,Private room,1,24,1.44,313,81.0,EUR per night,8.021577625309844,5-10 km from Oktoberfest,,,
1344819906745314022,Pasing-Obermenzing,48.1649462,11.4533889,Private room,1,64,3.93,308,101.0,EUR per night,8.021577625309844,5-10 km from Oktoberfest,,,
1345091976519653096,Laim,48.1326434,11.499844,Private room,2,52,3.15,140,91.0,EUR per night,3.6860458655368933,2-5 km from Oktoberfest,,,
1345462812765779095,Pasing-Obermenzing,48.16465187433506,11.478928551543868,Private room,2,9,0.55,4,530.0,EUR per night,6.377726470955989,5-10 km from Oktoberfest,,,
1345502122847388842,Au-Haidhausen,48.1272116,11.5878316,Entire home/apt,1,13,0.88,126,195.0,EUR per night,2.8922248120433354,2-5 km from Oktoberfest,,,
1346474399270551197,Tudering-Riem,48.1325827,11.6973398,Entire home/apt,1,22,1.37,142,118.0,EUR per night,10.971897141824218,10+ km from Oktoberfest,,,
1346986525374716786,Maxvorstadt,48.15323,11.56572,Entire home/apt,3,2,0.14,169,155.0,EUR per night,2.6596564673242518,2-5 km from Oktoberfest,,,
1347054773826061277,Untergiesing-Harlaching,48.08782530456621,11.548765928416652,Entire home/apt,3,2,0.16,108,273.0,EUR per night,4.901185563898958,2-5 km from Oktoberfest,,,
1347268352612825116,Thalkirchen-Obersendling-Forstenried-Fürstenried-Solln,48.10226527339007,11.540133018409326,Entire home/apt,1,4,0.25,144,137.0,EUR per night,3.3677990429159688,2-5 km from Oktoberfest,,,
1347794882154826364,Moosach,48.18496338661912,11.493413612504702,Entire home/apt,3,11,0.69,10,85.0,EUR per night,7.219547672687405,5-10 km from Oktoberfest,,,
1347835909870916847,Untergiesing-Harlaching,48.11942,11.572,Entire home/apt,1,46,2.79,301,355.0,EUR per night,2.171328788093141,2-5 km from Oktoberfest,,,
1347897338219834316,Aubing-Lochhausen-Langwied,48.1496257,11.4360717,Entire home/apt,2,8,0.48,347,71.0,EUR per night,8.644167203195241,5-10 km from Oktoberfest,,,
1347923113261715752,Hadern,48.1244,11.49655,Private room,2,1,1.0,325,97.0,EUR per night,4.017404842123964,2-5 km from Oktoberfest,,,
1347929594911739074,Schwabing-West,48.16193,11.57404,Entire home/apt,4,5,0.32,61,145.0,EUR per night,3.8032846857216205,2-5 km from Oktoberfest,,,
1348555537161339266,Bogenhausen,48.1441293,11.6218676,Private room,1,0,,198,129.0,EUR per night,5.539512221972049,5-10 km from Oktoberfest,,,
1348561925748066242,Bogenhausen,48.1441293,11.6218676,Entire home/apt,1,14,0.99,210,99.0,EUR per night,5.539512221972049,5-10 km from Oktoberfest,,,
1348619385683075608,Schwabing-Freimann,48.16675581097338,11.57943829894066,Entire home/apt,2,13,0.81,148,136.0,EUR per night,4.467091029581562,2-5 km from Oktoberfest,,,
1348696133918233548,Bogenhausen,48.1441293,11.6218676,Entire home/apt,1,2,0.18,191,99.0,EUR per night,5.539512221972049,5-10 km from Oktoberfest,,,
1348699247228584078,Bogenhausen,48.1441293,11.6218676,Entire home/apt,1,7,0.47,169,179.0,EUR per night,5.539512221972049,5-10 km from Oktoberfest,,,
1349121628345104473,Berg am Laim,48.13295,11.62959,Entire home/apt,30,0,,312,116.0,EUR per night,5.944844880169191,5-10 km from Oktoberfest,,,
1349126014665851064,Hadern,48.11668247159315,11.492828093469145,Private room,2,3,0.23,96,80.0,EUR per night,4.534028065947833,2-5 km from Oktoberfest,,,
1351311287700590622,Altstadt-Lehel,48.137205863681125,11.581523441766826,Entire home/apt,2,2,1.11,252,243.0,EUR per night,2.4485897846297346,2-5 km from Oktoberfest,,,
1351566250260146517,Schwabing-Freimann,48.19733,11.58939,Entire home/apt,3,1,0.08,120,180.0,EUR per night,7.854000693074502,5-10 km from Oktoberfest,,,
1352016195992405553,Bogenhausen,48.15038,11.60295,Entire home/apt,3,6,0.41,169,300.0,EUR per night,4.4667301718032135,2-5 km from Oktoberfest,,,
1352073402807045424,Ramersdorf-Perlach,48.09818841762032,11.651762913434476,Private room,1,28,1.68,83,62.0,EUR per night,8.466804656585305,5-10 km from Oktoberfest,,,
1352323717719480618,Schwabing-West,48.15611,11.57893,Entire home/apt,10,1,0.13,75,104.0,EUR per night,3.4662774116206245,2-5 km from Oktoberfest,,,
1352824099335222482,Ludwigsvorstadt-Isarvorstadt,48.13680223974888,11.556623784130874,Entire home/apt,1,9,0.69,1,415.0,EUR per night,0.7593519945771517,0-2 km from Oktoberfest,,,
1353700732259435413,Laim,48.14279,11.50647,Entire home/apt,1,2,0.18,201,80.0,EUR per night,3.4149662639764022,2-5 km from Oktoberfest,,,
1354181332796418829,Ludwigsvorstadt-Isarvorstadt,48.12478994064629,11.551929809796809,Entire home/apt,2,7,0.42,84,81.0,EUR per night,0.8109092762575127,0-2 km from Oktoberfest,,,
1355110048094900510,Thalkirchen-Obersendling-Forstenried-Fürstenried-Solln,48.0842,11.49691,Private room,9,0,,349,42.0,EUR per night,6.586279304574559,5-10 km from Oktoberfest,,,
1355616157334614253,Hadern,48.116718286166574,11.4925142750144,Private room,5,6,0.4,161,99.0,EUR per night,4.554167391725484,2-5 km from Oktoberfest,,,
1355661901942553001,Ramersdorf-Perlach,48.111580556326814,11.627185307443142,Private room,1,12,0.8,363,113.0,EUR per night,6.193285969232973,5-10 km from Oktoberfest,,,
1356470595354376841,Maxvorstadt,48.156527935639,11.563436901441312,Entire home/apt,1,5,0.34,26,214.0,EUR per night,2.9272285058217644,2-5 km from Oktoberfest,,,
1356741890749890871,Laim,48.132645,11.499808,Private room,2,36,2.43,98,177.0,EUR per night,3.6887207944540785,2-5 km from Oktoberfest,,,
1357259218252661021,Ludwigsvorstadt-Isarvorstadt,48.12823399929209,11.572512164711952,Entire home/apt,2,46,3.08,300,130.0,EUR per night,1.7558489164756075,0-2 km from Oktoberfest,,,
1357284719830143244,Tudering-Riem,48.112094974550665,11.707496009767056,Private room,1,1,0.07,354,75.0,EUR per night,11.932669897643855,10+ km from Oktoberfest,,,
1357987176933742001,Ludwigsvorstadt-Isarvorstadt,48.12295199661288,11.56160237491151,Entire home/apt,1,15,1.04,175,115.0,EUR per night,1.340448314683466,0-2 km from Oktoberfest,,,
1358041744155497372,Schwabing-Freimann,48.17702,11.58537,Private room,1,0,,349,75.0,EUR per night,5.6790548049745615,5-10 km from Oktoberfest,,,
1358156936372060259,Thalkirchen-Obersendling-Forstenried-Fürstenried-Solln,48.09038,11.51489,Private room,1,16,0.97,152,110.0,EUR per night,5.283714715208128,5-10 km from Oktoberfest,,,
1358514294798030050,Sendling-Westpark,48.1041657,11.5290456,Entire home/apt,2,30,1.84,38,184.0,EUR per night,3.4374508250438014,2-5 km from Oktoberfest,,,
1359250339854761685,Bogenhausen,48.15042,11.60374,Entire home/apt,1,9,0.59,164,218.0,EUR per night,4.520880406176331,2-5 km from Oktoberfest,,,
1359463276672805344,Neuhausen-Nymphenburg,48.161069361513135,11.54206235010724,Entire home/apt,1,0,,299,165.0,EUR per night,3.2900907705868483,2-5 km from Oktoberfest,,,
1359481760396146006,Maxvorstadt,48.1497,11.5663,Entire home/apt,2,61,3.94,228,451.0,EUR per night,2.339112438255032,2-5 km from Oktoberfest,,,
1359497445800279746,Maxvorstadt,48.14986179996647,11.564759921579842,Entire home/apt,1,59,3.68,238,840.0,EUR per night,2.2958966783372428,2-5 km from Oktoberfest,,,
1359567339768176201,Ramersdorf-Perlach,48.08136028945877,11.67173249443275,Entire home/apt,2,32,1.95,157,379.0,EUR per night,10.674790570022367,10+ km from Oktoberfest,,,
1360157989400404829,Milbertshofen-Am Hart,48.1871306,11.5629597,Entire home/apt,5,3,0.2,36,230.0,EUR per night,6.221980730952975,5-10 km from Oktoberfest,,,
1360650836449732321,Altstadt-Lehel,48.14697,11.59307,Private room,3,1,0.07,179,73.0,EUR per night,3.641474192021587,2-5 km from Oktoberfest,,,
1360727661661003197,Sendling-Westpark,48.12768,11.51802,Private room,1,20,1.31,4,67.0,EUR per night,2.382993731613387,2-5 km from Oktoberfest,,,
1361511801473696974,Obergiesing,48.1130131,11.5813246,Entire home/apt,3,1,0.17,8,122.0,EUR per night,3.1608158340766512,2-5 km from Oktoberfest,,,
1362122405162562906,Maxvorstadt,48.15185388201009,11.568608408471867,Entire home/apt,3,3,0.2,361,390.0,EUR per night,2.6330920494094885,2-5 km from Oktoberfest,,,
1362275400924245002,Sendling,48.12409881678312,11.547536684528538,Entire home/apt,1,81,5.31,241,355.0,EUR per night,0.8796055907355625,0-2 km from Oktoberfest,,,
1362356573366476153,Ludwigsvorstadt-Isarvorstadt,48.12928695343306,11.57367828699301,Entire home/apt,3,16,1.15,18,201.0,EUR per night,1.8177729558294085,0-2 km from Oktoberfest,,,
1363042926832930270,Pasing-Obermenzing,48.16648,11.46679,Entire home/apt,2,16,1.05,106,150.0,EUR per night,7.24134342854101,5-10 km from Oktoberfest,,,
1363092122362943142,Maxvorstadt,48.15612,11.56282,Entire home/apt,2,22,1.45,151,145.0,EUR per night,2.8687501680132863,2-5 km from Oktoberfest,,,
1364613511283664173,Maxvorstadt,48.1467698373872,11.575691360897048,Entire home/apt,1,1,0.07,31,118.0,EUR per night,2.5516618956356583,2-5 km from Oktoberfest,,,
1364726029393564725,Maxvorstadt,48.150101036108666,11.556724004746492,Entire home/apt,2,78,4.94,177,392.0,EUR per night,2.0936433063577664,2-5 km from Oktoberfest,,,
1365189332532427187,Pasing-Obermenzing,48.13456559999999,11.4584614,Private room,2,33,2.05,6,57.0,EUR per night,6.762616137539622,5-10 km from Oktoberfest,,,
1365726656655262120,Milbertshofen-Am Hart,48.18641,11.55286,Private room,10,8,0.52,299,36.0,EUR per night,6.066357083864021,5-10 km from Oktoberfest,,,
1365870026706221611,Bogenhausen,48.13699039999999,11.6184585,Entire home/apt,1,40,2.67,111,142.0,EUR per night,5.14860632899825,5-10 km from Oktoberfest,,,
1365982447730259313,Untergiesing-Harlaching,48.1189733,11.5723671,Private room,91,0,,305,17.0,EUR per night,2.2241327523953687,2-5 km from Oktoberfest,,,
1365987547584791564,Untergiesing-Harlaching,48.1189733,11.5723671,Entire home/apt,91,2,0.19,276,27.0,EUR per night,2.2241327523953687,2-5 km from Oktoberfest,,,
1365991976939738803,Untergiesing-Harlaching,48.1189733,11.5723671,Entire home/apt,92,3,0.27,207,21.0,EUR per night,2.2241327523953687,2-5 km from Oktoberfest,,,
1366629603918651575,Ramersdorf-Perlach,48.10854,11.63105,Private room,1,0,,219,24.0,EUR per night,6.587243801321648,5-10 km from Oktoberfest,,,
1366712082218264845,Feldmoching-Hasenbergl,48.2225346,11.5249004,Entire home/apt,1,0,,361,150.0,EUR per night,10.241839029024193,10+ km from Oktoberfest,,,
1368085605665765531,Au-Haidhausen,48.13088,11.60035,Entire home/apt,3,3,0.2,25,197.0,EUR per night,3.7754979151030588,2-5 km from Oktoberfest,,,
1368123416861054676,Pasing-Obermenzing,48.1301485,11.4710908,Private room,1,1,0.07,321,32.0,EUR per night,5.822378455284125,5-10 km from Oktoberfest,,,
1368566608150384414,Altstadt-Lehel,48.1358986,11.5828041,Entire home/apt,1,67,4.27,282,707.0,EUR per night,2.5111929053025683,2-5 km from Oktoberfest,,,
1369392018492551449,Ludwigsvorstadt-Isarvorstadt,48.12759367191742,11.573292471266834,Entire home/apt,2,38,2.67,139,342.0,EUR per night,1.829570221969963,0-2 km from Oktoberfest,,,
1369408484433651780,Ludwigsvorstadt-Isarvorstadt,48.129878122904586,11.559768989682198,Entire home/apt,1,45,2.91,141,266.0,EUR per night,0.7945822048024619,0-2 km from Oktoberfest,,,
1369666459400403697,Neuhausen-Nymphenburg,48.1553,11.53518,Entire home/apt,30,0,,249,80.0,EUR per night,2.8105334793667542,2-5 km from Oktoberfest,,,
1369774169993519041,Ramersdorf-Perlach,48.1170404,11.6271974,Private room,1,41,2.58,287,104.0,EUR per night,5.999064121565055,5-10 km from Oktoberfest,,,
1370127157425911132,Pasing-Obermenzing,48.14711,11.47015,Entire home/apt,7,0,,72,149.0,EUR per night,6.1260580268236735,5-10 km from Oktoberfest,,,
1370377414019399198,Untergiesing-Harlaching,48.10585607934045,11.57512348539963,Entire home/apt,1,10,0.67,348,141.0,EUR per night,3.4647490434476937,2-5 km from Oktoberfest,,,
1370895784469570338,Maxvorstadt,48.149263,11.577085,Entire home/apt,2,105,6.63,177,210.0,EUR per night,2.813723870776033,2-5 km from Oktoberfest,,,
1371832046950566983,Au-Haidhausen,48.1211,11.57627,Entire home/apt,2,40,2.7,23,204.0,EUR per night,2.321629178903981,2-5 km from Oktoberfest,,,
1373038098910228199,Schwabing-Freimann,48.17040036611274,11.58573747711892,Private room,3,22,1.41,34,111.0,EUR per night,5.055127536742982,5-10 km from Oktoberfest,,,
1373230337362354638,Thalkirchen-Obersendling-Forstenried-Fürstenried-Solln,48.0822182,11.5141024,Entire home/apt,1,7,0.53,123,121.0,EUR per night,6.117703541482497,5-10 km from Oktoberfest,,,
1373953255333074014,Altstadt-Lehel,48.13861449384938,11.565827630688489,Entire home/apt,1,67,4.66,173,350.0,EUR per night,1.4232136350845366,0-2 km from Oktoberfest,,,
1374011003818050121,Allach-Untermenzing,48.18399880819471,11.461396180578678,Entire home/apt,2,5,0.34,301,125.0,EUR per night,8.73319954362041,5-10 km from Oktoberfest,,,
1374903294481622435,Ludwigsvorstadt-Isarvorstadt,48.12682,11.55602,Private room,1,11,1.52,1,54.0,EUR per night,0.7437967955523291,0-2 km from Oktoberfest,,,
1375169742455881636,Laim,48.12602,11.50322,Private room,2,12,0.8,328,61.0,EUR per night,3.4964727752683338,2-5 km from Oktoberfest,,,
1375317003048927090,Schwabing-Freimann,48.17782432433432,11.595878238098146,Entire home/apt,2,52,3.41,130,407.0,EUR per night,6.157344478037603,5-10 km from Oktoberfest,,,
1375921931212515760,Maxvorstadt,48.15322013137393,11.570550920680123,Private room,1,12,1.0,22,100.0,EUR per night,2.8389829023668844,2-5 km from Oktoberfest,,,
1376548526709523659,Ludwigsvorstadt-Isarvorstadt,48.12518012977729,11.556853763759136,Private room,1,10,0.68,38,148.0,EUR per night,0.9253169332855409,0-2 km from Oktoberfest,,,
1376559452387064424,Altstadt-Lehel,48.13877200662237,11.565827630688489,Entire home/apt,1,87,5.92,206,387.0,EUR per night,1.4324778391530795,0-2 km from Oktoberfest,,,
1376587446190183672,Schwabing-West,48.16591,11.57781,Private room,1,4,0.26,71,45.0,EUR per night,4.325825228005349,2-5 km from Oktoberfest,,,
1377648648579773074,Ramersdorf-Perlach,48.1170404,11.6271974,Private room,1,53,3.55,243,41.0,EUR per night,5.999064121565055,5-10 km from Oktoberfest,,,
1378285591639519238,Maxvorstadt,48.1426941,11.5568116,Entire home/apt,1,13,0.85,54,237.0,EUR per night,1.3171833569645155,0-2 km from Oktoberfest,,,
1378343241123781230,Ramersdorf-Perlach,48.10438,11.61894,Entire home/apt,2,0,,88,240.0,EUR per night,5.994641557605274,5-10 km from Oktoberfest,,,
1378388035147929669,Pasing-Obermenzing,48.1490338,11.4712309,Private room,2,29,1.91,352,58.0,EUR per night,6.112168640257868,5-10 km from Oktoberfest,,,
1378898730268206019,Sendling,48.11211,11.54744,Private room,1,8,3.0,148,105.0,EUR per night,2.205853797450389,2-5 km from Oktoberfest,,,
1378906613223887362,Obergiesing,48.1135551,11.5834734,Private room,1,1,0.64,149,149.0,EUR per night,3.2434821583986904,2-5 km from Oktoberfest,,,
1379537344021269786,Tudering-Riem,48.108892203171386,11.673241236626255,Entire home/apt,2,4,0.29,93,163.0,EUR per night,9.534955353914185,5-10 km from Oktoberfest,,,
1379734372325953093,Maxvorstadt,48.15002675367427,11.566593663713478,Entire home/apt,2,61,4.16,227,502.0,EUR per night,2.381466840205199,2-5 km from Oktoberfest,,,
1379853081150523178,Maxvorstadt,48.14997,11.56655,Entire home/apt,1,65,4.5,232,383.0,EUR per night,2.374400551394795,2-5 km from Oktoberfest,,,
1379857484692506313,Maxvorstadt,48.14955314264565,11.5667349200194,Entire home/apt,2,53,3.58,196,311.0,EUR per night,2.342770725032731,2-5 km from Oktoberfest,,,
1380349500769052127,Berg am Laim,48.1336889,11.6296717,Shared room,2,10,0.72,351,100.0,EUR per night,5.953042886611505,5-10 km from Oktoberfest,,,
1381226390799885889,Bogenhausen,48.164459338113005,11.617209451533087,Entire home/apt,1,8,0.59,315,136.0,EUR per night,6.192067472557097,5-10 km from Oktoberfest,,,
1381713803554426757,Milbertshofen-Am Hart,48.18213,11.55323,Entire home/apt,1,13,0.87,362,180.0,EUR per night,5.592169958299226,5-10 km from Oktoberfest,,,
1382758773394487075,Aubing-Lochhausen-Langwied,48.14133,11.4178,Private room,1,12,0.81,281,65.0,EUR per night,9.829109971599282,5-10 km from Oktoberfest,,,
1383083059709930872,Tudering-Riem,48.11495133081732,11.70680415422894,Private room,3,2,0.13,89,181.0,EUR per night,11.827133804436519,10+ km from Oktoberfest,,,
1383211148665340661,Berg am Laim,48.12830111909281,11.630136112751096,Entire home/apt,1,28,1.84,239,350.0,EUR per night,5.997862456594942,5-10 km from Oktoberfest,,,
1383464863646754686,Tudering-Riem,48.13149843672021,11.698523975050158,Entire home/apt,1,12,0.84,54,106.0,EUR per night,11.059722573825944,10+ km from Oktoberfest,,,
1383974848359638883,Maxvorstadt,48.15526070290007,11.564927660151287,Entire home/apt,1,27,1.81,294,633.0,EUR per night,2.838622037084556,2-5 km from Oktoberfest,,,
1384083073800117031,Feldmoching-Hasenbergl,48.20460918722645,11.490550267726803,Private room,20,1,0.12,294,61.0,EUR per night,9.191182297621339,5-10 km from Oktoberfest,,,
1384230817643333454,Au-Haidhausen,48.12652778069191,11.58328706794206,Entire home/apt,1,0,,358,218.0,EUR per night,2.5777586079029895,2-5 km from Oktoberfest,,,
1384542088777788132,Tudering-Riem,48.13085939741878,11.685025552708655,Entire home/apt,1,1,1.0,362,626.0,EUR per night,10.058591909057967,10+ km from Oktoberfest,,,
1384738700199278547,Tudering-Riem,48.13127,11.68537,Entire home/apt,1,6,0.4,178,455.0,EUR per night,10.083692261453718,10+ km from Oktoberfest,,,
1384747026394481950,Tudering-Riem,48.13112,11.68736,Entire home/apt,1,8,0.54,362,301.0,EUR per night,10.231517200547692,10+ km from Oktoberfest,,,
1384751040964572541,Schwanthalerhöhe,48.13692830000001,11.5372529,Private room,1,19,1.29,35,101.0,EUR per night,1.067068608620548,0-2 km from Oktoberfest,,,
1385337092066405166,Schwabing-Freimann,48.185295,11.615229,Private room,1,0,,365,709.0,EUR per night,7.682506457852463,5-10 km from Oktoberfest,,,
1385475110343720841,Au-Haidhausen,48.1263899,11.5912062,Entire home/apt,2,21,1.43,28,288.0,EUR per night,3.1553855196250518,2-5 km from Oktoberfest,,,
1385591728310719151,Bogenhausen,48.16559273671072,11.630342395544524,Entire home/apt,14,0,,72,105.0,EUR per night,7.0715991612092495,5-10 km from Oktoberfest,,,
1386176719148648186,Berg am Laim,48.13155434178032,11.628677994177297,Private room,3,0,,179,397.0,EUR per night,5.876221369451868,5-10 km from Oktoberfest,,,
1386973695720475406,Thalkirchen-Obersendling-Forstenried-Fürstenried-Solln,48.09815920703036,11.532602626496644,Private room,1,8,0.54,361,159.0,EUR per night,3.9559604454460158,2-5 km from Oktoberfest,,,
1387740188535314677,Maxvorstadt,48.14893,11.5572,Entire home/apt,1,3,0.32,292,303.0,EUR per night,1.9779657988140493,0-2 km from Oktoberfest,,,
1387939141999086270,Ludwigsvorstadt-Isarvorstadt,48.1362377,11.5594628,Entire home/apt,1,88,6.32,135,209.0,EUR per night,0.8827630382237025,0-2 km from Oktoberfest,,,
1388253037138686280,Sendling,48.12290239718058,11.54148489129684,Entire home/apt,1,0,,307,150.0,EUR per night,1.1639843947609334,0-2 km from Oktoberfest,,,
1388374343642453071,Moosach,48.18705,11.50485,Private room,1,64,4.3,54,124.0,EUR per night,6.969555118516512,5-10 km from Oktoberfest,,,
1388517890209145547,Sendling-Westpark,48.111852073174056,11.52346653240202,Entire home/apt,2,9,0.6,348,150.0,EUR per night,2.9501986132577014,2-5 km from Oktoberfest,,,
1388905940043584428,Bogenhausen,48.16405,11.64378,Entire home/apt,1,18,1.21,343,201.0,EUR per night,7.85526977508628,5-10 km from Oktoberfest,,,
1388912223812404343,Berg am Laim,48.11916947166723,11.646425956208038,Entire home/apt,1,4,0.27,262,500.0,EUR per night,7.332052528467891,5-10 km from Oktoberfest,,,
1388974046841080654,Hadern,48.119323267430666,11.499412494947649,Private room,2,18,1.21,139,108.0,EUR per night,3.9719572882138947,2-5 km from Oktoberfest,,,
1389078673847314365,Tudering-Riem,48.13024,11.67723,Entire home/apt,1,4,0.27,33,224.0,EUR per night,9.481239542961516,5-10 km from Oktoberfest,,,
1389263938552959457,Ramersdorf-Perlach,48.1115645,11.6273006,Private room,1,11,0.74,360,113.0,EUR per night,6.2019064530948,5-10 km from Oktoberfest,,,
1389363831009895925,Tudering-Riem,48.13111807119361,11.70199915766716,Private room,1,2,0.13,88,180.0,EUR per night,11.317914679710599,10+ km from Oktoberfest,,,
1389859185758137696,Maxvorstadt,48.14984,11.57211,Entire home/apt,1,30,2.37,170,277.0,EUR per night,2.6065235370192807,2-5 km from Oktoberfest,,,
1389867524827186359,Maxvorstadt,48.14865565071543,11.556559497421922,Entire home/apt,1,2,0.14,89,390.0,EUR per night,1.935379882197181,0-2 km from Oktoberfest,,,
1389961892708579565,Untergiesing-Harlaching,48.10497659267856,11.564230997223428,Entire home/apt,2,7,0.47,90,294.0,EUR per night,3.187211116736672,2-5 km from Oktoberfest,,,
1389985007849396086,Thalkirchen-Obersendling-Forstenried-Fürstenried-Solln,48.10527,11.5486,Entire home/apt,1,9,0.65,24,331.0,EUR per night,2.961874485621775,2-5 km from Oktoberfest,,,
1390016287919638760,Tudering-Riem,48.130049403461285,11.67571294028989,Private room,2,1,0.07,364,160.0,EUR per night,9.369131939178471,5-10 km from Oktoberfest,,,
1390328323369934240,Altstadt-Lehel,48.1358,11.58108,Entire home/apt,1,25,2.04,248,189.0,EUR per night,2.3833583865488333,2-5 km from Oktoberfest,,,
1390362627862086846,Milbertshofen-Am Hart,48.18747026136945,11.563929915916804,Entire home/apt,7,0,,45,218.0,EUR per night,6.27114306943689,5-10 km from Oktoberfest,,,
1390480847268792834,Bogenhausen,48.14462,11.62058,Entire home/apt,1,27,2.25,177,99.0,EUR per night,5.460793413013899,5-10 km from Oktoberfest,,,
1390488591639006771,Milbertshofen-Am Hart,48.18837,11.54372,Entire home/apt,2,11,1.17,10,110.0,EUR per night,6.293796098807287,5-10 km from Oktoberfest,,,
1390710312662326939,Ludwigsvorstadt-Isarvorstadt,48.13805319999999,11.5613486,Entire home/apt,2,15,1.08,239,129.0,EUR per night,1.1141174439098223,0-2 km from Oktoberfest,,,
1390765893524853738,Pasing-Obermenzing,48.1532835,11.4696983,Entire home/apt,2,21,1.4,7,475.0,EUR per night,6.3807061858111025,5-10 km from Oktoberfest,,,
1390780416513107279,Schwabing-Freimann,48.16452222409653,11.587127330718586,Entire home/apt,2,0,,351,220.0,EUR per night,4.5772342602904175,2-5 km from Oktoberfest,,,
1391137415884127627,Sendling-Westpark,48.12652,11.51787,Entire home/apt,1,2,0.75,245,236.0,EUR per night,2.4225224372244214,2-5 km from Oktoberfest,,,
1391159558374507214,Bogenhausen,48.1639,11.62728,Entire home/apt,2,0,,283,260.0,EUR per night,6.779383009486121,5-10 km from Oktoberfest,,,
1391329221209389258,Ludwigsvorstadt-Isarvorstadt,48.13544,11.55409,Entire home/apt,1,8,0.98,354,245.0,EUR per night,0.5205498998039144,0-2 km from Oktoberfest,,,
1391531996086776905,Maxvorstadt,48.144123612794,11.563559867557812,Entire home/apt,1,5,0.34,361,450.0,EUR per night,1.7134543812308454,0-2 km from Oktoberfest,,,
1391750790998787114,Neuhausen-Nymphenburg,48.15697677221746,11.537793651223184,Entire home/apt,1,10,0.77,30,230.0,EUR per night,2.920551427763203,2-5 km from Oktoberfest,,,
1392209667436078223,Ludwigsvorstadt-Isarvorstadt,48.13775642966728,11.56026417034688,Entire home/apt,2,15,1.08,258,129.0,EUR per night,1.0306074296145016,0-2 km from Oktoberfest,,,
1392649297331155975,Ramersdorf-Perlach,48.11784,11.62807,Private room,1,52,3.59,186,54.0,EUR per night,6.03767843315698,5-10 km from Oktoberfest,,,
1392861699908861889,Maxvorstadt,48.14255695622432,11.55978431918646,Private room,1,27,1.82,207,179.0,EUR per night,1.409478983670531,0-2 km from Oktoberfest,,,
1393165580510887499,Bogenhausen,48.16433,11.64336,Entire home/apt,1,0,,167,483.0,EUR per night,7.8417880770136215,5-10 km from Oktoberfest,,,
1393291252100223599,Thalkirchen-Obersendling-Forstenried-Fürstenried-Solln,48.07993,11.50802,Private room,2,1,0.08,363,150.0,EUR per night,6.548321928135456,5-10 km from Oktoberfest,,,
1393316063417322196,Tudering-Riem,48.11782824012664,11.6988655595289,Private room,1,14,0.94,358,130.0,EUR per night,11.196332527132563,10+ km from Oktoberfest,,,
1393346533594535233,Pasing-Obermenzing,48.15938010237995,11.451748034393304,Private room,1,15,1.08,307,69.0,EUR per night,7.869994058576789,5-10 km from Oktoberfest,,,
1393577412068746389,Tudering-Riem,48.11513,11.70049,Private room,1,1,0.08,89,170.0,EUR per night,11.361398040771222,10+ km from Oktoberfest,,,
1393675530340397542,Maxvorstadt,48.14823,11.57598,Entire home/apt,4,6,0.43,183,145.0,EUR per night,2.6754169875159923,2-5 km from Oktoberfest,,,
1394238370187722415,Schwabing-Freimann,48.17545,11.5841,Entire home/apt,2,16,1.21,27,200.0,EUR per night,5.480704518580555,5-10 km from Oktoberfest,,,
1394750405799901281,Laim,48.1311989,11.5018019,Entire home/apt,1,70,4.94,329,193.0,EUR per night,3.540725442251561,2-5 km from Oktoberfest,,,
1394904257629238780,Berg am Laim,48.1265844,11.6372501,Entire home/apt,3,9,0.61,26,142.0,EUR per night,6.539345837965993,5-10 km from Oktoberfest,,,
1394952345199572401,Neuhausen-Nymphenburg,48.14635120000001,11.531555,Private room,1,70,5.02,59,78.0,EUR per night,2.086915651055734,2-5 km from Oktoberfest,,,
1395022554742045900,Tudering-Riem,48.1344090565932,11.668571598367866,Entire home/apt,1,50,5.4,352,107.0,EUR per night,8.840906651642927,5-10 km from Oktoberfest,,,
1395452471339843420,Altstadt-Lehel,48.1338883,11.5845038,Entire home/apt,1,4,0.31,309,172.0,EUR per night,2.607095617884528,2-5 km from Oktoberfest,,,
1395478721213792330,Altstadt-Lehel,48.1338883,11.5845038,Entire home/apt,1,40,2.76,322,162.0,EUR per night,2.607095617884528,2-5 km from Oktoberfest,,,
1395484594371622294,Altstadt-Lehel,48.1338883,11.5845038,Entire home/apt,1,3,0.21,254,209.0,EUR per night,2.607095617884528,2-5 km from Oktoberfest,,,
1395486217457734310,Altstadt-Lehel,48.1338883,11.5845038,Entire home/apt,1,23,1.68,299,264.0,EUR per night,2.607095617884528,2-5 km from Oktoberfest,,,
1395489360839868245,Altstadt-Lehel,48.1338883,11.5845038,Entire home/apt,1,5,0.34,298,335.0,EUR per night,2.607095617884528,2-5 km from Oktoberfest,,,
1395606516756529501,Schwabing-Freimann,48.15805,11.58566,Private room,1,1,0.08,89,219.0,EUR per night,3.9563647391805645,2-5 km from Oktoberfest,,,
1395636883585296832,Neuhausen-Nymphenburg,48.15806,11.52222,Entire home/apt,2,1,0.07,149,152.0,EUR per night,3.5437485210278843,2-5 km from Oktoberfest,,,
1397037811130615609,Maxvorstadt,48.154512088348426,11.5653576805222,Entire home/apt,1,0,,365,350.0,EUR per night,2.77602752154484,2-5 km from Oktoberfest,,,
1397667214052420555,Ramersdorf-Perlach,48.1085582,11.6207944,Private room,1,39,2.81,342,116.0,EUR per night,5.894407850438769,5-10 km from Oktoberfest,,,
1397770606609275277,Feldmoching-Hasenbergl,48.22203629922907,11.557195419100912,Shared room,3,4,0.27,326,20.0,EUR per night,10.038928521651995,10+ km from Oktoberfest,,,
1398960260623879038,Thalkirchen-Obersendling-Forstenried-Fürstenried-Solln,48.0897679,11.5124509,Private room,2,3,0.21,143,100.0,EUR per night,5.432702020610955,5-10 km from Oktoberfest,,,
1399393214360801165,Schwanthalerhöhe,48.13569,11.52868,Entire home/apt,1,6,0.43,149,79.0,EUR per night,1.6015110158310828,0-2 km from Oktoberfest,,,
1399747761196256444,Maxvorstadt,48.151630566498994,11.562520443441976,Entire home/apt,3,3,0.23,34,189.0,EUR per night,2.3972339556297277,2-5 km from Oktoberfest,,,
1400221019989996189,Sendling,48.1185010316924,11.54027971349183,Entire home/apt,1,20,1.55,261,130.0,EUR per night,1.6395551845315923,0-2 km from Oktoberfest,,,
1400587960328359050,Au-Haidhausen,48.121351,11.5786262,Entire home/apt,1,13,0.94,42,214.0,EUR per night,2.459513671218497,2-5 km from Oktoberfest,,,
1400909772752531048,Au-Haidhausen,48.126,11.60027,Entire home/apt,2,10,0.87,31,162.0,EUR per night,3.824721638723993,2-5 km from Oktoberfest,,,
1401251093075483520,Schwabing-Freimann,48.195778,11.6216176,Entire home/apt,1,95,6.52,214,160.0,EUR per night,8.891605411854554,5-10 km from Oktoberfest,,,
1401446264870667899,Neuhausen-Nymphenburg,48.16726,11.50284,Entire home/apt,1,0,,155,86.0,EUR per night,5.2385306614145035,5-10 km from Oktoberfest,,,
1401963127210672545,Schwanthalerhöhe,48.13700689272578,11.535086542259146,Private room,1,5,0.38,308,356.0,EUR per night,1.211013001758906,0-2 km from Oktoberfest,,,
1402873564382364722,Untergiesing-Harlaching,48.11050176461792,11.56648612760066,Entire home/apt,1,1,0.07,318,96.0,EUR per night,2.692805390817467,2-5 km from Oktoberfest,,,
1403578252760072193,Tudering-Riem,48.106593174726775,11.707717025685046,Entire home/apt,1,0,,348,115.0,EUR per night,12.077136388467842,10+ km from Oktoberfest,,,
1403734140728014331,Moosach,48.18645399370591,11.535440878718726,Entire home/apt,2,4,0.3,149,248.0,EUR per night,6.155109962189898,5-10 km from Oktoberfest,,,
1404082498782116602,Pasing-Obermenzing,48.14740314940343,11.455075821084396,Entire home/apt,1,2,0.28,268,107.0,EUR per night,7.2154446883161665,5-10 km from Oktoberfest,,,
1404208015694001480,Sendling,48.11459,11.54691,Entire home/apt,2,0,,101,177.0,EUR per night,1.934360984495231,0-2 km from Oktoberfest,,,
1404955209282037561,Laim,48.13656,11.52169,Entire home/apt,1,71,5.05,111,195.0,EUR per night,2.1278397554250943,2-5 km from Oktoberfest,,,
1405073512570667702,Maxvorstadt,48.14517,11.57621,Entire home/apt,3,29,2.21,54,306.0,EUR per night,2.4709386419441373,2-5 km from Oktoberfest,,,
1405114546096251958,Schwabing-Freimann,48.1751504,11.5870447,Entire home/apt,4,6,0.6,139,98.0,EUR per night,5.557490844717234,5-10 km from Oktoberfest,,,
1405147003553594693,Bogenhausen,48.16768,11.63609,Entire home/apt,1,10,0.72,183,130.0,EUR per night,7.556155002748982,5-10 km from Oktoberfest,,,
1405670527822661991,Ramersdorf-Perlach,48.09554077892456,11.651568968344025,Entire home/apt,2,0,,363,230.0,EUR per night,8.588666129163071,5-10 km from Oktoberfest,,,
1406372964757405566,Laim,48.1429765,11.5069127,Entire home/apt,20,0,,263,91.0,EUR per night,3.391740129352891,2-5 km from Oktoberfest,,,
1406463062593486293,Schwabing-Freimann,48.17560301489538,11.586815876067142,Private room,2,2,2.0,107,101.0,EUR per night,5.592672521814912,5-10 km from Oktoberfest,,,
1406705787720695724,Bogenhausen,48.14890412169724,11.605447831886384,Entire home/apt,1,1,0.57,130,293.0,EUR per night,4.561700838868481,2-5 km from Oktoberfest,,,
1407286083888960931,Neuhausen-Nymphenburg,48.1597917,11.5436867,Entire home/apt,1,15,1.07,324,124.0,EUR per night,3.1312625314526152,2-5 km from Oktoberfest,,,
1407353036911105273,Bogenhausen,48.17088352400062,11.64046750104979,Entire home/apt,3,7,0.53,13,170.0,EUR per night,8.020713606222175,5-10 km from Oktoberfest,,,
1407773672821737355,Bogenhausen,48.14118,11.61277,Private room,2,18,1.28,165,105.0,EUR per night,4.807121638469982,2-5 km from Oktoberfest,,,
1409264810699135438,Obergiesing,48.11211,11.58587,Private room,1,2,1.07,341,85.0,EUR per night,3.4829012187100807,2-5 km from Oktoberfest,,,
1409569039151026648,Thalkirchen-Obersendling-Forstenried-Fürstenried-Solln,48.08177,11.51491,Entire home/apt,5,0,,358,129.0,EUR per night,6.137416032661442,5-10 km from Oktoberfest,,,
1409970988955592734,Moosach,48.18398,11.53124,Entire home/apt,7,91,7.07,119,160.0,EUR per night,5.947317590248807,5-10 km from Oktoberfest,,,
1411459420703781418,Schwabing-Freimann,48.18350427800672,11.611095895352245,Entire home/apt,1,3,0.22,62,150.0,EUR per night,7.334948815707433,5-10 km from Oktoberfest,,,
1411481297324644772,Schwabing-Freimann,48.16473,11.59045,Entire home/apt,1,7,0.58,10,119.0,EUR per night,4.749341096435004,2-5 km from Oktoberfest,,,
1412200521959199461,Sendling,48.12142129419568,11.548670344054695,Entire home/apt,2,12,1.29,76,170.0,EUR per night,1.1668049398103983,0-2 km from Oktoberfest,,,
1412246627971018626,Schwabing-West,48.16136,11.55778,Private room,1,0,,74,50.0,EUR per night,3.332905767752462,2-5 km from Oktoberfest,,,
1412531385541255974,Laim,48.13194,11.50087,Private room,2,20,1.44,169,94.0,EUR per night,3.609003829046571,2-5 km from Oktoberfest,,,
1412884642715439309,Altstadt-Lehel,48.135909332434416,11.577698577931043,Entire home/apt,2,54,3.88,134,417.0,EUR per night,2.1395953028023964,2-5 km from Oktoberfest,,,
1413804301085532345,Thalkirchen-Obersendling-Forstenried-Fürstenried-Solln,48.09216,11.51614,Private room,1,0,,351,85.0,EUR per night,5.065639022847738,5-10 km from Oktoberfest,,,
1414588068277995252,Schwabing-Freimann,48.16600847435914,11.587581683655904,Entire home/apt,2,5,0.36,78,113.0,EUR per night,4.729318264977153,2-5 km from Oktoberfest,,,
1414968789137904757,Neuhausen-Nymphenburg,48.15711710000001,11.5436781,Private room,1,0,,105,151.0,EUR per night,2.8370899591736394,2-5 km from Oktoberfest,,,
1415181722665695682,Bogenhausen,48.16746,11.64211,Private room,1,15,1.16,131,70.0,EUR per night,7.92710800841396,5-10 km from Oktoberfest,,,
1415291010772867852,Bogenhausen,48.14104970651959,11.620785888824336,Entire home/apt,2,0,,148,500.0,EUR per night,5.386853183520455,5-10 km from Oktoberfest,,,
1415761012926822931,Schwabing-West,48.16314,11.56444,Entire home/apt,2,1,0.08,287,235.0,EUR per night,3.6462822991402444,2-5 km from Oktoberfest,,,
1415808715382038575,Schwabing-West,48.16074563868906,11.574903452508936,Entire home/apt,1,3,0.32,20,97.0,EUR per night,3.7202505552486027,2-5 km from Oktoberfest,,,
1416052684953369364,Maxvorstadt,48.14265163353992,11.559870456545996,Entire home/apt,1,89,6.51,136,259.0,EUR per night,1.421790459915977,0-2 km from Oktoberfest,,,
1416529650702235325,Altstadt-Lehel,48.14023739303601,11.592131356475672,Entire home/apt,1,17,1.25,179,230.0,EUR per night,3.296606596120583,2-5 km from Oktoberfest,,,
1417198687357422860,Feldmoching-Hasenbergl,48.211319820847656,11.555885720448018,Entire home/apt,2,42,3.99,57,98.0,EUR per night,8.843768109575855,5-10 km from Oktoberfest,,,
1417222705598538129,Neuhausen-Nymphenburg,48.15711710000001,11.5436781,Private room,1,2,0.15,332,159.0,EUR per night,2.8370899591736394,2-5 km from Oktoberfest,,,
1417226147947270881,Neuhausen-Nymphenburg,48.15711710000001,11.5436781,Private room,1,0,,316,181.0,EUR per night,2.8370899591736394,2-5 km from Oktoberfest,,,
1417229224100760461,Neuhausen-Nymphenburg,48.15711710000001,11.5436781,Private room,1,18,1.41,52,215.0,EUR per night,2.8370899591736394,2-5 km from Oktoberfest,,,
1417516328254485849,Laim,48.1437210477637,11.498855082087932,Entire home/apt,1,14,1.07,306,307.0,EUR per night,3.9813438859075374,2-5 km from Oktoberfest,,,
1418993216462914580,Schwanthalerhöhe,48.1380759,11.5455044,Entire home/apt,1,21,2.32,312,243.0,EUR per night,0.7480069080501994,0-2 km from Oktoberfest,,,
1419521725676519626,Untergiesing-Harlaching,48.0934658,11.5711512,Private room,1,2,0.15,87,77.0,EUR per night,4.565981194951942,2-5 km from Oktoberfest,,,
1420469778272334992,Altstadt-Lehel,48.14016,11.59098,Private room,2,0,,364,195.0,EUR per night,3.212236236041069,2-5 km from Oktoberfest,,,
1420976716523502724,Berg am Laim,48.13255844143852,11.630050899049332,Entire home/apt,1,16,1.17,302,325.0,EUR per night,5.9783739686018516,5-10 km from Oktoberfest,,,
1421007510192903432,Sendling-Westpark,48.1128,11.50326,Entire home/apt,2,42,3.46,227,350.0,EUR per night,4.036223982080307,2-5 km from Oktoberfest,,,
1421140604594256512,Thalkirchen-Obersendling-Forstenried-Fürstenried-Solln,48.09920285640475,11.531726494431496,Entire home/apt,2,2,0.17,43,275.0,EUR per night,3.867775035761556,2-5 km from Oktoberfest,,,
1421506774435125299,Hadern,48.11777612617664,11.49388387799263,Entire home/apt,2,2,0.17,254,277.0,EUR per night,4.416689880285099,2-5 km from Oktoberfest,,,
1421566835519087642,Sendling,48.12445,11.54497,Entire home/apt,3,16,1.19,22,127.0,EUR per night,0.8940293135825633,0-2 km from Oktoberfest,,,
1423732409074462890,Au-Haidhausen,48.121960686935154,11.57606240361929,Entire home/apt,1,3,0.33,336,146.0,EUR per night,2.2601331679600944,2-5 km from Oktoberfest,,,
1423749223087277246,Au-Haidhausen,48.132105,11.5995841,Entire home/apt,1,22,2.32,263,213.0,EUR per night,3.716978818438443,2-5 km from Oktoberfest,,,
1424464769813810083,Altstadt-Lehel,48.1359347,11.586818,Entire home/apt,1,48,3.87,99,534.0,EUR per night,2.8054946963898715,2-5 km from Oktoberfest,,,
1424608540198242649,Maxvorstadt,48.15097297506504,11.57897548806687,Entire home/apt,2,3,0.31,15,323.0,EUR per night,3.0464991098373937,2-5 km from Oktoberfest,,,
1424730491814907587,Laim,48.13493,11.52239,Entire home/apt,1,0,,84,97.0,EUR per night,2.039885032083854,2-5 km from Oktoberfest,,,
1425245023600437740,Bogenhausen,48.13665,11.6475179,Private room,7,1,0.11,364,48.0,EUR per night,7.293065407714151,5-10 km from Oktoberfest,,,
1425319443166104621,Aubing-Lochhausen-Langwied,48.1553604,11.4147847,Entire home/apt,2,17,1.32,10,142.0,EUR per night,10.33021723096734,10+ km from Oktoberfest,,,
1425402791887613006,Altstadt-Lehel,48.1361761,11.5865489,Entire home/apt,1,9,0.69,123,353.0,EUR per night,2.7902257140363336,2-5 km from Oktoberfest,,,
1425532462723554777,Feldmoching-Hasenbergl,48.21612852642052,11.546015647218368,Private room,1,12,0.92,28,70.0,EUR per night,9.369348015500567,5-10 km from Oktoberfest,,,
1425558306911737099,Allach-Untermenzing,48.18002,11.46758,Entire home/apt,1,15,1.15,35,156.0,EUR per night,8.096697645525104,5-10 km from Oktoberfest,,,
1425952778052394072,Obergiesing,48.11036249748138,11.583684309329165,Private room,1,1,0.57,83,60.0,EUR per night,3.4891415833163273,2-5 km from Oktoberfest,,,
1425968615515267892,Ramersdorf-Perlach,48.10893,11.65266,Private room,1,6,0.46,80,58.0,EUR per night,8.072307024127612,5-10 km from Oktoberfest,,,
1426021373592347396,Milbertshofen-Am Hart,48.17781423278356,11.567592063081682,Entire home/apt,30,2,0.18,55,50.0,EUR per night,5.278880342000888,5-10 km from Oktoberfest,,,
1426033852799853228,Sendling-Westpark,48.11348341222839,11.523913700138923,Entire home/apt,1,10,0.77,30,115.0,EUR per night,2.7929433219922855,2-5 km from Oktoberfest,,,
1426093619981966092,Neuhausen-Nymphenburg,48.1576311,11.5091037,Entire home/apt,2,8,0.64,269,147.0,EUR per night,4.143607842885519,2-5 km from Oktoberfest,,,
1426640118688038054,Schwanthalerhöhe,48.1392,11.54057,Entire home/apt,4,0,,227,104.0,EUR per night,1.047873193555225,0-2 km from Oktoberfest,,,
1426642251712058963,Ludwigsvorstadt-Isarvorstadt,48.12635,11.55622,Entire home/apt,1,40,3.11,58,130.0,EUR per night,0.7934702076538803,0-2 km from Oktoberfest,,,
1426697007918131210,Untergiesing-Harlaching,48.11776,11.57615,Private room,2,4,0.31,91,167.0,EUR per night,2.526825089148058,2-5 km from Oktoberfest,,,
1428797368268783471,Laim,48.13714353962888,11.490377243046462,Entire home/apt,3,6,0.46,4,112.0,EUR per night,4.426054348557938,2-5 km from Oktoberfest,,,
1428819002588851973,Laim,48.1398329,11.5109584,Private room,28,0,,48,26.0,EUR per night,2.9930235081267957,2-5 km from Oktoberfest,,,
1428978109354004176,Au-Haidhausen,48.12292,11.58001,Entire home/apt,2,12,1.16,305,175.0,EUR per night,2.4748343953106757,2-5 km from Oktoberfest,,,
1429119560509403791,Berg am Laim,48.13104,11.61805,Private room,30,0,,173,78.0,EUR per night,5.088276604215036,5-10 km from Oktoberfest,,,
1429648635671244632,Neuhausen-Nymphenburg,48.14806917499631,11.541968195494604,Private room,1,17,1.29,129,106.0,EUR per night,1.8827885609010238,0-2 km from Oktoberfest,,,
1429665137283337158,Berg am Laim,48.128553564033375,11.629935176250005,Entire home/apt,3,1,0.11,176,148.0,EUR per night,5.981156451599178,5-10 km from Oktoberfest,,,
1429692497180278334,Allach-Untermenzing,48.1887571,11.4603901,Private room,1,0,,325,117.0,EUR per night,9.146359433474705,5-10 km from Oktoberfest,,,
1429701318091726780,Allach-Untermenzing,48.1887571,11.4603901,Entire home/apt,1,9,0.92,346,99.0,EUR per night,9.146359433474705,5-10 km from Oktoberfest,,,
1429703237240376589,Allach-Untermenzing,48.1887571,11.4603901,Entire home/apt,1,1,0.09,331,117.0,EUR per night,9.146359433474705,5-10 km from Oktoberfest,,,
1429731504882939155,Ludwigsvorstadt-Isarvorstadt,48.13721,11.55457,Entire home/apt,1,0,,73,300.0,EUR per night,0.7001315310829125,0-2 km from Oktoberfest,,,
1429873294066656729,Ramersdorf-Perlach,48.10786,11.61974,Private room,10,0,,90,55.0,EUR per night,5.859278850927632,5-10 km from Oktoberfest,,,
1430206139380756870,Tudering-Riem,48.136009504919095,11.69031087193554,Entire home/apt,5,0,,197,115.0,EUR per night,10.459634582617204,10+ km from Oktoberfest,,,
1430225450652460151,Tudering-Riem,48.13584,11.69004,Entire home/apt,5,1,0.55,232,115.0,EUR per night,10.43876144230457,10+ km from Oktoberfest,,,
1430273660843959617,Tudering-Riem,48.13617,11.68886,Entire home/apt,5,0,,232,196.0,EUR per night,10.352855482640607,10+ km from Oktoberfest,,,
1430288443323635873,Tudering-Riem,48.1356,11.69059,Entire home/apt,5,0,,232,196.0,EUR per night,10.478484169199431,10+ km from Oktoberfest,,,
1430445275581427136,Schwanthalerhöhe,48.13498,11.54141,Entire home/apt,1,1,0.11,2,340.0,EUR per night,0.6911844928917661,0-2 km from Oktoberfest,,,
1430591148749478714,Ludwigsvorstadt-Isarvorstadt,48.13168196036586,11.560749037245868,Entire home/apt,1,1,0.08,316,322.0,EUR per night,0.8351841903095817,0-2 km from Oktoberfest,,,
1431050717316581289,Moosach,48.18280367662254,11.534523367881777,Entire home/apt,1,51,4.17,314,126.0,EUR per night,5.768218717082307,5-10 km from Oktoberfest,,,
1431113710053840021,Hadern,48.11941,11.48226,Entire home/apt,1,10,0.77,92,137.0,EUR per night,5.180361410107841,5-10 km from Oktoberfest,,,
1431206088727179431,Sendling-Westpark,48.10625,11.52568,Private room,1,8,0.62,73,59.0,EUR per night,3.355788250027877,2-5 km from Oktoberfest,,,
1431643178812638639,Schwabing-Freimann,48.18496,11.5979,Entire home/apt,5,4,0.43,221,211.0,EUR per night,6.906423354170007,5-10 km from Oktoberfest,,,
1433292526639602403,Sendling-Westpark,48.12470922200143,11.533053447236677,Entire home/apt,1,14,1.08,284,143.0,EUR per night,1.4592091054372243,0-2 km from Oktoberfest,,,
1434069878934202459,Milbertshofen-Am Hart,48.20249902746106,11.564126168242376,Entire home/apt,2,27,2.08,136,130.0,EUR per night,7.92483967968103,5-10 km from Oktoberfest,,,
1434132606985318269,Au-Haidhausen,48.12589,11.59803,Entire home/apt,25,2,0.19,333,114.0,EUR per night,3.663264255572631,2-5 km from Oktoberfest,,,
1434557391699740368,Neuhausen-Nymphenburg,48.1576311,11.5091037,Entire home/apt,2,0,,277,173.0,EUR per night,4.143607842885519,2-5 km from Oktoberfest,,,
1434637544551268553,Neuhausen-Nymphenburg,48.1576311,11.5091037,Entire home/apt,2,3,0.28,267,320.0,EUR per night,4.143607842885519,2-5 km from Oktoberfest,,,
1435516445350227087,Laim,48.13075,11.50348,Entire home/apt,1,7,0.67,17,400.0,EUR per night,3.417736543043021,2-5 km from Oktoberfest,,,
1436032250175007692,Sendling,48.11406,11.54777,Entire home/apt,1,1,0.11,210,116.0,EUR per night,1.9878693715958258,0-2 km from Oktoberfest,,,
1436363315701381921,Laim,48.12705,11.505,Private room,1,8,0.71,334,55.0,EUR per night,3.3463981816314816,2-5 km from Oktoberfest,,,
1436789773342264826,Laim,48.12781,11.50538,Entire home/apt,2,6,0.57,275,174.0,EUR per night,3.305861964961903,2-5 km from Oktoberfest,,,
1436852491383609193,Moosach,48.18323957881765,11.524324833131642,Entire home/apt,4,0,,341,79.0,EUR per night,6.006368035463577,5-10 km from Oktoberfest,,,
1437155829951742628,Maxvorstadt,48.15286,11.57489,Entire home/apt,7,6,0.62,322,290.0,EUR per night,2.9968273046225233,2-5 km from Oktoberfest,,,
1437504343959759879,Untergiesing-Harlaching,48.08725,11.55049,Private room,30,1,0.09,46,32.0,EUR per night,4.965397542916544,2-5 km from Oktoberfest,,,
1437566795724229487,Ludwigsvorstadt-Isarvorstadt,48.12706,11.55079,Entire home/apt,1,5,0.48,32,229.0,EUR per night,0.5466329245458039,0-2 km from Oktoberfest,,,
1437618313098813369,Thalkirchen-Obersendling-Forstenried-Fürstenried-Solln,48.0798003,11.4839574,Private room,30,0,,58,33.0,EUR per night,7.566064778825677,5-10 km from Oktoberfest,,,
1437627656173976261,Thalkirchen-Obersendling-Forstenried-Fürstenried-Solln,48.07897,11.4832,Private room,15,0,,55,50.0,EUR per night,7.67297265750616,5-10 km from Oktoberfest,,,
1437738413511312409,Altstadt-Lehel,48.134418922278606,11.572572562244124,Entire home/apt,2,14,1.12,56,189.0,EUR per night,1.7350111324428934,0-2 km from Oktoberfest,,,
1437866470409358647,Au-Haidhausen,48.136493278895855,11.611156728769542,Private room,2,6,0.49,154,119.0,EUR per night,4.603975022922114,2-5 km from Oktoberfest,,,
1438322262209668140,Bogenhausen,48.14017,11.6089,Entire home/apt,1,13,1.13,207,542.0,EUR per night,4.5028269148749995,2-5 km from Oktoberfest,,,
1439316084509684075,Au-Haidhausen,48.1254004146468,11.588605087866211,Entire home/apt,3,6,0.66,12,195.0,EUR per night,2.990940257406136,2-5 km from Oktoberfest,,,
1439852999984212270,Neuhausen-Nymphenburg,48.16720736797272,11.502905364600595,Entire home/apt,1,0,,81,108.0,EUR per night,5.23093484331337,5-10 km from Oktoberfest,,,
1440009703946496995,Thalkirchen-Obersendling-Forstenried-Fürstenried-Solln,48.10205,11.51983,Entire home/apt,2,1,0.11,311,153.0,EUR per night,3.983481591149545,2-5 km from Oktoberfest,,,
1440300815224718839,Ludwigsvorstadt-Isarvorstadt,48.13984,11.55115,Entire home/apt,2,3,0.32,182,1000.0,EUR per night,0.891337738058173,0-2 km from Oktoberfest,,,
1440688993724253558,Thalkirchen-Obersendling-Forstenried-Fürstenried-Solln,48.09394,11.53857,Entire home/apt,1,0,,148,104.0,EUR per night,4.298250200434765,2-5 km from Oktoberfest,,,
1440744212935959966,Sendling,48.1239,11.53762,Entire home/apt,1,0,,10,528.0,EUR per night,1.2524995150479499,0-2 km from Oktoberfest,,,
1441150673696773525,Maxvorstadt,48.1428,11.5588,Entire home/apt,1,11,1.56,104,157.0,EUR per night,1.394725371156992,0-2 km from Oktoberfest,,,
1442815789423585674,Maxvorstadt,48.1431909,11.5590262,Entire home/apt,1,81,6.51,162,122.0,EUR per night,1.4408183683726388,0-2 km from Oktoberfest,,,
1444280464847682185,Schwabing-Freimann,48.1753,11.58502,Entire home/apt,1,0,,344,130.0,EUR per night,5.498352452007879,5-10 km from Oktoberfest,,,
1445423411250450818,Maxvorstadt,48.1490699001486,11.574779950457886,Entire home/apt,1,14,1.19,130,248.0,EUR per night,2.6765074363612027,2-5 km from Oktoberfest,,,
1445518839234187721,Thalkirchen-Obersendling-Forstenried-Fürstenried-Solln,48.08757809999999,11.5146745,Private room,1,21,1.75,127,70.0,EUR per night,5.56546084001466,5-10 km from Oktoberfest,,,
1446477130336303806,Maxvorstadt,48.1544454,11.5591666,Entire home/apt,2,3,0.32,7,236.0,EUR per night,2.607516865749891,2-5 km from Oktoberfest,,,
1447045372246914616,Schwabing-West,48.17531,11.57259,Entire home/apt,4,0,,9,106.0,EUR per night,5.121871077263978,5-10 km from Oktoberfest,,,
1447193672470327327,Maxvorstadt,48.14797,11.56198,Entire home/apt,1,21,1.83,22,79.0,EUR per night,2.012602713487058,2-5 km from Oktoberfest,,,
1448458073786193111,Schwabing-West,48.17619,11.573,Entire home/apt,3,5,0.46,3,278.0,EUR per night,5.224256579277965,5-10 km from Oktoberfest,,,
1448720586243155796,Ramersdorf-Perlach,48.11253,11.60956,Private room,1,5,0.52,16,75.0,EUR per night,4.951134820909497,2-5 km from Oktoberfest,,,
1448726862538896043,Maxvorstadt,48.1529,11.58072,Entire home/apt,1,1,0.09,5,219.0,EUR per night,3.2891795734827536,2-5 km from Oktoberfest,,,
1449260096645240582,Berg am Laim,48.12967,11.62889,Entire home/apt,3,0,,86,248.0,EUR per night,5.897153052387636,5-10 km from Oktoberfest,,,
1450133800898594862,Ramersdorf-Perlach,48.09440739999999,11.6419281,Private room,1,9,0.96,340,61.0,EUR per night,8.029093232729426,5-10 km from Oktoberfest,,,
1450641357187492063,Aubing-Lochhausen-Langwied,48.15404660689028,11.420348724287289,Entire home/apt,2,3,0.25,50,133.0,EUR per night,9.894063285040001,5-10 km from Oktoberfest,,,
1450662017859302595,Milbertshofen-Am Hart,48.16976,11.53809,Private room,2,15,1.24,21,97.0,EUR per night,4.294095142390425,2-5 km from Oktoberfest,,,
1451244996278425092,Sendling,48.1110318,11.5378942,Private room,7,2,0.18,55,58.0,EUR per night,2.4751936570532598,2-5 km from Oktoberfest,,,
1451474444030002446,Schwanthalerhöhe,48.1395565,11.5393042,Entire home/apt,2,2,0.22,95,220.0,EUR per night,1.1389814178559927,0-2 km from Oktoberfest,,,
1451478166700778573,Ludwigsvorstadt-Isarvorstadt,48.1285985,11.5725622,Entire home/apt,2,42,3.55,125,444.0,EUR per night,1.750508900511223,0-2 km from Oktoberfest,,,
1452101214767186402,Obergiesing,48.10846,11.5815,Entire home/apt,3,12,1.07,189,119.0,EUR per night,3.5264386384739708,2-5 km from Oktoberfest,,,
1453028012084118990,Neuhausen-Nymphenburg,48.163466302163165,11.540231443941591,Entire home/apt,2,3,0.3,25,160.0,EUR per night,3.5767357042667043,2-5 km from Oktoberfest,,,
1453730161557890679,Maxvorstadt,48.15171,11.5668,Entire home/apt,5,2,0.2,29,112.0,EUR per night,2.549499750968554,2-5 km from Oktoberfest,,,
1454149294785185472,Ludwigsvorstadt-Isarvorstadt,48.13725,11.56106,Entire home/apt,1,36,3.13,284,461.0,EUR per night,1.0439478373391202,0-2 km from Oktoberfest,,,
1454341919641922265,Allach-Untermenzing,48.1961363,11.4832541,Entire home/apt,7,0,,76,350.0,EUR per night,8.66943139531864,5-10 km from Oktoberfest,,,
1454544199999112951,Neuhausen-Nymphenburg,48.14561,11.54162,Entire home/apt,2,4,0.43,68,308.0,EUR per night,1.6327734813855224,0-2 km from Oktoberfest,,,
1454971312734418963,Thalkirchen-Obersendling-Forstenried-Fürstenried-Solln,48.09989686885788,11.500951684623988,Entire home/apt,2,1,0.11,63,69.0,EUR per night,5.064859457745971,5-10 km from Oktoberfest,,,
1455076511126140085,Ludwigsvorstadt-Isarvorstadt,48.13718,11.55501,Entire home/apt,1,0,,183,132.0,EUR per night,0.7154667346849832,0-2 km from Oktoberfest,,,
1455083543685770058,Thalkirchen-Obersendling-Forstenried-Fürstenried-Solln,48.09445,11.49237,Private room,1,4,0.43,360,97.0,EUR per night,5.943915828434715,5-10 km from Oktoberfest,,,
1455632200168780711,Laim,48.12769,11.50451,Private room,1,10,0.89,263,59.0,EUR per night,3.371658665329651,2-5 km from Oktoberfest,,,
1455705816490315391,Tudering-Riem,48.13565999999999,11.66815,Entire home/apt,1,2,0.19,264,119.0,EUR per night,8.81502919941552,5-10 km from Oktoberfest,,,
1455776832913865209,Tudering-Riem,48.13657,11.66913,Entire home/apt,1,1,0.14,280,91.0,EUR per night,8.89293048946274,5-10 km from Oktoberfest,,,
1455882317146794739,Sendling-Westpark,48.10546,11.50353,Entire home/apt,1,5,0.52,16,350.0,EUR per night,4.504279463966994,2-5 km from Oktoberfest,,,
1455925437261960682,Ludwigsvorstadt-Isarvorstadt,48.12906,11.57043,Entire home/apt,2,7,0.66,13,113.0,EUR per night,1.5851070665570721,0-2 km from Oktoberfest,,,
1455982402540922283,Milbertshofen-Am Hart,48.1794308,11.5695493,Entire home/apt,1,58,4.9,124,110.0,EUR per night,5.490450820091063,5-10 km from Oktoberfest,,,
1456253365290528131,Tudering-Riem,48.13593,11.66903,Entire home/apt,1,7,2.08,279,105.0,EUR per night,8.881702551022936,5-10 km from Oktoberfest,,,
1456262948947224887,Tudering-Riem,48.13452,11.66729,Entire home/apt,1,5,0.52,300,105.0,EUR per night,8.746237771245378,5-10 km from Oktoberfest,,,
1456283788140998747,Tudering-Riem,48.13565999999999,11.66815,Entire home/apt,1,15,1.52,288,105.0,EUR per night,8.81502919941552,5-10 km from Oktoberfest,,,
1456426641822867984,Ludwigsvorstadt-Isarvorstadt,48.12017,11.56055,Private room,1,4,0.43,290,189.0,EUR per night,1.5407440345938654,0-2 km from Oktoberfest,,,
1457191262448957803,Bogenhausen,48.14819,11.60817,Entire home/apt,1,32,2.7,111,291.0,EUR per night,4.715216738714423,2-5 km from Oktoberfest,,,
1457387717472349167,Sendling,48.11278,11.55177,Entire home/apt,4,1,0.11,311,112.0,EUR per night,2.132713468514914,2-5 km from Oktoberfest,,,
1457925738093675603,Thalkirchen-Obersendling-Forstenried-Fürstenried-Solln,48.0845,11.4748,Private room,30,2,0.2,61,34.0,EUR per night,7.651218711241596,5-10 km from Oktoberfest,,,
1458565155607601223,Ramersdorf-Perlach,48.10923,11.65149,Private room,1,0,,361,65.0,EUR per night,7.979345092304106,5-10 km from Oktoberfest,,,
1459279189529586066,Pasing-Obermenzing,48.16168,11.45244,Entire home/apt,3,11,0.93,74,69.0,EUR per night,7.925952131029955,5-10 km from Oktoberfest,,,
1459443514248878083,Neuhausen-Nymphenburg,48.15833,11.54168,Entire home/apt,1,2,0.22,135,435.0,EUR per night,2.995606640559481,2-5 km from Oktoberfest,,,
1459461160627682160,Schwabing-West,48.1603979,11.5587283,Entire home/apt,2,1,0.11,348,861.0,EUR per night,3.2419455905633243,2-5 km from Oktoberfest,,,
1459533967253752159,Ludwigsvorstadt-Isarvorstadt,48.13102,11.5642,Entire home/apt,1,35,3.58,11,155.0,EUR per night,1.0953273705855973,0-2 km from Oktoberfest,,,
1459945540942558158,Untergiesing-Harlaching,48.10381,11.5727,Private room,15,1,1.0,32,52.0,EUR per night,3.56680419549589,2-5 km from Oktoberfest,,,
1459979068282377164,Schwanthalerhöhe,48.13491,11.54303,Entire home/apt,2,1,1.0,197,289.0,EUR per night,0.5852890819323064,0-2 km from Oktoberfest,,,
1460582073685939799,Schwabing-West,48.15701881333786,11.575240456478657,Entire home/apt,2,12,1.19,342,330.0,EUR per night,3.383598952805334,2-5 km from Oktoberfest,,,
1460663139320119441,Au-Haidhausen,48.1255156335118,11.5800675110869,Entire home/apt,1,0,,331,130.0,EUR per night,2.3771417455705617,2-5 km from Oktoberfest,,,
1460817138707319470,Thalkirchen-Obersendling-Forstenried-Fürstenried-Solln,48.0987038,11.5321485,Private room,1,1,0.09,79,207.0,EUR per night,3.909552723251682,2-5 km from Oktoberfest,,,
1460845700762992432,Moosach,48.18297,11.4997,Entire home/apt,1,7,0.63,125,89.0,EUR per night,6.774474501356575,5-10 km from Oktoberfest,,,
1461505518799366112,Moosach,48.18468,11.52774,Entire home/apt,10,6,0.63,18,375.0,EUR per night,6.08677165560963,5-10 km from Oktoberfest,,,
1462028367169154665,Maxvorstadt,48.14286,11.55872,Entire home/apt,2,10,1.37,114,201.0,EUR per night,1.3976111592081104,0-2 km from Oktoberfest,,,
1462028414851912712,Maxvorstadt,48.14377,11.55897,Entire home/apt,7,2,0.29,119,152.0,EUR per night,1.4952957753406764,0-2 km from Oktoberfest,,,
1462061639668046605,Maxvorstadt,48.1424,11.56039,Entire home/apt,4,8,0.96,87,207.0,EUR per night,1.4199277581783611,0-2 km from Oktoberfest,,,
1462177241758090449,Maxvorstadt,48.1501852,11.5633561,Entire home/apt,1,2,0.21,335,450.0,EUR per night,2.2783840348618387,2-5 km from Oktoberfest,,,
1462744894595839923,Untergiesing-Harlaching,48.08394710589524,11.553059463300754,Private room,1,8,0.83,356,136.0,EUR per night,5.338664058113712,5-10 km from Oktoberfest,,,
1462953467337764328,Ludwigsvorstadt-Isarvorstadt,48.13174,11.57676,Entire home/apt,1,43,3.7,262,540.0,EUR per night,2.023141406572015,2-5 km from Oktoberfest,,,
1464561299376068792,Ludwigsvorstadt-Isarvorstadt,48.13989,11.55199,Private room,1,0,,349,139.0,EUR per night,0.9074588279879957,0-2 km from Oktoberfest,,,
1465032022453336832,Hadern,48.10415961310056,11.481094296295169,Entire home/apt,3,8,0.73,327,287.0,EUR per night,5.941443863891359,5-10 km from Oktoberfest,,,
1465074026203192169,Obergiesing,48.11074,11.58241,Entire home/apt,1,0,,323,78.0,EUR per night,3.3917071029034056,2-5 km from Oktoberfest,,,
1465102892775012183,Laim,48.14050850706436,11.516605876386166,Private room,1,10,0.96,118,89.0,EUR per night,2.6219600690652594,2-5 km from Oktoberfest,,,
1465245174854910697,Obergiesing,48.11166,11.57774,Entire home/apt,1,4,0.44,313,200.0,EUR per night,3.0755809085305033,2-5 km from Oktoberfest,,,
1466516967779605903,Tudering-Riem,48.13405,11.66896,Entire home/apt,1,29,2.93,349,111.0,EUR per night,8.86858120283396,5-10 km from Oktoberfest,,,
1467201432098787160,Schwabing-Freimann,48.18914,11.58881,Entire home/apt,2,30,2.96,316,396.0,EUR per night,7.000856294148963,5-10 km from Oktoberfest,,,
1467903969122633052,Feldmoching-Hasenbergl,48.19894,11.55079,Private room,1,22,1.98,71,52.0,EUR per night,7.455121800937011,5-10 km from Oktoberfest,,,
1468903763903445425,Allach-Untermenzing,48.18394,11.45336,Entire home/apt,1,36,3.21,228,260.0,EUR per night,9.183656242828398,5-10 km from Oktoberfest,,,
1468906821695636867,Berg am Laim,48.1229,11.65269,Entire home/apt,16,3,0.33,324,95.0,EUR per night,7.723868133328624,5-10 km from Oktoberfest,,,
1468924333508220709,Berg am Laim,48.1228,11.65294,Entire home/apt,14,0,,179,71.0,EUR per night,7.743719647441135,5-10 km from Oktoberfest,,,
1468970874559067565,Schwabing-West,48.1664085,11.5697118,Entire home/apt,1,12,1.29,288,248.0,EUR per night,4.119748488309749,2-5 km from Oktoberfest,,,
1469538951193403880,Schwabing-West,48.15808,11.56691,Entire home/apt,1,3,0.32,21,90.0,EUR per night,3.1848022662689277,2-5 km from Oktoberfest,,,
1469685002929575534,Altstadt-Lehel,48.1347939,11.5704615,Entire home/apt,3,1,0.1,29,110.0,EUR per night,1.5885161838748303,0-2 km from Oktoberfest,,,
1469720799180934716,Schwanthalerhöhe,48.13583286212442,11.54447660160604,Entire home/apt,1,14,1.27,3,158.0,EUR per night,0.5746442157039635,0-2 km from Oktoberfest,,,
1470174911848644127,Ramersdorf-Perlach,48.08421065243916,11.679683717578309,Entire home/apt,1,5,0.52,337,84.0,EUR per night,11.024922673607605,10+ km from Oktoberfest,,,
1470319665528774080,Untergiesing-Harlaching,48.10529,11.5716,Private room,2,0,,14,205.0,EUR per night,3.383260772534895,2-5 km from Oktoberfest,,,
1470330206411981555,Sendling,48.1089,11.53786,Private room,1,18,4.32,134,66.0,EUR per night,2.6994969038766343,2-5 km from Oktoberfest,,,
1470747084139141395,Hadern,48.11523,11.50055,Entire home/apt,3,2,0.22,346,163.0,EUR per night,4.078856109320472,2-5 km from Oktoberfest,,,
1471059422807095961,Neuhausen-Nymphenburg,48.1461982,11.5252859,Entire home/apt,2,30,2.76,272,213.0,EUR per night,2.3991870673713636,2-5 km from Oktoberfest,,,
1471081799109432377,Maxvorstadt,48.14794,11.57412,Entire home/apt,2,19,2.04,118,240.0,EUR per night,2.5531342303966595,2-5 km from Oktoberfest,,,
1471630508720623879,Altstadt-Lehel,48.13478,11.56875,Private room,1,25,2.46,322,198.0,EUR per night,1.4640240095474364,0-2 km from Oktoberfest,,,
1471630509152721354,Altstadt-Lehel,48.1347841,11.5687533,Private room,1,20,1.79,272,174.0,EUR per night,1.464362696808902,0-2 km from Oktoberfest,,,
1471630587262723550,Altstadt-Lehel,48.13478,11.56875,Private room,1,3,2.81,325,238.0,EUR per night,1.4640240095474364,0-2 km from Oktoberfest,,,
1472326234244728570,Ludwigsvorstadt-Isarvorstadt,48.12672,11.55474,Entire home/apt,7,0,,252,198.0,EUR per night,0.6949863959237729,0-2 km from Oktoberfest,,,
1472335279980052073,Neuhausen-Nymphenburg,48.1514,11.54216,Entire home/apt,7,0,,60,276.0,EUR per night,2.2356530249772466,2-5 km from Oktoberfest,,,
1473325274459834258,Maxvorstadt,48.15362840969345,11.563728265464306,Entire home/apt,3,13,1.22,7,200.0,EUR per night,2.6366646954076574,2-5 km from Oktoberfest,,,
1473331360726389717,Pasing-Obermenzing,48.13403,11.45885,Entire home/apt,2,4,0.4,246,177.0,EUR per night,6.731481903675221,5-10 km from Oktoberfest,,,
1473370690466645900,Neuhausen-Nymphenburg,48.14749,11.53629,Private room,1,4,0.44,111,148.0,EUR per night,1.9914660597011498,0-2 km from Oktoberfest,,,
1473825689635274747,Bogenhausen,48.1486,11.62689,Entire home/apt,4,5,1.15,92,76.0,EUR per night,6.035229742747743,5-10 km from Oktoberfest,,,
1473865118280990270,Schwabing-Freimann,48.17047,11.5942,Private room,1,0,,350,48.0,EUR per night,5.421273412737674,5-10 km from Oktoberfest,,,
1474619546658724604,Au-Haidhausen,48.12609546155179,11.582087315618992,Entire home/apt,2,0,,63,169.0,EUR per night,2.5031973643341567,2-5 km from Oktoberfest,,,
1474659955999862447,Schwabing-West,48.16933,11.56486,Entire home/apt,2,4,0.38,14,201.0,EUR per night,4.315197577814653,2-5 km from Oktoberfest,,,
1474671990941125617,Thalkirchen-Obersendling-Forstenried-Fürstenried-Solln,48.09146254771901,11.531956158578396,Entire home/apt,1,0,,349,110.0,EUR per night,4.681290509487515,2-5 km from Oktoberfest,,,
1474726927455170515,Ludwigsvorstadt-Isarvorstadt,48.1253,11.5523,Entire home/apt,4,1,0.11,43,367.0,EUR per night,0.7627416958621367,0-2 km from Oktoberfest,,,
1475231756120126415,Maxvorstadt,48.152415166178095,11.566990190737917,Entire home/apt,1,4,0.45,9,164.0,EUR per night,2.6244895633916356,2-5 km from Oktoberfest,,,
1475496567811096182,Obergiesing,48.09201,11.59797,Entire home/apt,1,3,0.31,240,93.0,EUR per night,5.711709374165277,5-10 km from Oktoberfest,,,
1475528149058667257,Pasing-Obermenzing,48.1634,11.44393,Entire home/apt,183,0,,365,14.0,EUR per night,8.57983946494118,5-10 km from Oktoberfest,,,
1475545209454365230,Maxvorstadt,48.15284,11.57679,Entire home/apt,3,3,0.38,87,100.0,EUR per night,3.0857187536286967,2-5 km from Oktoberfest,,,
1476053973693685142,Bogenhausen,48.136001652506906,11.64843291318226,Entire home/apt,1,62,5.67,298,158.0,EUR per night,7.3560166005793794,5-10 km from Oktoberfest,,,
1476059626717647451,Bogenhausen,48.13625,11.64741,Entire home/apt,2,17,1.57,307,159.0,EUR per night,7.282017854710423,5-10 km from Oktoberfest,,,
1476062144010224066,Bogenhausen,48.13709,11.64706,Entire home/apt,2,23,2.32,285,160.0,EUR per night,7.262867096424644,5-10 km from Oktoberfest,,,
1476064159230648483,Bogenhausen,48.13811,11.6487,Entire home/apt,1,26,2.36,277,191.0,EUR per night,7.393848501461476,5-10 km from Oktoberfest,,,
1476065638687935446,Au-Haidhausen,48.12843,11.59008,Entire home/apt,1,13,1.26,12,154.0,EUR per night,3.036301616058946,2-5 km from Oktoberfest,,,
1476267875504267736,Thalkirchen-Obersendling-Forstenried-Fürstenried-Solln,48.09953,11.5386,Entire home/apt,3,1,0.67,253,109.0,EUR per night,3.6892154095929097,2-5 km from Oktoberfest,,,
1476655624670184071,Bogenhausen,48.13661,11.64913,Entire home/apt,2,34,3.11,312,174.0,EUR per night,7.4120776206023935,5-10 km from Oktoberfest,,,
1476831590322506135,Ludwigsvorstadt-Isarvorstadt,48.12262,11.55923,Entire home/apt,2,0,,5,160.0,EUR per night,1.2594894088375228,0-2 km from Oktoberfest,,,
1476942403960846612,Bogenhausen,48.13836,11.64681,Entire home/apt,1,42,3.89,295,180.0,EUR per night,7.256899701289933,5-10 km from Oktoberfest,,,
1476947941031254584,Bogenhausen,48.1373415,11.6479429,Entire home/apt,1,36,3.31,304,159.0,EUR per night,7.330419050403545,5-10 km from Oktoberfest,,,
1477323925119579584,Ludwigsvorstadt-Isarvorstadt,48.13646123997528,11.5627539196434,Entire home/apt,1,14,1.33,336,276.0,EUR per night,1.1066437186096525,0-2 km from Oktoberfest,,,
1477571964219454916,Thalkirchen-Obersendling-Forstenried-Fürstenried-Solln,48.08776,11.51589,Entire home/apt,1,26,2.64,45,90.0,EUR per night,5.5060726380202345,5-10 km from Oktoberfest,,,
1478159020137597783,Laim,48.13853,11.50199,Entire home/apt,6,1,0.09,233,183.0,EUR per night,3.6019085567365217,2-5 km from Oktoberfest,,,
1478208091335619974,Au-Haidhausen,48.12353138190916,11.587959341704844,Entire home/apt,3,17,2.01,64,179.0,EUR per night,3.0022854709365183,2-5 km from Oktoberfest,,,
1478893841623231210,Obergiesing,48.10182131797149,11.5921598349405,Private room,2,4,0.42,162,234.0,EUR per night,4.606012023372797,2-5 km from Oktoberfest,,,
1478942902861738727,Allach-Untermenzing,48.17495,11.48787,Entire home/apt,5,0,,94,123.0,EUR per night,6.619419369450393,5-10 km from Oktoberfest,,,
1478997209949409170,Milbertshofen-Am Hart,48.1869,11.55988,Private room,1,3,0.32,97,180.0,EUR per night,6.163994234868182,5-10 km from Oktoberfest,,,
1479120122743011215,Au-Haidhausen,48.12113,11.57318,Private room,2,2,0.19,240,86.0,EUR per night,2.1267791160625054,2-5 km from Oktoberfest,,,
1479590070652183151,Schwabing-Freimann,48.19916,11.62435,Entire home/apt,1,0,,88,100.0,EUR per night,9.314036110664995,5-10 km from Oktoberfest,,,
1479823465828075749,Ramersdorf-Perlach,48.10439,11.61193,Entire home/apt,7,1,0.11,16,113.0,EUR per night,5.5529161568699275,5-10 km from Oktoberfest,,,
1479840046035408678,Schwanthalerhöhe,48.13646,11.53371,Entire home/apt,1,0,,7,111.0,EUR per night,1.2767791198493443,0-2 km from Oktoberfest,,,
1479909076465078927,Ludwigsvorstadt-Isarvorstadt,48.12716,11.57405,Private room,1,4,0.43,252,140.0,EUR per night,1.89672703015828,0-2 km from Oktoberfest,,,
1480329049131195672,Schwabing-Freimann,48.17459,11.58527,Entire home/apt,1,4,0.43,240,323.0,EUR per night,5.438225740908035,5-10 km from Oktoberfest,,,
1480653932857009302,Schwabing-Freimann,48.16221,11.58953,Entire home/apt,1,5,0.54,361,423.0,EUR per night,4.492136236092574,2-5 km from Oktoberfest,,,
1480718283435734483,Sendling-Westpark,48.11319062685212,11.51014289945723,Private room,3,2,1.15,334,132.0,EUR per night,3.586412822065442,2-5 km from Oktoberfest,,,
1480918131325038622,Bogenhausen,48.15778574133405,11.646525710821152,Entire home/apt,7,1,0.1,265,77.0,EUR per night,7.752917009133486,5-10 km from Oktoberfest,,,
1481014139793993237,Neuhausen-Nymphenburg,48.15758,11.52936,Private room,30,1,0.13,333,39.0,EUR per night,3.222838742629058,2-5 km from Oktoberfest,,,
1481046371034546339,Sendling-Westpark,48.11921,11.50962,Entire home/apt,1,22,2.15,12,562.0,EUR per night,3.279131097446612,2-5 km from Oktoberfest,,,
1481736414006813570,Altstadt-Lehel,48.14793,11.59418,Entire home/apt,1,3,1.64,186,410.0,EUR per night,3.764124630893605,2-5 km from Oktoberfest,,,
1481817725045731485,Schwabing-West,48.16405,11.57343,Entire home/apt,1,18,1.9,217,119.0,EUR per night,3.991488431771401,2-5 km from Oktoberfest,,,
1481945076287712255,Au-Haidhausen,48.1283531,11.5946491,Private room,3,5,0.53,36,54.0,EUR per night,3.373919444456901,2-5 km from Oktoberfest,,,
1481955549924543981,Sendling,48.126683366552726,11.542644761502745,Entire home/apt,2,6,0.65,86,245.0,EUR per night,0.7715746312462137,0-2 km from Oktoberfest,,,
1482406937254144660,Ludwigsvorstadt-Isarvorstadt,48.130909058357545,11.577459163963796,Private room,1,14,1.43,356,142.0,EUR per night,2.077891058761851,2-5 km from Oktoberfest,,,
1482463652901557569,Neuhausen-Nymphenburg,48.15931,11.54804,Entire home/apt,1,0,,360,129.0,EUR per night,3.0497772649250177,2-5 km from Oktoberfest,,,
1482590042767961959,Au-Haidhausen,48.12633939511162,11.578358900850246,Entire home/apt,3,2,0.2,14,155.0,EUR per night,2.229298105077018,2-5 km from Oktoberfest,,,
1483215951121899316,Moosach,48.18414876267044,11.530888423387935,Entire home/apt,1,120,11.18,114,103.0,EUR per night,5.971565991033486,5-10 km from Oktoberfest,,,
1483267240669464009,Milbertshofen-Am Hart,48.17934,11.58299,Private room,2,0,,308,45.0,EUR per night,5.8307891012248385,5-10 km from Oktoberfest,,,
1483523270604028193,Schwabing-West,48.16415,11.57138,Entire home/apt,1,3,0.32,360,355.0,EUR per night,3.93633068268755,2-5 km from Oktoberfest,,,
1484183003361523093,Sendling-Westpark,48.12097007207357,11.526143149701255,Entire home/apt,3,1,0.11,362,508.0,EUR per night,2.1171619547220546,2-5 km from Oktoberfest,,,
1484209463525602893,Moosach,48.18367808771364,11.53124248226475,Entire home/apt,1,14,1.46,107,137.0,EUR per night,5.914592362649925,5-10 km from Oktoberfest,,,
1484604630579100499,Schwabing-West,48.17730321328502,11.57545193257477,Entire home/apt,5,2,0.22,23,600.0,EUR per night,5.403199539661317,5-10 km from Oktoberfest,,,
1484645560500916125,Moosach,48.18344,11.53202,Entire home/apt,2,1,0.16,210,136.0,EUR per night,5.875830129590936,5-10 km from Oktoberfest,,,
1484712995682400261,Ramersdorf-Perlach,48.10302,11.62251,Entire home/apt,1,1,0.11,107,356.0,EUR per night,6.299784937355542,5-10 km from Oktoberfest,,,
1484815729566314351,Thalkirchen-Obersendling-Forstenried-Fürstenried-Solln,48.0852553,11.4798679,Private room,1,5,0.53,74,128.0,EUR per night,7.323261025495655,5-10 km from Oktoberfest,,,
1484972161223593183,Ludwigsvorstadt-Isarvorstadt,48.13661065133897,11.558097074370808,Entire home/apt,1,28,2.74,340,126.0,EUR per night,0.8254682793525525,0-2 km from Oktoberfest,,,
1485324676464414815,Pasing-Obermenzing,48.1639383,11.4742322,Entire home/apt,1,3,0.48,179,120.0,EUR per night,6.623748241297149,5-10 km from Oktoberfest,,,
1485502936799406261,Sendling,48.1230092,11.5457482,Entire home/apt,1,28,3.59,329,263.0,EUR per night,1.0270795638527226,0-2 km from Oktoberfest,,,
1485594178387247866,Altstadt-Lehel,48.1384713,11.5657418,Entire home/apt,1,32,3.36,219,478.0,EUR per night,1.4094766144399773,0-2 km from Oktoberfest,,,
1485667478453973975,Berg am Laim,48.12932,11.63189,Entire home/apt,1,20,1.96,246,364.0,EUR per night,6.1213298925523105,5-10 km from Oktoberfest,,,
1486024314498857189,Pasing-Obermenzing,48.13647,11.45842,Entire home/apt,2,0,,352,350.0,EUR per night,6.77813987430673,5-10 km from Oktoberfest,,,
1486066266453590550,Neuhausen-Nymphenburg,48.15462,11.53343,Entire home/apt,4,3,0.33,179,256.0,EUR per night,2.793587200848994,2-5 km from Oktoberfest,,,
1486073683067875904,Ramersdorf-Perlach,48.10384,11.62112,Entire home/apt,1,1,0.17,109,356.0,EUR per night,6.164550607300579,5-10 km from Oktoberfest,,,
1486120687952407501,Moosach,48.17245,11.51184,Entire home/apt,2,28,2.78,279,95.0,EUR per night,5.304324233638561,5-10 km from Oktoberfest,,,
1486217771224442259,Au-Haidhausen,48.124855,11.57885975396729,Entire home/apt,1,11,1.17,65,207.0,EUR per night,2.315573207677937,2-5 km from Oktoberfest,,,
1486224079764921075,Aubing-Lochhausen-Langwied,48.14994,11.38669,Entire home/apt,2,4,0.45,346,598.0,EUR per night,12.245985293063752,10+ km from Oktoberfest,,,
1486233201883002437,Aubing-Lochhausen-Langwied,48.15169,11.38699,Entire home/apt,2,1,0.54,339,213.0,EUR per night,12.257259541481377,10+ km from Oktoberfest,,,
1486286953090814903,Ramersdorf-Perlach,48.1054383,11.6549891,Entire home/apt,2,0,,362,415.0,EUR per night,8.365292090957913,5-10 km from Oktoberfest,,,
1486376724978275782,Bogenhausen,48.16044019877688,11.619073636829851,Entire home/apt,2,22,2.65,31,550.0,EUR per night,6.059384569442042,5-10 km from Oktoberfest,,,
1486418089066723350,Maxvorstadt,48.15265032813501,11.577759236097336,Entire home/apt,1,1,0.11,7,150.0,EUR per night,3.117742498485169,2-5 km from Oktoberfest,,,
1486868867075034241,Au-Haidhausen,48.13275,11.59906,Entire home/apt,1,9,0.97,310,558.0,EUR per night,3.6792048201440717,2-5 km from Oktoberfest,,,
1486898353103057489,Maxvorstadt,48.15433,11.57562,Entire home/apt,1,0,,342,203.0,EUR per night,3.1585627161316423,2-5 km from Oktoberfest,,,
1487516089499644384,Obergiesing,48.116262103140336,11.592184491455557,Entire home/apt,1,6,0.65,335,496.0,EUR per night,3.6140572684817434,2-5 km from Oktoberfest,,,
1488626753097791749,Obergiesing,48.11826463937072,11.582861196531256,Entire home/apt,1,10,1.08,177,115.0,EUR per night,2.903493972475757,2-5 km from Oktoberfest,,,
1489073106842294971,Ludwigsvorstadt-Isarvorstadt,48.12984,11.55878,Entire home/apt,1,6,0.58,28,408.0,EUR per night,0.72580829822357,0-2 km from Oktoberfest,,,
1489246520971813971,Altstadt-Lehel,48.13261,11.56792,Private room,5,0,,227,142.0,EUR per night,1.3692810863482252,0-2 km from Oktoberfest,,,
1489749978042306345,Schwabing-West,48.16301,11.56762,Entire home/apt,1,10,1.08,7,600.0,EUR per night,3.711311214402843,2-5 km from Oktoberfest,,,
1489841557007089472,Schwabing-Freimann,48.2050477,11.5996344,Entire home/apt,1,3,0.34,61,177.0,EUR per night,8.943143612559966,5-10 km from Oktoberfest,,,
1489893024739646492,Sendling,48.10701,11.5364,Private room,2,23,2.49,93,66.0,EUR per night,2.9335073747750338,2-5 km from Oktoberfest,,,
1489963154452800698,Berg am Laim,48.12953,11.63137,Entire home/apt,1,27,2.65,207,496.0,EUR per night,6.08171159707158,5-10 km from Oktoberfest,,,
1490151457154149672,Berg am Laim,48.12809,11.6323,Entire home/apt,1,22,2.32,254,397.0,EUR per night,6.159691848098581,5-10 km from Oktoberfest,,,
1490383733087519784,Ramersdorf-Perlach,48.09806,11.6118,Entire home/apt,3,2,0.22,339,106.0,EUR per night,5.962363893140431,5-10 km from Oktoberfest,,,
1490498414288590492,Berg am Laim,48.12755,11.6303,Entire home/apt,1,18,1.99,188,782.0,EUR per night,6.016180638881618,5-10 km from Oktoberfest,,,
1490642233431654494,Maxvorstadt,48.14538,11.56036,Private room,2,2,0.23,85,142.0,EUR per night,1.7017998695277736,0-2 km from Oktoberfest,,,
1491416705605309634,Ludwigsvorstadt-Isarvorstadt,48.1207859,11.5592772,Entire home/apt,1,9,0.96,16,367.0,EUR per night,1.4331396430369516,0-2 km from Oktoberfest,,,
1491423428568489985,Schwabing-Freimann,48.1639035,11.5853314,Entire home/apt,3,12,1.36,343,156.0,EUR per night,4.441916427189518,2-5 km from Oktoberfest,,,
1491459192956015261,Laim,48.1429,11.49368,Private room,1,3,0.32,86,179.0,EUR per night,4.318972068712041,2-5 km from Oktoberfest,,,
1491532331689843540,Maxvorstadt,48.15299650973299,11.576654707810858,Entire home/apt,3,13,1.42,313,152.0,EUR per night,3.0923197966251608,2-5 km from Oktoberfest,,,
1491538719015345175,Ludwigsvorstadt-Isarvorstadt,48.1342452,11.5588941,Entire home/apt,1,12,1.24,146,950.0,EUR per night,0.7443290555332377,0-2 km from Oktoberfest,,,
1491875195596354447,Altstadt-Lehel,48.13401293261728,11.56915806233883,Entire home/apt,2,1,0.11,63,400.0,EUR per night,1.4776614320586237,0-2 km from Oktoberfest,,,
1491918258737463686,Untergiesing-Harlaching,48.11801,11.57168,Private room,24,0,,264,16.0,EUR per night,2.2573666072611536,2-5 km from Oktoberfest,,,
1491938129375843124,Ludwigsvorstadt-Isarvorstadt,48.137435543416494,11.560436021673851,Entire home/apt,21,0,,362,96.0,EUR per night,1.0185747436056318,0-2 km from Oktoberfest,,,
1491962595018222356,Berg am Laim,48.12799,11.61956,Private room,2,0,,278,90.0,EUR per night,5.2177410498833,5-10 km from Oktoberfest,,,
1491983574023183319,Berg am Laim,48.13144,11.6181,Entire home/apt,2,2,0.22,29,63.0,EUR per night,5.091325745369008,5-10 km from Oktoberfest,,,
1492035481084196704,Ramersdorf-Perlach,48.10828979999999,11.6201518,Entire home/apt,1,26,2.66,233,128.0,EUR per night,5.864929297316688,5-10 km from Oktoberfest,,,
1492047809695716701,Ludwigsvorstadt-Isarvorstadt,48.12152647405821,11.560414361234644,Private room,1,1,0.1,240,90.0,EUR per night,1.4095194947044922,0-2 km from Oktoberfest,,,
1492053547455034199,Ludwigsvorstadt-Isarvorstadt,48.12952,11.55694,Entire home/apt,2,29,3.11,231,270.0,EUR per night,0.6123058425598188,0-2 km from Oktoberfest,,,
1492056114723839325,Sendling,48.1178,11.54765,Entire home/apt,1,4,0.44,292,322.0,EUR per night,1.573850023818399,0-2 km from Oktoberfest,,,
1492126749005299040,Ludwigsvorstadt-Isarvorstadt,48.13307,11.58036,Entire home/apt,2,2,0.22,286,372.0,EUR per night,2.293894757029536,2-5 km from Oktoberfest,,,
1492168527784327810,Altstadt-Lehel,48.13751,11.56639,Entire home/apt,1,44,4.62,233,517.0,EUR per night,1.4000486736466502,0-2 km from Oktoberfest,,,
1492171845072914732,Tudering-Riem,48.10607,11.66405,Private room,1,129,13.03,291,46.0,EUR per night,8.975262005589066,5-10 km from Oktoberfest,,,
1492208672432766195,Ludwigsvorstadt-Isarvorstadt,48.12875,11.5553,Entire home/apt,2,29,3.21,230,385.0,EUR per night,0.5549534964151275,0-2 km from Oktoberfest,,,
1492217331862972066,Ludwigsvorstadt-Isarvorstadt,48.12957,11.55513,Entire home/apt,2,29,3.13,260,335.0,EUR per night,0.49163783972597663,0-2 km from Oktoberfest,,,
1492219768764965521,Ludwigsvorstadt-Isarvorstadt,48.13034,11.5571,Entire home/apt,2,43,4.61,185,506.0,EUR per night,0.5901024952061249,0-2 km from Oktoberfest,,,
1492221995340850486,Ludwigsvorstadt-Isarvorstadt,48.13037,11.55499,Entire home/apt,2,25,2.67,263,349.0,EUR per night,0.44153085509487566,0-2 km from Oktoberfest,,,
1492247406182120776,Thalkirchen-Obersendling-Forstenried-Fürstenried-Solln,48.09239794533671,11.495035348482416,Entire home/apt,1,14,1.49,323,122.0,EUR per night,5.970247389244585,5-10 km from Oktoberfest,,,
1492614672661930151,Allach-Untermenzing,48.18564269631069,11.47717577689862,Private room,4,9,0.95,243,73.0,EUR per night,8.030613058051575,5-10 km from Oktoberfest,,,
1492746599646048109,Ludwigsvorstadt-Isarvorstadt,48.1377,11.5521,Entire home/apt,1,65,6.79,330,121.0,EUR per night,0.6731737607951486,0-2 km from Oktoberfest,,,
1492764479056063234,Untergiesing-Harlaching,48.1182023,11.5688939,Entire home/apt,2,5,0.55,152,177.0,EUR per night,2.095706208276801,2-5 km from Oktoberfest,,,
1492823252799650668,Ludwigsvorstadt-Isarvorstadt,48.1377004,11.5520946,Entire home/apt,1,19,1.99,324,100.0,EUR per night,0.6731016325458435,0-2 km from Oktoberfest,,,
1492826245656521401,Ludwigsvorstadt-Isarvorstadt,48.1377004,11.5520946,Entire home/apt,1,22,2.31,330,101.0,EUR per night,0.6731016325458435,0-2 km from Oktoberfest,,,
1492829106915440842,Ludwigsvorstadt-Isarvorstadt,48.1377004,11.5520946,Entire home/apt,1,48,4.93,328,116.0,EUR per night,0.6731016325458435,0-2 km from Oktoberfest,,,
1492916258154986609,Ludwigsvorstadt-Isarvorstadt,48.1377004,11.5520946,Entire home/apt,1,3,0.32,324,174.0,EUR per night,0.6731016325458435,0-2 km from Oktoberfest,,,
1492917937823185522,Au-Haidhausen,48.12622151877566,11.591590999538123,Entire home/apt,2,14,1.46,53,120.0,EUR per night,3.187067175237677,2-5 km from Oktoberfest,,,
1492928295664324683,Ludwigsvorstadt-Isarvorstadt,48.1377004,11.5520946,Entire home/apt,1,3,0.34,316,288.0,EUR per night,0.6731016325458435,0-2 km from Oktoberfest,,,
1493192086898978987,Laim,48.14195250477648,11.513846529274163,Private room,1,4,0.41,193,200.0,EUR per night,2.8721472040707505,2-5 km from Oktoberfest,,,
1493378844828793762,Sendling,48.12301,11.54575,Entire home/apt,1,6,0.72,208,618.0,EUR per night,1.026957724292048,0-2 km from Oktoberfest,,,
1493406722512429221,Altstadt-Lehel,48.1395059,11.5720953,Entire home/apt,2,12,1.29,288,402.0,EUR per night,1.8779695340196065,0-2 km from Oktoberfest,,,
1493435091076577915,Sendling-Westpark,48.12559,11.53632,Entire home/apt,1,3,0.32,92,330.0,EUR per night,1.2038115471424051,0-2 km from Oktoberfest,,,
1493529163903282177,Neuhausen-Nymphenburg,48.14980101009733,11.536221491087108,Entire home/apt,7,0,,317,62.0,EUR per night,2.2210040087783307,2-5 km from Oktoberfest,,,
1493555226105727758,Thalkirchen-Obersendling-Forstenried-Fürstenried-Solln,48.08621613295893,11.519318595528604,Entire home/apt,2,1,0.11,141,180.0,EUR per night,5.552115113222379,5-10 km from Oktoberfest,,,
1493600412220834499,Ludwigsvorstadt-Isarvorstadt,48.13492,11.56047,Entire home/apt,1,30,5.08,199,199.0,EUR per night,0.8806380021217292,0-2 km from Oktoberfest,,,
1493641705977976000,Schwanthalerhöhe,48.13748,11.54647,Entire home/apt,1,10,1.13,247,105.0,EUR per night,0.6599543823178099,0-2 km from Oktoberfest,,,
1493662854064285397,Tudering-Riem,48.118324052578686,11.673577800393105,Entire home/apt,1,20,2.0,346,276.0,EUR per night,9.332365650357161,5-10 km from Oktoberfest,,,
1493690986790664920,Sendling-Westpark,48.11963097918245,11.535718962550163,Shared room,1,3,0.32,87,90.0,EUR per night,1.7051190354632648,0-2 km from Oktoberfest,,,
1494008291401176922,Altstadt-Lehel,48.14,11.59145,Entire home/apt,2,6,0.58,222,140.0,EUR per night,3.2406879735119927,2-5 km from Oktoberfest,,,
1494234931225356451,Laim,48.1419542,11.5013595,Entire home/apt,2,4,0.43,362,621.0,EUR per night,3.7431774907472115,2-5 km from Oktoberfest,,,
1494436458849629806,Ludwigsvorstadt-Isarvorstadt,48.12967,11.57397,Entire home/apt,1,1,0.13,81,283.0,EUR per night,1.8328943074218,0-2 km from Oktoberfest,,,
1494777488944055146,Bogenhausen,48.17332,11.63773,Entire home/apt,3,3,0.32,345,96.0,EUR per night,8.003265262595932,5-10 km from Oktoberfest,,,
1494803433792736369,Laim,48.13021,11.51056,Private room,2,11,4.58,78,58.0,EUR per night,2.896024611531753,2-5 km from Oktoberfest,,,
1494892927859447093,Bogenhausen,48.15552,11.6333,Private room,1,0,,351,120.0,EUR per night,6.749622595249558,5-10 km from Oktoberfest,,,
1494934671223829423,Allach-Untermenzing,48.18374684309844,11.453832227539053,Entire home/apt,1,15,1.77,179,358.0,EUR per night,9.142935206160782,5-10 km from Oktoberfest,,,
1494973872434959964,Ludwigsvorstadt-Isarvorstadt,48.1342452,11.5588941,Private room,1,9,0.94,145,900.0,EUR per night,0.7443290555332377,0-2 km from Oktoberfest,,,
1495606574796209264,Thalkirchen-Obersendling-Forstenried-Fürstenried-Solln,48.07649,11.51696,Entire home/apt,6,0,,14,656.0,EUR per night,6.618143247409269,5-10 km from Oktoberfest,,,
1495862335042440880,Bogenhausen,48.13922,11.61958,Private room,1,1,0.11,357,140.0,EUR per night,5.263822452214526,5-10 km from Oktoberfest,,,
1496307290812400436,Schwanthalerhöhe,48.13949,11.53544,Entire home/apt,15,0,,90,199.0,EUR per night,1.341974071799288,0-2 km from Oktoberfest,,,
1496466288627634791,Ludwigsvorstadt-Isarvorstadt,48.1250965,11.5519126,Private room,10,0,,333,52.0,EUR per night,0.7774166952389909,0-2 km from Oktoberfest,,,
1496496033112644669,Ludwigsvorstadt-Isarvorstadt,48.12774,11.55934,Private room,4,0,,20,99.0,EUR per night,0.8644628052461817,0-2 km from Oktoberfest,,,
1496618468529003605,Thalkirchen-Obersendling-Forstenried-Fürstenried-Solln,48.09197,11.50274,Entire home/apt,1,47,5.0,70,391.0,EUR per night,5.6360917965973085,5-10 km from Oktoberfest,,,
1496967519827498327,Neuhausen-Nymphenburg,48.16359,11.52179,Private room,1,22,2.35,16,101.0,EUR per night,4.079624602387046,2-5 km from Oktoberfest,,,
1497053586189950896,Altstadt-Lehel,48.13510802189245,11.578360002308058,Entire home/apt,3,17,1.75,169,150.0,EUR per night,2.171238008210158,2-5 km from Oktoberfest,,,
1497096177891714012,Schwabing-Freimann,48.1662072,11.5810003,Entire home/apt,1,2,0.32,8,277.0,EUR per night,4.4737018676039995,2-5 km from Oktoberfest,,,
1497117667484707966,Thalkirchen-Obersendling-Forstenried-Fürstenried-Solln,48.10258,11.54511,Private room,1,0,,93,80.0,EUR per night,3.2764826166042464,2-5 km from Oktoberfest,,,
1497146699410565271,Maxvorstadt,48.15288199999838,11.565830432890149,Entire home/apt,2,8,0.85,135,142.0,EUR per night,2.628975655035894,2-5 km from Oktoberfest,,,
1497195868758477665,Au-Haidhausen,48.1251478,11.578669,Entire home/apt,1,4,0.42,285,158.0,EUR per night,2.2913759920871186,2-5 km from Oktoberfest,,,
1497213468202835964,Schwanthalerhöhe,48.137508399387336,11.543572470545769,Entire home/apt,1,1,0.11,364,400.0,EUR per night,0.7631527359737945,0-2 km from Oktoberfest,,,
1497788735824560522,Maxvorstadt,48.1547876,11.5729899,Entire home/apt,2,25,2.64,8,876.0,EUR per night,3.084570685437247,2-5 km from Oktoberfest,,,
1497879535591146354,Milbertshofen-Am Hart,48.184405970048665,11.548297414938038,Entire home/apt,2,10,1.08,324,138.0,EUR per night,5.839078890961298,5-10 km from Oktoberfest,,,
1497976175651667162,Laim,48.14172,11.50507,Entire home/apt,1,0,,29,214.0,EUR per night,3.4731061867041415,2-5 km from Oktoberfest,,,
1499080538056280028,Pasing-Obermenzing,48.14854,11.46322,Entire home/apt,1,33,3.67,45,112.0,EUR per night,6.664118167666397,5-10 km from Oktoberfest,,,
1499171461041736432,Obergiesing,48.11237,11.5777,Entire home/apt,2,3,0.32,15,624.0,EUR per night,3.0162180064004653,2-5 km from Oktoberfest,,,
1499217585423880982,Bogenhausen,48.1412,11.63859,Entire home/apt,1,1,0.11,356,430.0,EUR per night,6.691471450196339,5-10 km from Oktoberfest,,,
1499233040108699590,Tudering-Riem,48.11535225962055,11.648695234684078,Entire home/apt,2,13,1.37,106,121.0,EUR per night,7.5892475320261275,5-10 km from Oktoberfest,,,
1499331588469600811,Pasing-Obermenzing,48.14479847757954,11.448679183530384,Entire home/apt,2,16,1.64,288,93.0,EUR per night,7.617564520631189,5-10 km from Oktoberfest,,,
1499634035770620129,Pasing-Obermenzing,48.1452058,11.4730576,Entire home/apt,1,27,2.83,192,140.0,EUR per night,5.862105181091862,5-10 km from Oktoberfest,,,
1499760293210268329,Maxvorstadt,48.14567,11.56247,Entire home/apt,1,6,0.62,12,750.0,EUR per night,1.8085036135553298,0-2 km from Oktoberfest,,,
1499780025792818260,Altstadt-Lehel,48.13388225984807,11.579793691635132,Entire home/apt,1,18,1.87,47,224.0,EUR per night,2.2589369033587645,2-5 km from Oktoberfest,,,
1499886794083044306,Ludwigsvorstadt-Isarvorstadt,48.13258,11.57565,Entire home/apt,3,10,1.07,9,220.0,EUR per night,1.942142645022518,0-2 km from Oktoberfest,,,
1499911326624859806,Sendling,48.10515,11.5384,Entire home/apt,2,0,,358,503.0,EUR per night,3.0864847367923196,2-5 km from Oktoberfest,,,
1499957759415007477,Sendling-Westpark,48.10952349999999,11.5307996,Private room,1,3,0.32,362,249.0,EUR per night,2.8491746589383915,2-5 km from Oktoberfest,,,
1500031561158553528,Untergiesing-Harlaching,48.11471267677986,11.567218825221062,Entire home/apt,1,14,1.53,322,223.0,EUR per night,2.3199588005336444,2-5 km from Oktoberfest,,,
1500072086315705647,Moosach,48.18399,11.52543,Entire home/apt,2,12,1.25,84,561.0,EUR per night,6.061074712875338,5-10 km from Oktoberfest,,,
1500093467544243121,Ramersdorf-Perlach,48.1001647,11.6497171,Entire home/apt,2,9,1.03,19,213.0,EUR per night,8.234225591442407,5-10 km from Oktoberfest,,,
1500106295577481642,Schwabing-West,48.16603789712145,11.57495437386889,Entire home/apt,1,10,1.02,264,489.0,EUR per night,4.239750905391246,2-5 km from Oktoberfest,,,
1500109428678332208,Au-Haidhausen,48.12699689807452,11.58863827586174,Entire home/apt,2,2,0.21,156,213.0,EUR per night,2.9554496542462303,2-5 km from Oktoberfest,,,
1500686090731452679,Maxvorstadt,48.15176187047099,11.5518718957901,Entire home/apt,2,2,0.22,348,162.0,EUR per night,2.2155403269818708,2-5 km from Oktoberfest,,,
1500759960089129337,Au-Haidhausen,48.1306,11.60142,Entire home/apt,1,4,0.43,356,250.0,EUR per night,3.85592418071998,2-5 km from Oktoberfest,,,
1500859470302173653,Pasing-Obermenzing,48.1622778,11.4727727,Entire home/apt,1,0,,361,78.0,EUR per night,6.619264619838088,5-10 km from Oktoberfest,,,
1500888210194484075,Maxvorstadt,48.15007214522233,11.564740314551068,Private room,3,6,0.76,83,100.0,EUR per night,2.315560413699426,2-5 km from Oktoberfest,,,
1501261678593548273,Ramersdorf-Perlach,48.10982,11.63623,Entire home/apt,4,1,0.11,67,290.0,EUR per night,6.890191831044569,5-10 km from Oktoberfest,,,
1501331255176090678,Tudering-Riem,48.13853,11.6821,Private room,1,0,,360,68.0,EUR per night,9.867651555503398,5-10 km from Oktoberfest,,,
1501336322165580112,Moosach,48.1791985,11.527086,Entire home/apt,4,0,,75,159.0,EUR per night,5.515905910898301,5-10 km from Oktoberfest,,,
1501349901262271056,Ludwigsvorstadt-Isarvorstadt,48.13815,11.55189,Entire home/apt,1,0,,246,200.0,EUR per night,0.7172428520370528,0-2 km from Oktoberfest,,,
1501359534299042302,Ludwigsvorstadt-Isarvorstadt,48.12459,11.55129,Entire home/apt,3,1,0.11,302,239.0,EUR per night,0.8236201493109061,0-2 km from Oktoberfest,,,
1501362705370009074,Bogenhausen,48.17114,11.64525,Entire home/apt,2,9,0.94,31,158.0,EUR per night,8.33631287358915,5-10 km from Oktoberfest,,,
1501419862379303822,Allach-Untermenzing,48.18864,11.47322,Entire home/apt,1,6,0.64,13,378.0,EUR per night,8.47452479241138,5-10 km from Oktoberfest,,,
1501439793101131725,Schwabing-Freimann,48.16658,11.58923,Private room,1,2,0.22,362,217.0,EUR per night,4.85369768368285,2-5 km from Oktoberfest,,,
1501456142178922312,Altstadt-Lehel,48.13341,11.58433,Entire home/apt,2,14,1.53,16,725.0,EUR per night,2.5902658283075333,2-5 km from Oktoberfest,,,
1501500569830117388,Bogenhausen,48.15831,11.65072,Entire home/apt,1,4,0.43,353,201.0,EUR per night,8.063710482379976,5-10 km from Oktoberfest,,,
1501512930991022822,Feldmoching-Hasenbergl,48.2021484416959,11.539133028551626,Private room,1,4,0.43,34,123.0,EUR per night,7.849016690596415,5-10 km from Oktoberfest,,,
1501538149124244649,Sendling-Westpark,48.11889,11.52964,Private room,1,0,,351,100.0,EUR per night,2.0653468455053874,2-5 km from Oktoberfest,,,
1501553972301522459,Altstadt-Lehel,48.1354,11.58808,Private room,2,4,0.43,185,120.0,EUR per night,2.889389408282912,2-5 km from Oktoberfest,,,
1501560865701375381,Au-Haidhausen,48.12668,11.58886,Entire home/apt,3,16,2.18,23,98.0,EUR per night,2.978299749922161,2-5 km from Oktoberfest,,,
1501570847500534568,Untergiesing-Harlaching,48.106844,11.577456,Entire home/apt,4,1,0.11,346,206.0,EUR per night,3.474030245484586,2-5 km from Oktoberfest,,,
1501579585014443421,Ramersdorf-Perlach,48.0987939,11.6280414,Private room,1,16,1.64,63,74.0,EUR per night,6.895552173863356,5-10 km from Oktoberfest,,,
1501885328126927301,Milbertshofen-Am Hart,48.2074973,11.5713946,Private room,2,6,0.62,361,62.0,EUR per night,8.561411984911627,5-10 km from Oktoberfest,,,
1501977315994898885,Schwabing-West,48.16291,11.56703,Entire home/apt,2,0,,351,280.0,EUR per night,3.6852750634434996,2-5 km from Oktoberfest,,,
1502014512922954288,Ludwigsvorstadt-Isarvorstadt,48.1289755,11.5587113,Private room,2,44,4.46,169,113.0,EUR per night,0.7570255497147053,0-2 km from Oktoberfest,,,
1502038326699708898,Maxvorstadt,48.15343363174324,11.571322410142365,Entire home/apt,2,1,0.11,24,327.0,EUR per night,2.890507688181139,2-5 km from Oktoberfest,,,
1502047564373939879,Pasing-Obermenzing,48.14832838628444,11.455177321992206,Entire home/apt,7,1,0.11,22,100.0,EUR per night,7.233365034192586,5-10 km from Oktoberfest,,,
1502264706991307318,Ludwigsvorstadt-Isarvorstadt,48.13803,11.56237,Entire home/apt,1,4,0.41,15,370.0,EUR per night,1.1733595491279558,0-2 km from Oktoberfest,,,
1502703560320848763,Bogenhausen,48.14406,11.60084,Private room,1,0,,42,247.0,EUR per night,4.04250430720115,2-5 km from Oktoberfest,,,
1502771483270112083,Neuhausen-Nymphenburg,48.14557,11.54077,Private room,1,118,19.03,295,74.0,EUR per night,1.6523156720178762,0-2 km from Oktoberfest,,,
1502771619050736832,Ludwigsvorstadt-Isarvorstadt,48.13895,11.55348,Private room,1,264,36.0,351,128.0,EUR per night,0.8377162434172815,0-2 km from Oktoberfest,,,
1502771743551402803,Laim,48.1441,11.49503,Private room,1,172,19.33,311,84.0,EUR per night,4.263507319192619,2-5 km from Oktoberfest,,,
1502798904830631033,Obergiesing,48.116229046681084,11.579043364418013,Entire home/apt,5,3,0.34,105,213.0,EUR per night,2.800894145199274,2-5 km from Oktoberfest,,,
1502805905430084893,Hadern,48.11923,11.49109,Private room,1,0,,365,115.0,EUR per night,4.558513715540369,2-5 km from Oktoberfest,,,
1502860753457336911,Maxvorstadt,48.1472554,11.5762598,Private room,1,2,0.22,212,200.0,EUR per night,2.6188035760304706,2-5 km from Oktoberfest,,,
1502978621430386745,Schwabing-Freimann,48.15825,11.5828,Entire home/apt,3,0,,282,700.0,EUR per night,3.832630486270548,2-5 km from Oktoberfest,,,
1503024963806093527,Ludwigsvorstadt-Isarvorstadt,48.12631,11.57295,Entire home/apt,1,14,1.49,141,294.0,EUR per night,1.848068713394263,0-2 km from Oktoberfest,,,
1503091292492703137,Moosach,48.18225,11.52563,Private room,2,0,,13,298.0,EUR per night,5.8719754087101155,5-10 km from Oktoberfest,,,
1503183596691898571,Ramersdorf-Perlach,48.10127718318331,11.616068677229396,Entire home/apt,1,3,0.32,346,175.0,EUR per night,6.0013148750426515,5-10 km from Oktoberfest,,,
1503604812177493955,Untergiesing-Harlaching,48.11273,11.57085,Entire home/apt,2,2,0.22,363,139.0,EUR per night,2.6561612037844826,2-5 km from Oktoberfest,,,
1503612773018057380,Ramersdorf-Perlach,48.10924,11.65142,Entire home/apt,1,2,0.22,194,210.0,EUR per night,7.974063147960611,5-10 km from Oktoberfest,,,
1503697947748609042,Sendling-Westpark,48.11854,11.53291,Private room,2,1,0.11,4,111.0,EUR per night,1.9295475426000706,0-2 km from Oktoberfest,,,
1503701209700796050,Ludwigsvorstadt-Isarvorstadt,48.13757,11.56303,Entire home/apt,4,4,0.44,40,219.0,EUR per night,1.1855892659694929,0-2 km from Oktoberfest,,,
1504201656501652369,Maxvorstadt,48.15066098611415,11.566009456524633,Entire home/apt,1,17,2.49,229,83.0,EUR per night,2.4192044975505453,2-5 km from Oktoberfest,,,
1504240648058453592,Schwabing-West,48.16484,11.57753,Entire home/apt,2,7,1.13,312,243.0,EUR per night,4.2119225372935265,2-5 km from Oktoberfest,,,
1504270313045731051,Maxvorstadt,48.1529678,11.5747132,Entire home/apt,3,3,0.32,179,200.0,EUR per night,2.997954207767475,2-5 km from Oktoberfest,,,
1504270637955076632,Allach-Untermenzing,48.17928,11.46068,Entire home/apt,2,11,1.17,194,329.0,EUR per night,8.43598590835475,5-10 km from Oktoberfest,,,
1504296151704326762,Schwabing-Freimann,48.1623317,11.5945715,Private room,1,0,,33,293.0,EUR per night,4.757337672707061,2-5 km from Oktoberfest,,,
1504493313248144999,Schwanthalerhöhe,48.13731,11.5383,Private room,1,0,,336,87.0,EUR per night,1.0260048497204766,0-2 km from Oktoberfest,,,
1504936057033192726,Ludwigsvorstadt-Isarvorstadt,48.1367076,11.5629905,Entire home/apt,2,0,,86,150.0,EUR per night,1.134917867047482,0-2 km from Oktoberfest,,,
1504968403597637645,Ludwigsvorstadt-Isarvorstadt,48.12864,11.55301,Entire home/apt,2,3,0.36,344,444.0,EUR per night,0.44638771077549566,0-2 km from Oktoberfest,,,
1505640458231731903,Ludwigsvorstadt-Isarvorstadt,48.13586,11.55505,Private room,2,2,0.22,149,350.0,EUR per night,0.6029330837816956,0-2 km from Oktoberfest,,,
1505669631795111794,Aubing-Lochhausen-Langwied,48.14196,11.40317,Private room,1,0,,365,144.0,EUR per night,10.916062592062687,10+ km from Oktoberfest,,,
1505686434392828219,Bogenhausen,48.15708,11.64225,Private room,1,36,3.78,345,54.0,EUR per night,7.429399850080701,5-10 km from Oktoberfest,,,
1505785230852954571,Neuhausen-Nymphenburg,48.14305,11.53784,Entire home/apt,1,170,18.89,358,118.0,EUR per night,1.5118844373413194,0-2 km from Oktoberfest,,,
1505825914274660937,Thalkirchen-Obersendling-Forstenried-Fürstenried-Solln,48.0848477,11.5201632,Entire home/apt,2,11,1.32,328,275.0,EUR per night,5.667280448320928,5-10 km from Oktoberfest,,,
1505830227149181897,Schwabing-West,48.16723,11.57804,Entire home/apt,2,13,1.4,102,145.0,EUR per night,4.462768943878856,2-5 km from Oktoberfest,,,
1506341136904824485,Au-Haidhausen,48.11979,11.57764,Private room,1,16,1.76,30,59.0,EUR per night,2.485067652576423,2-5 km from Oktoberfest,,,
1506530364990994225,Sendling-Westpark,48.11809,11.52902,Entire home/apt,1,5,0.71,17,236.0,EUR per night,2.160733144013698,2-5 km from Oktoberfest,,,
1506562236039449898,Neuhausen-Nymphenburg,48.1676,11.52539,Entire home/apt,5,0,,56,130.0,EUR per night,4.3540228774808645,2-5 km from Oktoberfest,,,
1506617683520206457,Ludwigsvorstadt-Isarvorstadt,48.135356633647206,11.56308994545484,Entire home/apt,3,2,1.58,269,100.0,EUR per night,1.0792832445040026,0-2 km from Oktoberfest,,,
1506623660130445608,Au-Haidhausen,48.122144,11.5771984,Entire home/apt,1,17,1.79,191,697.0,EUR per night,2.3244577697502757,2-5 km from Oktoberfest,,,
1506685946964151897,Ludwigsvorstadt-Isarvorstadt,48.1297,11.5593,Private room,1,4,0.44,352,125.0,EUR per night,0.7673460975079527,0-2 km from Oktoberfest,,,
1506702662498421093,Sendling,48.119282,11.549519,Private room,2,13,1.39,290,94.0,EUR per night,1.4030582931202988,0-2 km from Oktoberfest,,,
1506901138364295670,Sendling,48.12472358605008,11.541283875703812,Private room,1,73,7.88,13,101.0,EUR per night,1.0042993473757684,0-2 km from Oktoberfest,,,
1507041578651541074,Milbertshofen-Am Hart,48.1985987,11.5895737,Entire home/apt,1,0,,87,257.0,EUR per night,7.989903570217192,5-10 km from Oktoberfest,,,
1507047083024310657,Schwabing-West,48.16337,11.57108,Entire home/apt,2,12,1.28,152,136.0,EUR per night,3.8481747086937075,2-5 km from Oktoberfest,,,
1507128054761481856,Berg am Laim,48.12728,11.63109,Private room,1,4,1.05,322,126.0,EUR per night,6.077103935679667,5-10 km from Oktoberfest,,,
1507137106906121816,Ramersdorf-Perlach,48.10895,11.65234,Private room,1,0,,244,59.0,EUR per night,8.049070534937288,5-10 km from Oktoberfest,,,
1507137534166028907,Neuhausen-Nymphenburg,48.14781662989545,11.526436225212958,Entire home/apt,2,0,,292,173.0,EUR per night,2.4619461577129833,2-5 km from Oktoberfest,,,
1507185577689113483,Thalkirchen-Obersendling-Forstenried-Fürstenried-Solln,48.0790578,11.5136994,Entire home/apt,1,3,0.33,331,241.0,EUR per night,6.449120804114943,5-10 km from Oktoberfest,,,
1507213549338343699,Untergiesing-Harlaching,48.10038,11.55924,Private room,1,5,0.55,11,69.0,EUR per night,3.5786715243980676,2-5 km from Oktoberfest,,,
1507245055896727726,Neuhausen-Nymphenburg,48.15321,11.53474,Private room,2,4,0.42,20,250.0,EUR per night,2.610405536355494,2-5 km from Oktoberfest,,,
1507379627749357623,Schwabing-Freimann,48.1698221,11.5998715,Entire home/apt,4,0,,87,266.0,EUR per night,5.634278602033339,5-10 km from Oktoberfest,,,
1507403725719803739,Obergiesing,48.0953389488783,11.604834794998167,Entire home/apt,4,1,0.27,90,177.0,EUR per night,5.779583099449318,5-10 km from Oktoberfest,,,
1507811947499356605,Neuhausen-Nymphenburg,48.14338,11.53844,Entire home/apt,1,108,12.37,351,150.0,EUR per night,1.5175841886110075,0-2 km from Oktoberfest,,,
1507830788804354428,Au-Haidhausen,48.1308,11.60449,Entire home/apt,30,0,,365,83.0,EUR per night,4.082876595972541,2-5 km from Oktoberfest,,,
1507993654432586455,Schwanthalerhöhe,48.13490892000124,11.54459573757276,Entire home/apt,1,0,,241,236.0,EUR per night,0.4943707669718726,0-2 km from Oktoberfest,,,
1508005262773773909,Maxvorstadt,48.14393,11.54112,Private room,1,14,1.69,276,318.0,EUR per night,1.4751456471639102,0-2 km from Oktoberfest,,,
1508015064866823031,Laim,48.14398975482338,11.49610108089737,Entire home/apt,1,38,4.15,286,200.0,EUR per night,4.1842845419672825,2-5 km from Oktoberfest,,,
1508093321435836955,Altstadt-Lehel,48.13423,11.56791,Private room,2,3,0.32,101,380.0,EUR per night,1.3905880511425788,0-2 km from Oktoberfest,,,
1508119423115381787,Schwabing-West,48.17331,11.56193,Private room,1,0,,86,140.0,EUR per night,4.696003211244206,2-5 km from Oktoberfest,,,
1508419870703175382,Moosach,48.18267,11.5332,Entire home/apt,2,3,0.32,250,121.0,EUR per night,5.773390752967781,5-10 km from Oktoberfest,,,
1508566428459894545,Ludwigsvorstadt-Isarvorstadt,48.1282,11.57451,Private room,1,3,0.32,364,206.0,EUR per night,1.9011962871855588,0-2 km from Oktoberfest,,,
1508728557765804116,Schwanthalerhöhe,48.13117,11.53486,Entire home/apt,1,2,0.21,58,609.0,EUR per night,1.0895213615172563,0-2 km from Oktoberfest,,,
1508759583696076033,Altstadt-Lehel,48.135877639936346,11.577655662565624,Entire home/apt,2,16,2.09,352,558.0,EUR per night,2.135748585578439,2-5 km from Oktoberfest,,,
1508792972582662034,Hadern,48.1202444,11.4787798,Entire home/apt,1,17,1.81,126,195.0,EUR per night,5.406626922291728,5-10 km from Oktoberfest,,,
1508992783769063118,Allach-Untermenzing,48.19112,11.46173,Private room,1,3,0.33,298,50.0,EUR per night,9.259661444493807,5-10 km from Oktoberfest,,,
1509334997086557320,Neuhausen-Nymphenburg,48.15903,11.54885,Entire home/apt,2,0,,353,175.0,EUR per night,3.0171038120454403,2-5 km from Oktoberfest,,,
1509378442573314491,Schwabing-West,48.1620845,11.5682005,Entire home/apt,1,14,1.57,338,142.0,EUR per night,3.631819508157605,2-5 km from Oktoberfest,,,
1509441019597177188,Schwanthalerhöhe,48.13573559648727,11.545839125450298,Entire home/apt,2,0,,179,370.0,EUR per night,0.5056769991913427,0-2 km from Oktoberfest,,,
1509470869082500477,Feldmoching-Hasenbergl,48.1992,11.51078,Private room,1,12,1.31,42,145.0,EUR per night,8.015484920994755,5-10 km from Oktoberfest,,,
1509926535980561693,Maxvorstadt,48.1440519,11.5591285,Entire home/apt,1,25,2.66,284,694.0,EUR per night,1.5284970964252484,0-2 km from Oktoberfest,,,
1510159428439719107,Sendling,48.12834,11.53959,Private room,1,4,0.43,83,116.0,EUR per night,0.8352443141703259,0-2 km from Oktoberfest,,,
1510190234793854821,Obergiesing,48.11468,11.59402,Private room,1,14,1.57,358,82.0,EUR per night,3.8192076288080274,2-5 km from Oktoberfest,,,
1510234980593057969,Schwabing-Freimann,48.21284,11.63746,Private room,1,18,1.96,342,114.0,EUR per night,11.115185174270222,10+ km from Oktoberfest,,,
1510280837871708336,Sendling,48.112876315119976,11.551079607934575,Entire home/apt,2,1,1.0,88,340.0,EUR per night,2.1185842462993287,2-5 km from Oktoberfest,,,
1510293442815659437,Ludwigsvorstadt-Isarvorstadt,48.135821329931744,11.561065837740898,Entire home/apt,1,19,3.39,259,276.0,EUR per night,0.9627135828584097,0-2 km from Oktoberfest,,,
1510871404015911717,Hadern,48.1150129,11.4739036,Private room,1,1,0.11,273,123.0,EUR per night,5.917051481049304,5-10 km from Oktoberfest,,,
1510952439933426241,Schwanthalerhöhe,48.1315874,11.5366154,Entire home/apt,1,1,0.11,89,400.0,EUR per night,0.9568457512579929,0-2 km from Oktoberfest,,,
1510953189876124221,Sendling,48.11904,11.54638,Private room,1,3,0.33,25,138.0,EUR per night,1.4485965476924585,0-2 km from Oktoberfest,,,
1511010051110427513,Sendling-Westpark,48.1214,11.52937,Private room,1,10,1.08,18,63.0,EUR per night,1.8961571646796447,0-2 km from Oktoberfest,,,
1511317102610238389,Thalkirchen-Obersendling-Forstenried-Fürstenried-Solln,48.09894,11.5091,Entire home/apt,2,0,,27,91.0,EUR per night,4.735740483681746,2-5 km from Oktoberfest,,,
1511375113302867660,Thalkirchen-Obersendling-Forstenried-Fürstenried-Solln,48.10463,11.54852,Entire home/apt,3,7,0.74,236,248.0,EUR per night,3.033158190798422,2-5 km from Oktoberfest,,,
1511419095757391228,Feldmoching-Hasenbergl,48.199696,11.5331332,Private room,1,0,,364,150.0,EUR per night,7.63566973196031,5-10 km from Oktoberfest,,,
1511424259085211971,Maxvorstadt,48.1437,11.54288,Private room,1,21,2.34,278,313.0,EUR per night,1.4010426391214146,0-2 km from Oktoberfest,,,
1511448645248842322,Tudering-Riem,48.107250315734255,11.667980619573957,Private room,2,5,0.54,357,75.0,EUR per night,9.212173954954398,5-10 km from Oktoberfest,,,
1511494894156473954,Allach-Untermenzing,48.1872,11.47117,Private room,4,0,,365,120.0,EUR per night,8.45975241839435,5-10 km from Oktoberfest,,,
1511542247550478205,Aubing-Lochhausen-Langwied,48.14763378052272,11.40709271947336,Private room,1,12,1.26,298,80.0,EUR per night,10.710772565565957,10+ km from Oktoberfest,,,
1511622952763340822,Maxvorstadt,48.1503165,11.563934,Entire home/apt,1,1,0.59,35,422.0,EUR per night,2.3109792807678926,2-5 km from Oktoberfest,,,
1511669879015297853,Schwabing-West,48.15666,11.56974,Entire home/apt,1,49,5.16,230,385.0,EUR per night,3.1361114973822204,2-5 km from Oktoberfest,,,
1511744915669350598,Thalkirchen-Obersendling-Forstenried-Fürstenried-Solln,48.07372896344789,11.518213406506012,Entire home/apt,2,1,0.11,56,102.0,EUR per night,6.872880375633852,5-10 km from Oktoberfest,,,
1512095982086560904,Obergiesing,48.1125087228967,11.575179181709208,Entire home/apt,3,0,,360,587.0,EUR per night,2.8779284904011333,2-5 km from Oktoberfest,,,
1512104273251477223,Moosach,48.18243,11.49139,Entire home/apt,1,2,0.22,343,237.0,EUR per night,7.081617909120701,5-10 km from Oktoberfest,,,
1512131033235494878,Neuhausen-Nymphenburg,48.15517,11.53025,Entire home/apt,2,14,1.51,89,200.0,EUR per night,2.955535189334277,2-5 km from Oktoberfest,,,
1512245029631577999,Maxvorstadt,48.14475,11.55985,Entire home/apt,1,36,3.88,338,378.0,EUR per night,1.6221809321383462,0-2 km from Oktoberfest,,,
1512309534705261259,Tudering-Riem,48.12463,11.65794,Entire home/apt,1,10,1.09,146,275.0,EUR per night,8.088777229197607,5-10 km from Oktoberfest,,,
1512338221488101301,Milbertshofen-Am Hart,48.1966259,11.5805548,Private room,1,0,,363,200.0,EUR per night,7.556748373397698,5-10 km from Oktoberfest,,,
1512391871334832984,Obergiesing,48.10946,11.59633,Entire home/apt,1,5,0.53,361,1000.0,EUR per night,4.279007237337703,2-5 km from Oktoberfest,,,
1512402224769347609,Moosach,48.1863642,11.5026243,Private room,2,0,,18,195.0,EUR per night,6.983275917687461,5-10 km from Oktoberfest,,,
1512551570733971677,Ludwigsvorstadt-Isarvorstadt,48.12117,11.55992,Private room,1,18,1.91,62,100.0,EUR per night,1.4218523620076353,0-2 km from Oktoberfest,,,
1512815088089362136,Maxvorstadt,48.14367,11.5429,Private room,1,3,0.67,302,444.0,EUR per night,1.3973982702328704,0-2 km from Oktoberfest,,,
1512866326240832565,Untergiesing-Harlaching,48.09753,11.58599,Private room,1,0,,361,110.0,EUR per night,4.684481706413037,2-5 km from Oktoberfest,,,
1512876196904144314,Untergiesing-Harlaching,48.09622,11.58505,Private room,1,0,,360,110.0,EUR per night,4.765076035157947,2-5 km from Oktoberfest,,,
1512935687605343104,Obergiesing,48.11476,11.57641,Private room,1,0,,365,179.0,EUR per night,2.76080846294474,2-5 km from Oktoberfest,,,
1512963117153148474,Altstadt-Lehel,48.13489,11.5771,Entire home/apt,1,1,0.11,349,290.0,EUR per night,2.075041332869796,2-5 km from Oktoberfest,,,
1512974923456180117,Moosach,48.18651018598764,11.50171224027872,Private room,2,0,,18,195.0,EUR per night,7.031216554614671,5-10 km from Oktoberfest,,,
1513012898938427321,Berg am Laim,48.13265639999999,11.6176814,Private room,1,0,,362,130.0,EUR per night,5.060641949194346,5-10 km from Oktoberfest,,,
1513063435198823791,Schwabing-West,48.17279,11.56154,Shared room,1,5,0.56,9,95.0,EUR per night,4.633658647669912,2-5 km from Oktoberfest,,,
1513127016926188403,Laim,48.1337206,11.5012233,Entire home/apt,1,17,1.85,85,229.0,EUR per night,3.5884342699900724,2-5 km from Oktoberfest,,,
1513203818045978149,Berg am Laim,48.1195,11.64115,Private room,1,4,0.43,169,130.0,EUR per night,6.940819882759908,5-10 km from Oktoberfest,,,
1513271552719679097,Obergiesing,48.10952,11.58661,Entire home/apt,1,2,0.22,352,249.0,EUR per night,3.712278522708381,2-5 km from Oktoberfest,,,
1513608780453317727,Schwanthalerhöhe,48.13944,11.53635,Entire home/apt,2,0,,16,500.0,EUR per night,1.2865405459645318,0-2 km from Oktoberfest,,,
1513611721975067455,Schwabing-Freimann,48.17093251344311,11.598256691275305,Entire home/apt,1,34,3.78,273,256.0,EUR per night,5.649812932113587,5-10 km from Oktoberfest,,,
1513617292082727602,Bogenhausen,48.15701,11.62098,Private room,14,15,1.61,171,58.0,EUR per night,5.99356203570906,5-10 km from Oktoberfest,,,
1513783038674932789,Bogenhausen,48.14791236565759,11.639060452580452,Private room,1,11,1.42,292,159.0,EUR per night,6.879941737257223,5-10 km from Oktoberfest,,,
1513785746671590228,Sendling,48.11840358980995,11.549446907721112,Private room,2,8,0.86,177,56.0,EUR per night,1.5007375148363848,0-2 km from Oktoberfest,,,
1513818292440368113,Feldmoching-Hasenbergl,48.19145,11.54506,Private room,2,8,0.87,2,74.0,EUR per night,6.629841825953009,5-10 km from Oktoberfest,,,
1513871070371608647,Schwanthalerhöhe,48.1362247,11.5464561,Private room,3,1,0.11,83,200.0,EUR per night,0.5312964497654136,0-2 km from Oktoberfest,,,
1513961880176781634,Tudering-Riem,48.10828,11.71028,Private room,1,16,1.71,346,52.0,EUR per night,12.220362930106338,10+ km from Oktoberfest,,,
1514172908633677475,Ludwigsvorstadt-Isarvorstadt,48.12509741821433,11.55533562637866,Private room,3,1,0.11,68,116.0,EUR per night,0.8716335745285304,0-2 km from Oktoberfest,,,
1514375123989555428,Neuhausen-Nymphenburg,48.1562406,11.5112283,Entire home/apt,7,3,0.33,163,276.0,EUR per night,3.92285197365206,2-5 km from Oktoberfest,,,
1514497256739877411,Neuhausen-Nymphenburg,48.15817,11.53449,Entire home/apt,1,1,0.11,351,426.0,EUR per night,3.126181185139767,2-5 km from Oktoberfest,,,
1514521288645524405,Milbertshofen-Am Hart,48.18638,11.56413,Entire home/apt,5,3,0.33,43,220.0,EUR per night,6.154326573187276,5-10 km from Oktoberfest,,,
1514570771198365265,Ludwigsvorstadt-Isarvorstadt,48.1336287,11.5795256,Entire home/apt,10,6,0.65,270,335.0,EUR per night,2.2365431012693,2-5 km from Oktoberfest,,,
1514706207077304472,Sendling,48.12764719644488,11.53995201858746,Entire home/apt,1,6,0.67,178,150.0,EUR per night,0.8519185733810879,0-2 km from Oktoberfest,,,
1514716939235349461,Tudering-Riem,48.1162,11.68209,Entire home/apt,7,1,0.11,365,155.0,EUR per night,9.995110211725143,5-10 km from Oktoberfest,,,
1514953757569785802,Neuhausen-Nymphenburg,48.15045,11.52242,Entire home/apt,1,0,,120,118.0,EUR per night,2.8795888471761555,2-5 km from Oktoberfest,,,
1514972932834127809,Schwabing-Freimann,48.16397381359999,11.588253652990192,Entire home/apt,3,3,1.23,61,355.0,EUR per night,4.581047430265764,2-5 km from Oktoberfest,,,
1515113716481671064,Thalkirchen-Obersendling-Forstenried-Fürstenried-Solln,48.0787,11.53338,Entire home/apt,5,1,0.11,178,212.0,EUR per night,6.035448395695196,5-10 km from Oktoberfest,,,
1515287051108979400,Tudering-Riem,48.1160759,11.6792905,Private room,1,1,0.11,359,128.0,EUR per night,9.79306058897177,5-10 km from Oktoberfest,,,
1515332989123719723,Milbertshofen-Am Hart,48.18643,11.55305,Entire home/apt,1,6,0.64,181,70.0,EUR per night,6.069174214037319,5-10 km from Oktoberfest,,,
1515388667350458136,Maxvorstadt,48.14617,11.56094,Entire home/apt,3,2,0.22,61,189.0,EUR per night,1.7995514694695327,0-2 km from Oktoberfest,,,
1515443402799273813,Bogenhausen,48.15153,11.6303,Private room,2,1,0.11,59,158.0,EUR per night,6.380289846720764,5-10 km from Oktoberfest,,,
1515455828473973334,Hadern,48.10646245960378,11.475116796791552,Entire home/apt,1,2,0.22,162,183.0,EUR per night,6.2039240679271845,5-10 km from Oktoberfest,,,
1515679632339195515,Sendling-Westpark,48.12832,11.5182,Entire home/apt,1,2,0.82,70,142.0,EUR per night,2.3568253105630883,2-5 km from Oktoberfest,,,
1515792665677552626,Ramersdorf-Perlach,48.11863,11.61377,Private room,1,2,0.22,364,85.0,EUR per night,4.99331545048899,2-5 km from Oktoberfest,,,
1515808105897324791,Obergiesing,48.10812,11.59395,Private room,1,1,0.13,241,300.0,EUR per night,4.228348317831765,2-5 km from Oktoberfest,,,
1515882297394093040,Pasing-Obermenzing,48.14726,11.4504,Private room,1,2,0.22,101,180.0,EUR per night,7.5492014042758075,5-10 km from Oktoberfest,,,
1515974502412113750,Moosach,48.1828,11.53852,Private room,1,2,0.82,348,75.0,EUR per night,5.718122752174005,5-10 km from Oktoberfest,,,
1516076819971387936,Obergiesing,48.10608,11.59706,Private room,1,4,0.44,242,92.0,EUR per night,4.550521152790333,2-5 km from Oktoberfest,,,
1516161124001300673,Pasing-Obermenzing,48.16795,11.47793,Private room,1,2,0.22,355,131.0,EUR per night,6.652855732585832,5-10 km from Oktoberfest,,,
1516170531224939177,Aubing-Lochhausen-Langwied,48.14799,11.40687,Entire home/apt,1,4,0.43,268,178.0,EUR per night,10.733572232372122,10+ km from Oktoberfest,,,
1516188728531610282,Thalkirchen-Obersendling-Forstenried-Fürstenried-Solln,48.10239,11.52936,Private room,1,17,5.15,139,81.0,EUR per night,3.6059160149519482,2-5 km from Oktoberfest,,,
1516189021891890476,Milbertshofen-Am Hart,48.18701,11.54293,Private room,1,16,2.53,145,121.0,EUR per night,6.147298787672039,5-10 km from Oktoberfest,,,
1516415610486335724,Ramersdorf-Perlach,48.0863827,11.6458796,Private room,1,3,1.01,141,143.0,EUR per night,8.76485420488579,5-10 km from Oktoberfest,,,
1516415888771817198,Thalkirchen-Obersendling-Forstenried-Fürstenried-Solln,48.10221,11.53013,Private room,1,17,3.98,146,94.0,EUR per night,3.600935709905088,2-5 km from Oktoberfest,,,
1516534077177399990,Schwabing-West,48.15934,11.56677,Entire home/apt,1,9,1.01,260,90.0,EUR per night,3.3093119855123385,2-5 km from Oktoberfest,,,
1516586555063696341,Schwanthalerhöhe,48.14093,11.53441,Entire home/apt,1,1,0.11,179,550.0,EUR per night,1.5040317956200737,0-2 km from Oktoberfest,,,
1516810761081530010,Pasing-Obermenzing,48.14871146067348,11.458045498214132,Private room,7,2,0.66,38,57.0,EUR per night,7.038813991423216,5-10 km from Oktoberfest,,,
1516830176422758996,Sendling-Westpark,48.12285,11.53419,Private room,1,1,0.11,354,86.0,EUR per night,1.517849055038977,0-2 km from Oktoberfest,,,
1516843226420621835,Sendling-Westpark,48.1130936,11.5285396,Entire home/apt,1,6,0.66,350,185.0,EUR per night,2.6064580320338946,2-5 km from Oktoberfest,,,
1516961478890138786,Schwabing-West,48.17658,11.58526,Entire home/apt,1,11,1.34,204,194.0,EUR per night,5.632035771719539,5-10 km from Oktoberfest,,,
1517266378873438673,Bogenhausen,48.1517,11.60454,Entire home/apt,10,0,,278,154.0,EUR per night,4.639583466808879,2-5 km from Oktoberfest,,,
1517392478917447919,Milbertshofen-Am Hart,48.1803682290211,11.574489115807731,Private room,1,1,0.11,171,99.0,EUR per night,5.699288918081837,5-10 km from Oktoberfest,,,
1517413273889379923,Bogenhausen,48.17635079999999,11.6327562,Private room,1,37,4.08,35,53.0,EUR per night,7.910373822564506,5-10 km from Oktoberfest,,,
1517493206027323883,Milbertshofen-Am Hart,48.18309,11.56504,Private room,1,8,1.08,46,82.0,EUR per night,5.807612670749181,5-10 km from Oktoberfest,,,
1517585113552489064,Ludwigsvorstadt-Isarvorstadt,48.1376883,11.5539154,Entire home/apt,1,1,0.11,357,170.0,EUR per night,0.7222344737308319,0-2 km from Oktoberfest,,,
1518001697998895708,Schwabing-West,48.16335609999999,11.5787502,Private room,3,0,,240,189.0,EUR per night,4.116263711789124,2-5 km from Oktoberfest,,,
1518242443990757686,Ludwigsvorstadt-Isarvorstadt,48.12981,11.57527,Entire home/apt,1,4,0.43,56,74.0,EUR per night,1.9265888188497466,0-2 km from Oktoberfest,,,
1518628720953840696,Tudering-Riem,48.125,11.65876,Entire home/apt,2,7,0.86,82,300.0,EUR per night,8.145326812508332,5-10 km from Oktoberfest,,,
1519612147440068502,Maxvorstadt,48.1462308,11.5613078,Entire home/apt,1,0,,202,520.0,EUR per night,1.8185063877714878,0-2 km from Oktoberfest,,,
1520320270361517230,Untergiesing-Harlaching,48.11527788126588,11.57190565019846,Private room,1,11,1.23,304,83.0,EUR per night,2.4863627951224694,2-5 km from Oktoberfest,,,
1520636017111956592,Ludwigsvorstadt-Isarvorstadt,48.129883019619456,11.568359339165792,Entire home/apt,1,4,0.65,179,265.0,EUR per night,1.41750024165113,0-2 km from Oktoberfest,,,
1521050451087432945,Schwabing-Freimann,48.16783,11.58546,Private room,1,0,,89,100.0,EUR per night,4.804056742472566,2-5 km from Oktoberfest,,,
1522284463296127289,Laim,48.1399,11.50313,Entire home/apt,2,4,1.67,26,150.0,EUR per night,3.5541354651569885,2-5 km from Oktoberfest,,,
1522630158301026159,Bogenhausen,48.16317320112314,11.63322124423587,Entire home/apt,1,0,,211,222.0,EUR per night,7.118523351990542,5-10 km from Oktoberfest,,,
1523031699803576346,Untergiesing-Harlaching,48.11964,11.57175,Private room,2,0,,365,200.0,EUR per night,2.1414314868508684,2-5 km from Oktoberfest,,,
1523101708421193331,Au-Haidhausen,48.1281493,11.6019263,Entire home/apt,2,5,2.73,218,118.0,EUR per night,3.913169453320533,2-5 km from Oktoberfest,,,
1523191274227661108,Thalkirchen-Obersendling-Forstenried-Fürstenried-Solln,48.08968097409005,11.51161751364298,Entire home/apt,1,10,1.13,54,70.0,EUR per night,5.472580851200176,5-10 km from Oktoberfest,,,
1524030474265663119,Milbertshofen-Am Hart,48.18435035927696,11.565064008599446,Private room,2,10,1.15,31,100.0,EUR per night,5.945377861986357,5-10 km from Oktoberfest,,,
1525350786896132986,Milbertshofen-Am Hart,48.18095780703445,11.568800657987596,Entire home/apt,1,23,2.72,140,152.0,EUR per night,5.639726961205272,5-10 km from Oktoberfest,,,
1525514719834759389,Allach-Untermenzing,48.21132,11.46622,Private room,7,0,,358,149.0,EUR per night,10.776262079785917,10+ km from Oktoberfest,,,
1526187855251578028,Schwabing-West,48.16787,11.57842,Entire home/apt,1,9,1.05,52,130.0,EUR per night,4.538792023079404,2-5 km from Oktoberfest,,,
1526663646529163710,Schwabing-Freimann,48.17963316399391,11.60938583752272,Entire home/apt,3,0,,19,300.0,EUR per night,6.9213653510642095,5-10 km from Oktoberfest,,,
1526770534703390397,Ludwigsvorstadt-Isarvorstadt,48.13708,11.56026,Private room,1,12,1.41,86,109.0,EUR per night,0.9845616303636029,0-2 km from Oktoberfest,,,
1526804803062962694,Ludwigsvorstadt-Isarvorstadt,48.13911,11.56006,Private room,1,10,1.18,86,116.0,EUR per night,1.121088113394544,0-2 km from Oktoberfest,,,
1527009949581302644,Tudering-Riem,48.13212,11.67004,Entire home/apt,1,84,13.4,352,68.0,EUR per night,8.945708781806964,5-10 km from Oktoberfest,,,
1527014927088366452,Ludwigsvorstadt-Isarvorstadt,48.13639757396704,11.563408097951363,Entire home/apt,1,30,6.29,242,286.0,EUR per night,1.1469028761778441,0-2 km from Oktoberfest,,,
1527497110015300033,Sendling,48.11142007626744,11.538290226842966,Private room,1,0,,53,119.0,EUR per night,2.4245186433953108,2-5 km from Oktoberfest,,,
1527518257566463010,Tudering-Riem,48.12003,11.6755,Entire home/apt,1,3,0.36,29,96.0,EUR per night,9.444661786025002,5-10 km from Oktoberfest,,,
1528079754793859937,Ramersdorf-Perlach,48.09661581063336,11.631660983741156,Entire home/apt,1,3,0.36,160,162.0,EUR per night,7.252429472523938,5-10 km from Oktoberfest,,,
1529533401675438317,Ramersdorf-Perlach,48.10909,11.60345,Entire home/apt,3,3,0.49,22,124.0,EUR per night,4.740335854338466,2-5 km from Oktoberfest,,,
1529934792899405825,Neuhausen-Nymphenburg,48.15435309999999,11.5148219,Entire home/apt,2,37,4.37,20,131.0,EUR per night,3.5852195427896514,2-5 km from Oktoberfest,,,
1531248140188061608,Thalkirchen-Obersendling-Forstenried-Fürstenried-Solln,48.089846215150935,11.516812481960924,Entire home/apt,1,1,0.12,105,320.0,EUR per night,5.268409065997525,5-10 km from Oktoberfest,,,
1531311088363402755,Tudering-Riem,48.1345709,11.6674612,Entire home/apt,5,6,0.73,148,182.0,EUR per night,8.75912149614992,5-10 km from Oktoberfest,,,
1531681052203858889,Schwabing-West,48.16459892143733,11.57064779724975,Private room,1,0,,291,94.0,EUR per night,3.9600219405730472,2-5 km from Oktoberfest,,,
1531845315836636286,Laim,48.12889,11.51026,Entire home/apt,7,3,0.47,137,120.0,EUR per night,2.9313930567249398,2-5 km from Oktoberfest,,,
1532002178506222934,Schwabing-Freimann,48.1630326,11.5953365,Entire home/apt,1,0,,49,81.0,EUR per night,4.852672346175479,2-5 km from Oktoberfest,,,
1532533688644168119,Tudering-Riem,48.1134829,11.6598949,Private room,1,4,1.67,353,58.0,EUR per night,8.446285942504087,5-10 km from Oktoberfest,,,
1533226496492139833,Au-Haidhausen,48.12112,11.58054,Entire home/apt,2,5,1.1,292,110.0,EUR per night,2.597010613296202,2-5 km from Oktoberfest,,,
1533923621363442479,Allach-Untermenzing,48.177649133973176,11.480709068240726,Entire home/apt,1,29,3.48,19,252.0,EUR per night,7.205435404727628,5-10 km from Oktoberfest,,,
1535513031566780015,Sendling-Westpark,48.11359040922744,11.506735653502586,Private room,1,0,,352,190.0,EUR per night,3.771065697161379,2-5 km from Oktoberfest,,,
1535644248215285530,Ludwigsvorstadt-Isarvorstadt,48.14041800000001,11.54885150370482,Entire home/apt,1,61,9.15,214,325.0,EUR per night,0.9483801178055399,0-2 km from Oktoberfest,,,
1536281605405109683,Neuhausen-Nymphenburg,48.15829,11.54739,Entire home/apt,1,0,,84,125.0,EUR per night,2.93860707610596,2-5 km from Oktoberfest,,,
1536372947886954539,Altstadt-Lehel,48.135,11.57024,Entire home/apt,2,3,0.39,30,275.0,EUR per night,1.5772690740589679,0-2 km from Oktoberfest,,,
1536774360513487792,Au-Haidhausen,48.1202994,11.5796822,Entire home/apt,1,0,,334,111.0,EUR per night,2.585018174846917,2-5 km from Oktoberfest,,,
1536851035606514504,Au-Haidhausen,48.1202994,11.5796822,Entire home/apt,4,0,,315,118.0,EUR per night,2.585018174846917,2-5 km from Oktoberfest,,,
1537465254577282191,Au-Haidhausen,48.12102,11.57914,Entire home/apt,5,1,0.15,306,158.0,EUR per night,2.5106316120821233,2-5 km from Oktoberfest,,,
1538282336906045185,Au-Haidhausen,48.11981,11.57881,Entire home/apt,5,3,0.38,315,146.0,EUR per night,2.557316346049388,2-5 km from Oktoberfest,,,
1538991500244564580,Neuhausen-Nymphenburg,48.15025,11.53536,Entire home/apt,1,2,0.29,331,117.0,EUR per night,2.294372351612369,2-5 km from Oktoberfest,,,
1539724158010388014,Bogenhausen,48.14259,11.64186,Entire home/apt,7,0,,346,306.0,EUR per night,6.955961131377662,5-10 km from Oktoberfest,,,
1539923965091840927,Laim,48.14012152061141,11.518797053083713,Private room,1,0,,89,113.0,EUR per night,2.4549562678761045,2-5 km from Oktoberfest,,,
1539939424391187818,Laim,48.13991,11.51986,Private room,1,0,,179,71.0,EUR per night,2.3730083595421814,2-5 km from Oktoberfest,,,
1540076934728289442,Sendling-Westpark,48.1168747,11.5076023,Entire home/apt,1,12,1.94,196,251.0,EUR per night,3.5302130129992624,2-5 km from Oktoberfest,,,
1541270240409544151,Moosach,48.1786274,11.5053196,Private room,1,0,,340,108.0,EUR per night,6.143084129631263,5-10 km from Oktoberfest,,,
1541303278318621196,Allach-Untermenzing,48.17575,11.47945,Private room,1,26,3.42,18,170.0,EUR per night,7.125820158498441,5-10 km from Oktoberfest,,,
1541461729859106016,Untergiesing-Harlaching,48.10582,11.57136,Entire home/apt,7,0,,84,99.0,EUR per night,3.3231019075673673,2-5 km from Oktoberfest,,,
1542053612068773391,Untergiesing-Harlaching,48.10324,11.57053,Entire home/apt,1,0,,179,150.0,EUR per night,3.5486851041336913,2-5 km from Oktoberfest,,,
1542642480729289623,Sendling-Westpark,48.1061451,11.5079112,Entire home/apt,1,0,,320,107.0,EUR per night,4.21098387468566,2-5 km from Oktoberfest,,,
1544340580725205965,Tudering-Riem,48.09828,11.68131,Entire home/apt,1,1,0.17,173,203.0,EUR per night,10.475073743236036,10+ km from Oktoberfest,,,
1544815252228597046,Feldmoching-Hasenbergl,48.21633,11.56192,Entire home/apt,7,1,0.17,18,510.0,EUR per night,9.433252847273243,5-10 km from Oktoberfest,,,
1544957011750290240,Neuhausen-Nymphenburg,48.1475067,11.5193295,Entire home/apt,4,0,,248,138.0,EUR per night,2.8325647187698415,2-5 km from Oktoberfest,,,
1545663248936689154,Moosach,48.1848818,11.4948036,Entire home/apt,3,5,0.73,230,205.0,EUR per night,7.153159670555383,5-10 km from Oktoberfest,,,
1545682923848940125,Schwabing-West,48.16165723497164,11.57694859852684,Private room,2,1,0.22,17,107.0,EUR per night,3.88531934256106,2-5 km from Oktoberfest,,,
1545889301560105985,Laim,48.14072,11.51109,Entire home/apt,2,5,0.84,15,104.0,EUR per night,3.014305089002763,2-5 km from Oktoberfest,,,
1550596566054814394,Au-Haidhausen,48.12296449999999,11.5956107,Entire home/apt,2,6,0.85,15,497.0,EUR per night,3.5636465379173443,2-5 km from Oktoberfest,,,
1551563296699009867,Thalkirchen-Obersendling-Forstenried-Fürstenried-Solln,48.09477,11.54099,Entire home/apt,2,1,0.57,328,211.0,EUR per night,4.176727047090447,2-5 km from Oktoberfest,,,
1553113756725725616,Laim,48.13472470070866,11.486498080193996,Entire home/apt,2,12,4.24,287,130.0,EUR per night,4.686002616568519,2-5 km from Oktoberfest,,,
1553144479656848352,Maxvorstadt,48.14396,11.54106,Private room,1,33,4.67,221,159.0,EUR per night,1.480049712341351,0-2 km from Oktoberfest,,,
1553641531124034566,Neuhausen-Nymphenburg,48.157168059913865,11.537290011924126,Entire home/apt,2,0,,18,137.0,EUR per night,2.952117630221407,2-5 km from Oktoberfest,,,
1554166066872851852,Neuhausen-Nymphenburg,48.1456899305642,11.538316137683331,Entire home/apt,60,0,,358,41.0,EUR per night,1.7435391760456591,0-2 km from Oktoberfest,,,
1554400348066767883,Schwabing-Freimann,48.16078,11.5897,Entire home/apt,1,16,2.44,70,334.0,EUR per night,4.382701734163078,2-5 km from Oktoberfest,,,
1556095193841986317,Neuhausen-Nymphenburg,48.15612,11.54507,Entire home/apt,3,2,0.32,7,166.0,EUR per night,2.7131245974601743,2-5 km from Oktoberfest,,,
1556645993416074424,Bogenhausen,48.15423440000001,11.6122243,Entire home/apt,2,1,0.18,341,177.0,EUR per night,5.275143326013359,5-10 km from Oktoberfest,,,
1556759898058572831,Ludwigsvorstadt-Isarvorstadt,48.1329917,11.5778359,Entire home/apt,14,0,,148,59.0,EUR per night,2.1063847986408173,2-5 km from Oktoberfest,,,
1558418726618972553,Schwabing-West,48.15934918226091,11.574366144523443,Entire home/apt,7,0,,317,443.0,EUR per night,3.5664658469539496,2-5 km from Oktoberfest,,,
1558753604124342088,Laim,48.13759,11.51286,Private room,1,0,,353,53.0,EUR per night,2.7916739000443984,2-5 km from Oktoberfest,,,
1558904368081716493,Tudering-Riem,48.13282615722636,11.69699647724608,Entire home/apt,1,9,1.29,79,79.0,EUR per night,10.946614012570198,10+ km from Oktoberfest,,,
1559503748434140398,Neuhausen-Nymphenburg,48.16158,11.54419,Entire home/apt,1,43,6.08,19,80.0,EUR per night,3.3236961598750394,2-5 km from Oktoberfest,,,
1560772130221226434,Feldmoching-Hasenbergl,48.20477,11.5568,Private room,1,21,6.56,85,95.0,EUR per night,8.120839680145307,5-10 km from Oktoberfest,,,
1561707329210911002,Ramersdorf-Perlach,48.10730508544575,11.620330881614692,Entire home/apt,2,2,0.29,14,288.0,EUR per night,5.926588310197344,5-10 km from Oktoberfest,,,
1562393232296120035,Ludwigsvorstadt-Isarvorstadt,48.13748,11.56145,Entire home/apt,1,17,2.63,319,139.0,EUR per night,1.0823123303313442,0-2 km from Oktoberfest,,,
1562558433032306472,Schwabing-Freimann,48.18448,11.61102,Entire home/apt,3,3,0.51,39,30.0,EUR per night,7.416640704209111,5-10 km from Oktoberfest,,,
1562913829326824263,Neuhausen-Nymphenburg,48.15879,11.54163,Entire home/apt,1,13,2.75,334,299.0,EUR per night,3.0465121954244734,2-5 km from Oktoberfest,,,
1562967350720357541,Milbertshofen-Am Hart,48.1788706620399,11.584784347870851,Private room,1,0,,292,47.0,EUR per night,5.842032059548989,5-10 km from Oktoberfest,,,
1563025995255010916,Bogenhausen,48.16262,11.62466,Private room,14,0,,271,55.0,EUR per night,6.539314234003157,5-10 km from Oktoberfest,,,
1564474815171569244,Ludwigsvorstadt-Isarvorstadt,48.1218,11.55933,Entire home/apt,1,11,1.6,165,287.0,EUR per night,1.3392481705761352,0-2 km from Oktoberfest,,,
1564587454374082279,Bogenhausen,48.15007900000001,11.6408218,Entire home/apt,1,1,1.0,20,279.0,EUR per night,7.071193593984703,5-10 km from Oktoberfest,,,
1564600083766539679,Milbertshofen-Am Hart,48.18525,11.56508,Entire home/apt,14,1,0.15,252,112.0,EUR per night,6.0437652554200465,5-10 km from Oktoberfest,,,
1566065460498668917,Ludwigsvorstadt-Isarvorstadt,48.12656,11.55324,Entire home/apt,1,4,1.2,36,189.0,EUR per night,0.655455944768823,0-2 km from Oktoberfest,,,
1566750601988437912,Pasing-Obermenzing,48.14663,11.44852,Entire home/apt,1,9,1.34,52,299.0,EUR per night,7.669930018784534,5-10 km from Oktoberfest,,,
1566848564294280884,Au-Haidhausen,48.13320492047552,11.603653281927109,Entire home/apt,1,10,1.55,76,194.0,EUR per night,4.021472066739222,2-5 km from Oktoberfest,,,
1567249011798256749,Thalkirchen-Obersendling-Forstenried-Fürstenried-Solln,48.0974806,11.5408336,Private room,7,0,,64,44.0,EUR per night,3.8809633409808453,2-5 km from Oktoberfest,,,
1567578245275225145,Maxvorstadt,48.15203,11.55474,Entire home/apt,3,0,,82,125.0,EUR per night,2.2718704744251434,2-5 km from Oktoberfest,,,
1567787566918125171,Ludwigsvorstadt-Isarvorstadt,48.13956,11.55113,Private room,5,2,0.37,299,70.0,EUR per night,0.8602990665853332,0-2 km from Oktoberfest,,,
1567914013421022408,Pasing-Obermenzing,48.14613729814784,11.45454783889886,Entire home/apt,3,1,0.57,94,118.0,EUR per night,7.221420600524764,5-10 km from Oktoberfest,,,
1567966792889281924,Milbertshofen-Am Hart,48.1994992,11.5897245,Private room,7,1,0.2,339,48.0,EUR per night,8.08704452474836,5-10 km from Oktoberfest,,,
1568171113636132485,Neuhausen-Nymphenburg,48.15296,11.54232,Private room,30,0,,64,33.0,EUR per night,2.4015994328049795,2-5 km from Oktoberfest,,,
1568628969084604247,Bogenhausen,48.15732,11.63958,Entire home/apt,2,1,0.54,350,146.0,EUR per night,7.256628327100315,5-10 km from Oktoberfest,,,
1568878386321489235,Ludwigsvorstadt-Isarvorstadt,48.13828264233242,11.554759007575637,Entire home/apt,1,1,0.57,144,180.0,EUR per night,0.8099417922407833,0-2 km from Oktoberfest,,,
1569009819159503160,Ludwigsvorstadt-Isarvorstadt,48.12401,11.56441,Entire home/apt,3,5,1.5,157,169.0,EUR per night,1.4121920185073171,0-2 km from Oktoberfest,,,
1569620370552643654,Aubing-Lochhausen-Langwied,48.14349,11.40757,Entire home/apt,5,1,0.2,185,110.0,EUR per night,10.610488392850764,10+ km from Oktoberfest,,,
1570275843292781074,Ludwigsvorstadt-Isarvorstadt,48.12841,11.5563,Private room,2,0,,9,200.0,EUR per night,0.636623363754217,0-2 km from Oktoberfest,,,
1570754098493105979,Schwabing-West,48.16687,11.56383,Entire home/apt,1,10,1.67,157,152.0,EUR per night,4.031196615853151,2-5 km from Oktoberfest,,,
1571203064667891238,Schwabing-West,48.16406613154157,11.572410595716558,Entire home/apt,7,0,,362,248.0,EUR per night,3.9600485628835798,2-5 km from Oktoberfest,,,
1571686173471429148,Au-Haidhausen,48.12328,11.5816,Private room,1,3,1.64,284,90.0,EUR per night,2.5680355268885506,2-5 km from Oktoberfest,,,
1571708274692972938,Ramersdorf-Perlach,48.11042,11.63922,Entire home/apt,1,4,1.45,340,85.0,EUR per night,7.075173038683543,5-10 km from Oktoberfest,,,
1571854801868048829,Maxvorstadt,48.15574,11.56586,Private room,19,0,,190,57.0,EUR per night,2.915585077023159,2-5 km from Oktoberfest,,,
1573049482776727232,Allach-Untermenzing,48.18415,11.47781,Entire home/apt,7,0,,66,179.0,EUR per night,7.876091998990655,5-10 km from Oktoberfest,,,
1573376567812193822,Thalkirchen-Obersendling-Forstenried-Fürstenried-Solln,48.09075,11.5188,Entire home/apt,1,0,,254,214.0,EUR per night,5.1119296856533,5-10 km from Oktoberfest,,,
1573766019885280681,Maxvorstadt,48.15038,11.58368,Private room,1,8,2.38,120,71.0,EUR per night,3.264146637855799,2-5 km from Oktoberfest,,,
1574529027630120490,Au-Haidhausen,48.13164,11.60669,Private room,16,0,,270,40.0,EUR per night,4.244379233636923,2-5 km from Oktoberfest,,,
1575494480300029910,Neuhausen-Nymphenburg,48.14870392531519,11.542010623798868,Entire home/apt,2,0,,94,186.0,EUR per night,1.9494001802566245,0-2 km from Oktoberfest,,,
1576029365085596510,Schwabing-West,48.1744444,11.5733333,Entire home/apt,1,6,1.86,215,132.0,EUR per night,5.050308766656738,5-10 km from Oktoberfest,,,
1576255428668224784,Neuhausen-Nymphenburg,48.14614,11.51852,Entire home/apt,3,9,1.79,53,250.0,EUR per night,2.791372023722125,2-5 km from Oktoberfest,,,
1576281200980460643,Thalkirchen-Obersendling-Forstenried-Fürstenried-Solln,48.09954,11.53152,Private room,1,4,2.07,224,99.0,EUR per night,3.837859618473484,2-5 km from Oktoberfest,,,
1576803486547741599,Schwabing-West,48.16438114331175,11.565975935719052,Entire home/apt,5,0,,128,96.0,EUR per night,3.8129769861653564,2-5 km from Oktoberfest,,,
1576902515513210663,Maxvorstadt,48.1510621,11.5573454,Entire home/apt,1,0,,309,154.0,EUR per night,2.2088172677706037,2-5 km from Oktoberfest,,,
1577025213369068799,Thalkirchen-Obersendling-Forstenried-Fürstenried-Solln,48.08978114760404,11.512778527822332,Private room,1,2,0.83,170,94.0,EUR per night,5.419153457486937,5-10 km from Oktoberfest,,,
1577372714377689577,Untergiesing-Harlaching,48.10662,11.57365,Private room,30,0,,47,34.0,EUR per night,3.333995712033358,2-5 km from Oktoberfest,,,
1577540283863584907,Altstadt-Lehel,48.14908,11.59437,Entire home/apt,4,0,,151,296.0,EUR per night,3.8385255007064454,2-5 km from Oktoberfest,,,
1577591228507302147,Sendling-Westpark,48.11491711990466,11.511171260453567,Private room,2,0,,365,101.0,EUR per night,3.4146749672757193,2-5 km from Oktoberfest,,,
1577618966832367913,Neuhausen-Nymphenburg,48.145036172118296,11.519741043448446,Entire home/apt,14,0,,153,172.0,EUR per night,2.6476159248845548,2-5 km from Oktoberfest,,,
1578200341277582457,Sendling,48.1060307,11.5378679,Private room,1,1,0.65,337,161.0,EUR per night,3.003338868403049,2-5 km from Oktoberfest,,,
1578962873357065624,Ludwigsvorstadt-Isarvorstadt,48.12818,11.57267,Entire home/apt,1,0,,219,113.0,EUR per night,1.7686404213117257,0-2 km from Oktoberfest,,,
1579593883746566824,Thalkirchen-Obersendling-Forstenried-Fürstenried-Solln,48.08037079206729,11.505781866677568,Shared room,1,0,,352,103.0,EUR per night,6.585410852277001,5-10 km from Oktoberfest,,,
1579620671324636302,Pasing-Obermenzing,48.1464913,11.4590162,Private room,1,3,0.64,308,105.0,EUR per night,6.90741980595604,5-10 km from Oktoberfest,,,
1579644370734742016,Maxvorstadt,48.15329,11.57492,Entire home/apt,30,0,,286,69.0,EUR per night,3.035538874448138,2-5 km from Oktoberfest,,,
1579648904100191955,Pasing-Obermenzing,48.1464913,11.4590162,Private room,1,95,16.57,320,111.0,EUR per night,6.90741980595604,5-10 km from Oktoberfest,,,
1580288121190012946,Neuhausen-Nymphenburg,48.14637,11.54077,Entire home/apt,1,0,,364,414.0,EUR per night,1.7344987532202651,0-2 km from Oktoberfest,,,
1581750034549411912,Pasing-Obermenzing,48.1464913,11.4590162,Private room,1,2,0.35,310,115.0,EUR per night,6.90741980595604,5-10 km from Oktoberfest,,,
1581758382133417467,Pasing-Obermenzing,48.1464913,11.4590162,Private room,1,0,,304,122.0,EUR per night,6.90741980595604,5-10 km from Oktoberfest,,,
1581763727605566153,Pasing-Obermenzing,48.1464913,11.4590162,Private room,1,1,0.17,307,157.0,EUR per night,6.90741980595604,5-10 km from Oktoberfest,,,
1581772872769828146,Pasing-Obermenzing,48.1464913,11.4590162,Private room,1,2,0.35,317,164.0,EUR per night,6.90741980595604,5-10 km from Oktoberfest,,,
1581780517458250744,Pasing-Obermenzing,48.1464913,11.4590162,Private room,1,2,0.5,308,135.0,EUR per night,6.90741980595604,5-10 km from Oktoberfest,,,
1581787152851117660,Pasing-Obermenzing,48.1464913,11.4590162,Private room,1,0,,299,143.0,EUR per night,6.90741980595604,5-10 km from Oktoberfest,,,
1581802797282331643,Pasing-Obermenzing,48.1464913,11.4590162,Private room,1,2,0.45,258,193.0,EUR per night,6.90741980595604,5-10 km from Oktoberfest,,,
1581809538971597169,Pasing-Obermenzing,48.1464913,11.4590162,Private room,1,1,0.3,275,253.0,EUR per night,6.90741980595604,5-10 km from Oktoberfest,,,
1581932877385097765,Laim,48.14096,11.51699,Entire home/apt,1,15,2.45,307,796.0,EUR per night,2.614365940777793,2-5 km from Oktoberfest,,,
1582592870618018994,Maxvorstadt,48.15046,11.56511,Entire home/apt,2,0,,25,102.0,EUR per night,2.3665910004952684,2-5 km from Oktoberfest,,,
1584788172689949468,Moosach,48.17489,11.51434,Entire home/apt,1,0,,89,107.0,EUR per night,5.445545791694616,5-10 km from Oktoberfest,,,
1586191140089644826,Untergiesing-Harlaching,48.10639,11.57376,Entire home/apt,4,0,,11,113.0,EUR per night,3.3599585254164546,2-5 km from Oktoberfest,,,
1586454604040896034,Ramersdorf-Perlach,48.11664,11.62823,Private room,1,1,0.18,275,58.0,EUR per night,6.085066865620105,5-10 km from Oktoberfest,,,
1586476592501952684,Ramersdorf-Perlach,48.1170404,11.6271974,Private room,1,2,0.34,292,41.0,EUR per night,5.999064121565055,5-10 km from Oktoberfest,,,
1586486219505253374,Ludwigsvorstadt-Isarvorstadt,48.1203318,11.5581419,Entire home/apt,1,0,,2,160.0,EUR per night,1.4373758370000265,0-2 km from Oktoberfest,,,
1587704902887696756,Obergiesing,48.11765250374344,11.583293980815082,Entire home/apt,1,0,,21,568.0,EUR per night,2.966732619222854,2-5 km from Oktoberfest,,,
1588150658039796389,Schwabing-West,48.16676,11.56951,Entire home/apt,1,2,0.71,82,98.0,EUR per night,4.150797235648349,2-5 km from Oktoberfest,,,
1590066411991708753,Maxvorstadt,48.15619,11.56184,Private room,1,2,2.0,187,90.0,EUR per night,2.8518901791353457,2-5 km from Oktoberfest,,,
1590719014209010943,Au-Haidhausen,48.12433,11.58802,Entire home/apt,2,19,4.22,32,185.0,EUR per night,2.9802565395218865,2-5 km from Oktoberfest,,,
1590798805235067617,Ludwigsvorstadt-Isarvorstadt,48.1331566,11.5792647,Entire home/apt,1,17,3.27,304,193.0,EUR per night,2.213330454930171,2-5 km from Oktoberfest,,,
1591371629720385929,Au-Haidhausen,48.13519,11.60059,Entire home/apt,28,1,0.25,174,63.0,EUR per night,3.809054617235619,2-5 km from Oktoberfest,,,
1592027516747582257,Tudering-Riem,48.12889,11.66584,Entire home/apt,2,2,1.11,259,130.0,EUR per night,8.640735553244605,5-10 km from Oktoberfest,,,
1592117367946112213,Tudering-Riem,48.1331078,11.6636952,Hotel room,1,2,0.43,277,97.0,EUR per night,8.475789232088049,5-10 km from Oktoberfest,,,
1592117368208693292,Tudering-Riem,48.1331078,11.6636952,Hotel room,1,2,2.0,270,93.0,EUR per night,8.475789232088049,5-10 km from Oktoberfest,,,
1592117369122490353,Tudering-Riem,48.1331078,11.6636952,Hotel room,1,1,1.0,277,97.0,EUR per night,8.475789232088049,5-10 km from Oktoberfest,,,
1592117371156536803,Tudering-Riem,48.1331078,11.6636952,Hotel room,1,0,,270,93.0,EUR per night,8.475789232088049,5-10 km from Oktoberfest,,,
1592117371911965704,Tudering-Riem,48.1331078,11.6636952,Hotel room,1,1,0.26,266,88.0,EUR per night,8.475789232088049,5-10 km from Oktoberfest,,,
1592117372289453065,Tudering-Riem,48.1331078,11.6636952,Hotel room,1,0,,266,88.0,EUR per night,8.475789232088049,5-10 km from Oktoberfest,,,
1592117373851342864,Tudering-Riem,48.13311,11.6637,Hotel room,1,0,,278,163.0,EUR per night,8.476149105934095,5-10 km from Oktoberfest,,,
1592117380049974236,Tudering-Riem,48.1331078,11.6636952,Hotel room,1,0,,278,163.0,EUR per night,8.475789232088049,5-10 km from Oktoberfest,,,
1592117409713817053,Tudering-Riem,48.1331078,11.6636952,Hotel room,1,0,,264,83.0,EUR per night,8.475789232088049,5-10 km from Oktoberfest,,,
1592117411825853432,Tudering-Riem,48.1331078,11.6636952,Hotel room,1,7,1.35,264,68.0,EUR per night,8.475789232088049,5-10 km from Oktoberfest,,,
1592585079897639308,Schwanthalerhöhe,48.13712,11.54877,Private room,1,2,1.05,188,109.0,EUR per night,0.5829600640023018,0-2 km from Oktoberfest,,,
1592659827559137216,Feldmoching-Hasenbergl,48.20123,11.50951,Private room,1,0,,57,115.0,EUR per night,8.25995360649017,5-10 km from Oktoberfest,,,
1592873694998261801,Thalkirchen-Obersendling-Forstenried-Fürstenried-Solln,48.0892891,11.4832201,Entire home/apt,1,1,1.0,5,95.0,EUR per night,6.8311807787589585,5-10 km from Oktoberfest,,,
1593570839852256703,Schwabing-Freimann,48.19805,11.62531,Private room,1,1,1.0,32,236.0,EUR per night,9.258322174788358,5-10 km from Oktoberfest,,,
1594214649043334817,Schwanthalerhöhe,48.13696794967356,11.540832549289444,Entire home/apt,2,5,0.9,11,243.0,EUR per night,0.8551524114658084,0-2 km from Oktoberfest,,,
1594350813465189428,Ludwigsvorstadt-Isarvorstadt,48.126824,11.5560189,Private room,1,9,1.79,7,69.0,EUR per night,0.7434059215884723,0-2 km from Oktoberfest,,,
1594802121034888498,Maxvorstadt,48.14393,11.55823,Entire home/apt,3,1,0.18,79,129.0,EUR per night,1.4862804168345827,0-2 km from Oktoberfest,,,
1595588944788120115,Obergiesing,48.11708309999999,11.5906337,Entire home/apt,1,3,0.56,306,135.0,EUR per night,3.4692918584538983,2-5 km from Oktoberfest,,,
1595593727821851871,Obergiesing,48.11708309999999,11.5906337,Entire home/apt,1,1,0.2,326,74.0,EUR per night,3.4692918584538983,2-5 km from Oktoberfest,,,
1595597739114847147,Obergiesing,48.11708309999999,11.5906337,Entire home/apt,1,2,0.49,211,142.0,EUR per night,3.4692918584538983,2-5 km from Oktoberfest,,,
1595656900501700678,Maxvorstadt,48.15167,11.56714,Private room,1,2,0.44,28,68.0,EUR per night,2.5584719067531774,2-5 km from Oktoberfest,,,
1596307867235254064,Ramersdorf-Perlach,48.1221263,11.6019382,Entire home/apt,2,12,2.81,13,325.0,EUR per night,4.040879884965535,2-5 km from Oktoberfest,,,
1596378656162826245,Berg am Laim,48.1325414,11.630354,Entire home/apt,1,19,3.61,160,150.0,EUR per night,6.000844498607996,5-10 km from Oktoberfest,,,
1597151903740489654,Thalkirchen-Obersendling-Forstenried-Fürstenried-Solln,48.1006,11.53327,Entire home/apt,1,22,4.58,234,350.0,EUR per night,3.6830505149419634,2-5 km from Oktoberfest,,,
1598681205491853081,Bogenhausen,48.1524098,11.6053228,Entire home/apt,2,5,1.11,304,329.0,EUR per night,4.728324391787965,2-5 km from Oktoberfest,,,
1599329355417978486,Maxvorstadt,48.14622773785946,11.57452982876937,Entire home/apt,2,0,,99,278.0,EUR per night,2.4469838489802473,2-5 km from Oktoberfest,,,
1599421164904627683,Feldmoching-Hasenbergl,48.20616,11.53388,Entire home/apt,1,3,1.55,141,686.0,EUR per night,8.338190486869529,5-10 km from Oktoberfest,,,
1599819867558698334,Schwabing-Freimann,48.16239360058397,11.596332677743051,Entire home/apt,6,0,,42,117.0,EUR per night,4.854875216765007,2-5 km from Oktoberfest,,,
1600680152987280653,Milbertshofen-Am Hart,48.1777569,11.5668702,Entire home/apt,3,1,0.41,165,106.0,EUR per night,5.259340381103238,5-10 km from Oktoberfest,,,
1600972222263715125,Sendling-Westpark,48.11694,11.52961,Private room,1,0,,182,375.0,EUR per night,2.224112847270844,2-5 km from Oktoberfest,,,
1601958033391207500,Sendling-Westpark,48.11766035725221,11.52735401322081,Private room,1,5,1.16,148,113.0,EUR per night,2.282328518772577,2-5 km from Oktoberfest,,,
1602414728530645605,Thalkirchen-Obersendling-Forstenried-Fürstenried-Solln,48.07987,11.50369,Private room,2,2,2.0,343,83.0,EUR per night,6.711295955779472,5-10 km from Oktoberfest,,,
1602778366385888097,Schwabing-West,48.16464,11.56479,Entire home/apt,2,15,3.28,253,180.0,EUR per night,3.8131585519905946,2-5 km from Oktoberfest,,,
1602825485675388094,Bogenhausen,48.14392,11.65959,Entire home/apt,1,5,1.32,358,124.0,EUR per night,8.277822693962534,5-10 km from Oktoberfest,,,
1602991643294837611,Ludwigsvorstadt-Isarvorstadt,48.12296,11.56202,Entire home/apt,1,12,4.5,320,261.0,EUR per night,1.3607630043458983,0-2 km from Oktoberfest,,,
1603454513698644761,Tudering-Riem,48.11332768246719,11.682683579202656,Entire home/apt,1,4,1.67,243,153.0,EUR per night,10.09920713952705,10+ km from Oktoberfest,,,
1603483836145192180,Neuhausen-Nymphenburg,48.14425170000001,11.5372672,Entire home/apt,1,3,0.7,356,124.0,EUR per night,1.6463074395916102,0-2 km from Oktoberfest,,,
1603833220815202497,Neuhausen-Nymphenburg,48.14722,11.53375,Shared room,2,6,1.29,333,48.0,EUR per night,2.065857174759644,2-5 km from Oktoberfest,,,
1604214756361220899,Neuhausen-Nymphenburg,48.14515,11.53294,Entire home/apt,1,1,0.5,5,161.0,EUR per night,1.9185152304670163,0-2 km from Oktoberfest,,,
1605037132654670718,Sendling,48.11052,11.53645,Entire home/apt,1,9,1.94,336,641.0,EUR per night,2.5671262647538153,2-5 km from Oktoberfest,,,
1605871164139603221,Berg am Laim,48.12466179305677,11.635321540475449,Entire home/apt,1,10,2.42,222,144.0,EUR per night,6.4202142647787195,5-10 km from Oktoberfest,,,
1606473092984264819,Pasing-Obermenzing,48.16438,11.48739,Entire home/apt,1,0,,96,179.0,EUR per night,5.854644900003913,5-10 km from Oktoberfest,,,
1606601766831532429,Bogenhausen,48.15518,11.64009,Entire home/apt,4,0,,89,489.0,EUR per night,7.202720820525967,5-10 km from Oktoberfest,,,
1606858588644529160,Altstadt-Lehel,48.1354023,11.579352,Entire home/apt,2,4,0.89,95,380.0,EUR per night,2.2493152860287853,2-5 km from Oktoberfest,,,
1607078614370603300,Au-Haidhausen,48.11877586266526,11.57693028147583,Entire home/apt,1,0,,227,302.0,EUR per night,2.504952713074559,2-5 km from Oktoberfest,,,
1607164187679931200,Bogenhausen,48.14382,11.66003,Private room,1,2,1.07,363,139.0,EUR per night,8.308272774749009,5-10 km from Oktoberfest,,,
1607293089907574366,Schwabing-Freimann,48.17499725299668,11.586567610502245,Entire home/apt,1,3,1.64,308,83.0,EUR per night,5.525064144143683,5-10 km from Oktoberfest,,,
1608010392913384135,Berg am Laim,48.12442,11.60715,Entire home/apt,4,0,,20,924.0,EUR per night,4.358810782697754,2-5 km from Oktoberfest,,,
1608190471550999762,Pasing-Obermenzing,48.14733610777451,11.454969829803115,Private room,1,9,1.96,112,90.0,EUR per night,7.221310899836644,5-10 km from Oktoberfest,,,
1608659663156212996,Au-Haidhausen,48.12674,11.57776,Private room,4,1,0.61,82,107.0,EUR per night,2.17444370818616,2-5 km from Oktoberfest,,,
1609496280300654675,Bogenhausen,48.168118173729866,11.64576804979462,Private room,2,1,1.0,258,80.0,EUR per night,8.199100063614337,5-10 km from Oktoberfest,,,
1610173997093215612,Thalkirchen-Obersendling-Forstenried-Fürstenried-Solln,48.08304,11.48522,Private room,7,0,,43,17.0,EUR per night,7.2316040569458115,5-10 km from Oktoberfest,,,
1611089056842102630,Hadern,48.12249,11.48383,Private room,1,2,1.09,182,110.0,EUR per night,4.985094792316409,2-5 km from Oktoberfest,,,
1613027397504449038,Ludwigsvorstadt-Isarvorstadt,48.13895,11.55348,Private room,1,16,7.5,353,128.0,EUR per night,0.8377162434172815,0-2 km from Oktoberfest,,,
1613027409929721446,Laim,48.1441,11.49503,Private room,1,29,12.79,317,84.0,EUR per night,4.263507319192619,2-5 km from Oktoberfest,,,
1613027689777466486,Neuhausen-Nymphenburg,48.14557,11.54077,Private room,1,38,16.76,327,74.0,EUR per night,1.6523156720178762,0-2 km from Oktoberfest,,,
1613261061727588086,Untergiesing-Harlaching,48.117446550686566,11.572305488644163,Entire home/apt,1,17,3.92,340,163.0,EUR per night,2.334140140071458,2-5 km from Oktoberfest,,,
1613941242723834900,Schwabing-West,48.16069,11.56924,Private room,1,6,2.0,145,61.0,EUR per night,3.520409206263399,2-5 km from Oktoberfest,,,
1613981428177748120,Bogenhausen,48.16417,11.64319,Entire home/apt,1,0,,289,192.0,EUR per night,7.82242312699364,5-10 km from Oktoberfest,,,
1613990583350615640,Bogenhausen,48.16617,11.64395,Entire home/apt,1,1,1.0,357,241.0,EUR per night,7.976268231212857,5-10 km from Oktoberfest,,,
1615062454546030401,Bogenhausen,48.17142,11.6418,Entire home/apt,2,8,1.78,168,132.0,EUR per night,8.136095390269695,5-10 km from Oktoberfest,,,
1615100788135541070,Tudering-Riem,48.13587,11.66348,Private room,1,3,1.08,365,79.0,EUR per night,8.470038547050565,5-10 km from Oktoberfest,,,
1615102742138486853,Tudering-Riem,48.13767486413096,11.662123098943171,Private room,1,1,0.29,365,74.0,EUR per night,8.38231562774532,5-10 km from Oktoberfest,,,
1615105506344703257,Tudering-Riem,48.13748,11.66206,Private room,1,0,,365,96.0,EUR per night,8.376029719855563,5-10 km from Oktoberfest,,,
1615174362506478522,Au-Haidhausen,48.12973,11.58767,Entire home/apt,1,0,,355,101.0,EUR per night,2.8430470819420104,2-5 km from Oktoberfest,,,
1615184127483406927,Laim,48.1426481,11.5044256,Entire home/apt,1,11,3.93,297,301.0,EUR per night,3.5518856109161483,2-5 km from Oktoberfest,,,
1615200749884093537,Laim,48.1426481,11.5044256,Entire home/apt,1,5,1.95,307,199.0,EUR per night,3.5518856109161483,2-5 km from Oktoberfest,,,
1615204225961158928,Feldmoching-Hasenbergl,48.21181,11.55653,Entire home/apt,3,0,,49,132.0,EUR per night,8.9008661362742,5-10 km from Oktoberfest,,,
1615374645659920970,Bogenhausen,48.14283,11.60462,Entire home/apt,3,1,1.0,187,196.0,EUR per night,4.266959239900601,2-5 km from Oktoberfest,,,
1615830304749221355,Neuhausen-Nymphenburg,48.15149,11.53537,Private room,1,0,,289,89.0,EUR per night,2.4174879395036877,2-5 km from Oktoberfest,,,
1616091451556791461,Thalkirchen-Obersendling-Forstenried-Fürstenried-Solln,48.0808,11.53396,Private room,1,2,1.09,363,120.0,EUR per night,5.798033052012219,5-10 km from Oktoberfest,,,
1616734696473634390,Bogenhausen,48.146613894284,11.61584669336225,Entire home/apt,5,0,,357,272.0,EUR per night,5.187862343785846,5-10 km from Oktoberfest,,,
1616878758707068577,Tudering-Riem,48.1027622,11.6620683,Private room,1,3,0.77,1,43.0,EUR per night,8.962577996747475,5-10 km from Oktoberfest,,,
1617349147901437689,Ramersdorf-Perlach,48.11157861814824,11.638148351746963,Entire home/apt,4,0,,334,68.0,EUR per night,6.95737413947824,5-10 km from Oktoberfest,,,
1617455820694127102,Thalkirchen-Obersendling-Forstenried-Fürstenried-Solln,48.0960002,11.5126334,Hotel room,1,0,,274,133.0,EUR per night,4.840040931694835,2-5 km from Oktoberfest,,,
1617455823576730726,Thalkirchen-Obersendling-Forstenried-Fürstenried-Solln,48.0960002,11.5126334,Hotel room,1,0,,274,133.0,EUR per night,4.840040931694835,2-5 km from Oktoberfest,,,
1617980280755916657,Milbertshofen-Am Hart,48.179432911236034,11.574889607727528,Entire home/apt,3,7,1.88,244,350.0,EUR per night,5.610950602712176,5-10 km from Oktoberfest,,,
1618241966966249850,Obergiesing,48.10505,11.58989,Private room,1,0,,337,49.0,EUR per night,4.231230762845703,2-5 km from Oktoberfest,,,
1618800102914353972,Maxvorstadt,48.1536319,11.5747473,Private room,7,0,,47,58.0,EUR per night,3.05754663956695,2-5 km from Oktoberfest,,,
1619400432642500771,Ludwigsvorstadt-Isarvorstadt,48.130273,11.5726564,Private room,14,0,,88,53.0,EUR per night,1.7280410659262786,0-2 km from Oktoberfest,,,
1620222749290160711,Neuhausen-Nymphenburg,48.15719213480661,11.544202877384938,Private room,1,0,,74,241.0,EUR per night,2.839686243343695,2-5 km from Oktoberfest,,,
1620240601032849543,Sendling-Westpark,48.11856358270316,11.533986389991226,Entire home/apt,2,1,0.56,329,170.0,EUR per night,1.8774975878403755,0-2 km from Oktoberfest,,,
1621743339582964223,Au-Haidhausen,48.13512,11.60736,Entire home/apt,3,0,,179,256.0,EUR per night,4.30876065468013,2-5 km from Oktoberfest,,,
1621821162435537685,Bogenhausen,48.17684,11.63158,Private room,1,5,1.19,5,76.0,EUR per night,7.876815101211358,5-10 km from Oktoberfest,,,
1621879137353844470,Thalkirchen-Obersendling-Forstenried-Fürstenried-Solln,48.10001,11.52795,Entire home/apt,1,0,,345,200.0,EUR per night,3.890181448935863,2-5 km from Oktoberfest,,,
1622452449975315211,Aubing-Lochhausen-Langwied,48.15613,11.41761,Entire home/apt,3,0,,347,74.0,EUR per night,10.149831216170732,10+ km from Oktoberfest,,,
1622602226132746625,Altstadt-Lehel,48.13989,11.57309,Entire home/apt,3,3,1.67,29,246.0,EUR per night,1.9631098177470625,0-2 km from Oktoberfest,,,
1623244288812932619,Pasing-Obermenzing,48.1418378,11.4657168,Entire home/apt,29,0,,138,66.0,EUR per night,6.314681542082661,5-10 km from Oktoberfest,,,
1624774087658594584,Ludwigsvorstadt-Isarvorstadt,48.13615,11.55455,Private room,1,2,0.97,126,138.0,EUR per night,0.6031396516290344,0-2 km from Oktoberfest,,,
1624774087750469775,Ludwigsvorstadt-Isarvorstadt,48.13615,11.55455,Private room,1,1,0.44,144,121.0,EUR per night,0.6031396516290344,0-2 km from Oktoberfest,,,
1625347618250485242,Ramersdorf-Perlach,48.104930633897865,11.656877077947165,Private room,2,1,0.56,118,70.0,EUR per night,8.516379003010528,5-10 km from Oktoberfest,,,
1625619032456770001,Ludwigsvorstadt-Isarvorstadt,48.12983,11.56471,Private room,14,0,,135,70.0,EUR per night,1.1520382281939114,0-2 km from Oktoberfest,,,
1625925584841860482,Au-Haidhausen,48.12768206227462,11.582909426855773,Private room,1,9,2.37,340,73.0,EUR per night,2.5235003614166573,2-5 km from Oktoberfest,,,
1626219178559777559,Ludwigsvorstadt-Isarvorstadt,48.1282899,11.5672847,Entire home/apt,3,2,0.71,110,887.0,EUR per night,1.3796041314262821,0-2 km from Oktoberfest,,,
1626252076765165264,Obergiesing,48.1176447,11.5806317,Entire home/apt,3,3,1.73,179,164.0,EUR per night,2.8021404215391263,2-5 km from Oktoberfest,,,
1626823608057717529,Ludwigsvorstadt-Isarvorstadt,48.12393,11.56523,Private room,1,0,,123,56.0,EUR per night,1.4657339341760693,0-2 km from Oktoberfest,,,
1626841211686737020,Altstadt-Lehel,48.14018752623632,11.589979617933636,Entire home/apt,8,0,,29,163.0,EUR per night,3.142066907641807,2-5 km from Oktoberfest,,,
1626953427581304608,Schwabing-West,48.17301554404874,11.574067962371911,Entire home/apt,1,0,,353,160.0,EUR per night,4.921726089860148,2-5 km from Oktoberfest,,,
1627467162825166217,Schwabing-West,48.16083,11.57119,Entire home/apt,7,1,0.77,105,337.0,EUR per night,3.5969281633025556,2-5 km from Oktoberfest,,,
1627628685505382271,Schwabing-West,48.160896602492926,11.574917734990043,Entire home/apt,1,6,2.47,110,110.0,EUR per night,3.735266448248275,2-5 km from Oktoberfest,,,
1628169807525214692,Schwabing-West,48.15861,11.56689,Private room,1,0,,39,53.0,EUR per night,3.238164540453264,2-5 km from Oktoberfest,,,
1628991491692954807,Ludwigsvorstadt-Isarvorstadt,48.13725,11.56105,Entire home/apt,4,1,0.26,48,80.0,EUR per night,1.0433381059059417,0-2 km from Oktoberfest,,,
1629075537628593989,Au-Haidhausen,48.13748,11.60703,Entire home/apt,2,7,2.14,27,603.0,EUR per night,4.314122375153668,2-5 km from Oktoberfest,,,
1629190621094836935,Laim,48.14291,11.5055,Entire home/apt,1,6,2.2,267,131.0,EUR per night,3.4870209018037364,2-5 km from Oktoberfest,,,
1629778280211503101,Ludwigsvorstadt-Isarvorstadt,48.1206406253642,11.55791725963354,Entire home/apt,6,0,,21,225.0,EUR per night,1.3992036403497086,0-2 km from Oktoberfest,,,
1629800860853825296,Au-Haidhausen,48.13444,11.59744,Entire home/apt,1,18,4.7,315,418.0,EUR per night,3.568900394928061,2-5 km from Oktoberfest,,,
1629980816995047767,Au-Haidhausen,48.1236,11.5932,Entire home/apt,7,0,,150,108.0,EUR per night,3.3721460926684057,2-5 km from Oktoberfest,,,
1630807419060132407,Sendling-Westpark,48.12889550125139,11.516530774533749,Entire home/apt,1,8,2.38,41,210.0,EUR per night,2.4695354894759394,2-5 km from Oktoberfest,,,
1631591840062863244,Thalkirchen-Obersendling-Forstenried-Fürstenried-Solln,48.10315138907995,11.54372502118349,Entire home/apt,1,4,1.46,95,235.0,EUR per night,3.2253176107999604,2-5 km from Oktoberfest,,,
1631952748855532697,Schwabing-Freimann,48.20466,11.6064,Entire home/apt,1,0,,178,83.0,EUR per night,9.124867669053526,5-10 km from Oktoberfest,,,
1632177501982661035,Ramersdorf-Perlach,48.113978898817535,11.61612756550312,Private room,1,0,,87,86.0,EUR per night,5.331907379128664,5-10 km from Oktoberfest,,,
1632449136615492860,Thalkirchen-Obersendling-Forstenried-Fürstenried-Solln,48.07774,11.52691,Private room,10,1,0.43,56,44.0,EUR per night,6.251548885997222,5-10 km from Oktoberfest,,,
1632473879258498820,Untergiesing-Harlaching,48.1051689,11.5702469,Private room,30,2,0.69,58,29.0,EUR per night,3.3476634053067587,2-5 km from Oktoberfest,,,
1632626620889077501,Tudering-Riem,48.13543,11.66991,Private room,1,1,0.68,192,64.0,EUR per night,8.944356459336369,5-10 km from Oktoberfest,,,
1632626794725956772,Tudering-Riem,48.13486,11.66922,Private room,1,6,6.0,197,139.0,EUR per night,8.890677854512168,5-10 km from Oktoberfest,,,
1632626876836007059,Tudering-Riem,48.1345,11.66808,Private room,1,1,0.26,190,100.0,EUR per night,8.804761017980198,5-10 km from Oktoberfest,,,
1632627089661997173,Tudering-Riem,48.13576,11.6695,Private room,1,1,1.0,219,129.0,EUR per night,8.915621974171422,5-10 km from Oktoberfest,,,
1632627200338095662,Tudering-Riem,48.13385202892491,11.670201085465932,Private room,1,2,2.0,210,174.0,EUR per night,8.960108388143812,5-10 km from Oktoberfest,,,
1632627276091240249,Tudering-Riem,48.13375,11.66889,Private room,1,0,,115,69.0,EUR per night,8.862577101051023,5-10 km from Oktoberfest,,,
1632627363451328764,Tudering-Riem,48.1359,11.66814,Private room,1,0,,210,126.0,EUR per night,8.815573527682652,5-10 km from Oktoberfest,,,
1632627572406043439,Tudering-Riem,48.13587,11.66978,Private room,1,0,,215,75.0,EUR per night,8.936963205085162,5-10 km from Oktoberfest,,,
1632726789674292616,Neuhausen-Nymphenburg,48.157932340928696,11.537934969311534,Entire home/apt,2,0,,112,380.0,EUR per night,3.0191645463139865,2-5 km from Oktoberfest,,,
1633553671638136921,Thalkirchen-Obersendling-Forstenried-Fürstenried-Solln,48.102,11.54299,Private room,3,1,0.32,83,56.0,EUR per night,3.359667943940188,2-5 km from Oktoberfest,,,
1633575250626956371,Bogenhausen,48.15486,11.6403,Entire home/apt,4,0,,260,165.0,EUR per night,7.204597105367189,5-10 km from Oktoberfest,,,
1633902774813972876,Laim,48.13877078331514,11.521723788722188,Private room,7,1,0.77,305,95.0,EUR per night,2.1982646439989315,2-5 km from Oktoberfest,,,
1633996072850224376,Obergiesing,48.11218323797357,11.584055139078291,Private room,1,5,2.08,112,83.0,EUR per night,3.3742560180578804,2-5 km from Oktoberfest,,,
1633998421682222432,Moosach,48.18036,11.50242,Entire home/apt,1,1,0.86,242,117.0,EUR per night,6.421239161516237,5-10 km from Oktoberfest,,,
1634218587000577743,Sendling-Westpark,48.12012364683631,11.518125469772984,Private room,1,9,3.14,269,115.0,EUR per night,2.6716038721745985,2-5 km from Oktoberfest,,,
1634683708522387476,Schwabing-Freimann,48.16449,11.59094,Entire home/apt,3,2,0.88,116,632.0,EUR per night,4.75230080401158,2-5 km from Oktoberfest,,,
1634924223679544879,Feldmoching-Hasenbergl,48.20984654615636,11.560483384311391,Entire home/apt,5,0,,22,73.0,EUR per night,8.705447056225596,5-10 km from Oktoberfest,,,
1634940762902430523,Maxvorstadt,48.15325,11.56215,Entire home/apt,30,0,,69,81.0,EUR per night,2.5528243020973886,2-5 km from Oktoberfest,,,
1635792273641858940,Schwabing-Freimann,48.20682,11.6133,Entire home/apt,2,2,2.0,111,80.0,EUR per night,9.580541316053216,5-10 km from Oktoberfest,,,
1636752311974416256,Maxvorstadt,48.1506819,11.5541127,Entire home/apt,1,16,4.8,142,366.0,EUR per night,2.1163116507525985,2-5 km from Oktoberfest,,,
1636901921926319190,Maxvorstadt,48.14363,11.57365,Entire home/apt,1,1,0.38,20,100.0,EUR per night,2.2164587585255386,2-5 km from Oktoberfest,,,
1637173115903598549,Thalkirchen-Obersendling-Forstenried-Fürstenried-Solln,48.06798,11.51661,Private room,30,2,0.67,88,30.0,EUR per night,7.5155178237462295,5-10 km from Oktoberfest,,,
1637732522909088496,Tudering-Riem,48.13519,11.66936,Hotel room,1,3,1.01,277,67.0,EUR per night,8.902464145355802,5-10 km from Oktoberfest,,,
1637732533764234192,Tudering-Riem,48.13519,11.66936,Hotel room,1,0,,277,67.0,EUR per night,8.902464145355802,5-10 km from Oktoberfest,,,
1637732535420954827,Tudering-Riem,48.13519,11.66936,Hotel room,1,2,0.92,271,144.0,EUR per night,8.902464145355802,5-10 km from Oktoberfest,,,
1637732541417248483,Tudering-Riem,48.13519,11.66936,Hotel room,1,0,,273,144.0,EUR per night,8.902464145355802,5-10 km from Oktoberfest,,,
1637732544848033322,Tudering-Riem,48.13519,11.66936,Hotel room,1,0,,293,123.0,EUR per night,8.902464145355802,5-10 km from Oktoberfest,,,
1637732547902337598,Tudering-Riem,48.13519,11.66936,Hotel room,1,0,,293,123.0,EUR per night,8.902464145355802,5-10 km from Oktoberfest,,,
1637732549683207543,Tudering-Riem,48.13519,11.66936,Hotel room,1,0,,295,160.0,EUR per night,8.902464145355802,5-10 km from Oktoberfest,,,
1637732557217090782,Tudering-Riem,48.13519,11.66936,Hotel room,1,0,,295,160.0,EUR per night,8.902464145355802,5-10 km from Oktoberfest,,,
1637732561012350196,Tudering-Riem,48.1351891,11.6693599,Hotel room,1,0,,290,93.0,EUR per night,8.902452696536239,5-10 km from Oktoberfest,,,
1637732561233142329,Tudering-Riem,48.13519,11.66936,Hotel room,1,0,,179,100.0,EUR per night,8.902464145355802,5-10 km from Oktoberfest,,,
1637732561433394969,Tudering-Riem,48.13519,11.66936,Hotel room,1,0,,290,93.0,EUR per night,8.902464145355802,5-10 km from Oktoberfest,,,
1637732565647071514,Tudering-Riem,48.1351891,11.6693599,Hotel room,1,0,,179,100.0,EUR per night,8.902452696536239,5-10 km from Oktoberfest,,,
1637732573242108765,Tudering-Riem,48.13519,11.66936,Hotel room,1,0,,306,131.0,EUR per night,8.902464145355802,5-10 km from Oktoberfest,,,
1637732575848244362,Tudering-Riem,48.13519,11.66936,Hotel room,1,0,,306,131.0,EUR per night,8.902464145355802,5-10 km from Oktoberfest,,,
1637732578371811253,Tudering-Riem,48.1351891,11.6693599,Hotel room,1,2,2.0,300,78.0,EUR per night,8.902452696536239,5-10 km from Oktoberfest,,,
1637732581234165659,Tudering-Riem,48.13519,11.66936,Hotel room,1,1,1.0,300,78.0,EUR per night,8.902464145355802,5-10 km from Oktoberfest,,,
1637750766616281891,Schwabing-West,48.16112659722091,11.55446960943275,Entire home/apt,1,1,0.47,240,900.0,EUR per night,3.2706980356634388,2-5 km from Oktoberfest,,,
1637935702075790983,Tudering-Riem,48.12222,11.66138,Private room,1,8,5.11,144,91.0,EUR per night,8.37325894251311,5-10 km from Oktoberfest,,,
1637935702256074087,Tudering-Riem,48.12222,11.66138,Private room,1,5,3.75,144,91.0,EUR per night,8.37325894251311,5-10 km from Oktoberfest,,,
1638356229948442260,Moosach,48.17938697910716,11.500206275190424,Entire home/apt,1,0,,276,195.0,EUR per night,6.422785379668764,5-10 km from Oktoberfest,,,
1638895948685069093,Berg am Laim,48.13172694206678,11.617967560887337,Private room,1,10,3.13,293,76.0,EUR per night,5.081262231151735,5-10 km from Oktoberfest,,,
1639025383707265813,Ludwigsvorstadt-Isarvorstadt,48.1371916,11.556649,Entire home/apt,1,34,15.22,359,140.0,EUR per night,0.7922564139970356,0-2 km from Oktoberfest,,,
1639065164643171565,Milbertshofen-Am Hart,48.185005,11.5503939,Entire home/apt,1,2,1.67,319,117.0,EUR per night,5.905378825560919,5-10 km from Oktoberfest,,,
1639067447152398475,Ludwigsvorstadt-Isarvorstadt,48.13693013665466,11.557778095028866,Entire home/apt,1,41,14.47,352,140.0,EUR per night,0.8308006718130659,0-2 km from Oktoberfest,,,
1639075790495732926,Ludwigsvorstadt-Isarvorstadt,48.13631,11.55605,Entire home/apt,1,12,4.24,320,334.0,EUR per night,0.6904590955089747,0-2 km from Oktoberfest,,,
1639161499807707955,Neuhausen-Nymphenburg,48.16184,11.53943,Private room,1,2,1.36,188,70.0,EUR per night,3.4119774189662255,2-5 km from Oktoberfest,,,
1639322030317302597,Moosach,48.180167,11.506772,Private room,1,3,1.88,144,105.0,EUR per night,6.233051390993039,5-10 km from Oktoberfest,,,
1639322030564806216,Moosach,48.18017,11.50677,Private room,1,1,1.0,81,94.0,EUR per night,6.233414020823844,5-10 km from Oktoberfest,,,
1639322048319413786,Schwabing-Freimann,48.1749333,11.5986766,Private room,1,16,8.89,364,108.0,EUR per night,6.017076879354419,5-10 km from Oktoberfest,,,
1639322048370292034,Schwabing-Freimann,48.17493,11.59868,Private room,1,10,5.0,361,108.0,EUR per night,6.016938069706787,5-10 km from Oktoberfest,,,
1639322152657611817,Moosach,48.18178,11.53569,Private room,1,14,7.37,139,81.0,EUR per night,5.640209334971675,5-10 km from Oktoberfest,,,
1639322153006502524,Moosach,48.18178,11.53569,Private room,1,28,13.55,144,99.0,EUR per night,5.640209334971675,5-10 km from Oktoberfest,,,
1639322293313092295,Schwabing-Freimann,48.18709,11.60639,Private room,1,2,1.09,143,89.0,EUR per night,7.447622062769725,5-10 km from Oktoberfest,,,
1639322293399247761,Schwabing-Freimann,48.18709,11.60639,Private room,1,1,1.0,144,89.0,EUR per night,7.447622062769725,5-10 km from Oktoberfest,,,
1639322404697400428,Sendling-Westpark,48.1331723,11.5248325,Private room,1,13,6.39,140,69.0,EUR per night,1.8360972992753797,0-2 km from Oktoberfest,,,
1639322404765270472,Sendling-Westpark,48.13317,11.52483,Private room,1,1,0.53,141,110.0,EUR per night,1.8362626341066248,0-2 km from Oktoberfest,,,
1639322405195584574,Sendling-Westpark,48.13317,11.52483,Private room,1,7,7.0,144,69.0,EUR per night,1.8362626341066248,0-2 km from Oktoberfest,,,
1639322405725670280,Sendling-Westpark,48.13317,11.52483,Private room,1,9,6.59,131,69.0,EUR per night,1.8362626341066248,0-2 km from Oktoberfest,,,
1639322423506557842,Tudering-Riem,48.1198826,11.6757771,Private room,1,0,,144,107.0,EUR per night,9.467340131654963,5-10 km from Oktoberfest,,,
1640470841301128611,Maxvorstadt,48.15122,11.56666,Private room,1,4,2.07,73,89.0,EUR per night,2.497265310461995,2-5 km from Oktoberfest,,,
1641257707002080898,Pasing-Obermenzing,48.1391,11.44059,Entire home/apt,4,0,,58,111.0,EUR per night,8.121582032437441,5-10 km from Oktoberfest,,,
1641279104733753883,Milbertshofen-Am Hart,48.20797069715676,11.572422394729417,Entire home/apt,1,0,,344,64.0,EUR per night,8.627793419767777,5-10 km from Oktoberfest,,,
1642134985773910552,Schwabing-West,48.1677216,11.5742306,Entire home/apt,1,0,,179,165.0,EUR per night,4.3854148272835465,2-5 km from Oktoberfest,,,
1642651213359086543,Ludwigsvorstadt-Isarvorstadt,48.12916,11.55503,Entire home/apt,2,13,4.06,242,466.0,EUR per night,0.5111398983255822,0-2 km from Oktoberfest,,,
1642706473273142349,Maxvorstadt,48.14434,11.56063,Entire home/apt,2,1,1.0,196,434.0,EUR per night,1.6110637125803087,0-2 km from Oktoberfest,,,
1642713241382332607,Laim,48.13542,11.52018,Private room,7,0,,362,75.0,EUR per night,2.2107890851394716,2-5 km from Oktoberfest,,,
1643339467792456702,Sendling,48.10896,11.53757,Private room,1,18,7.61,293,61.0,EUR per night,2.7001601593823508,2-5 km from Oktoberfest,,,
1643358483949681857,Au-Haidhausen,48.12906,11.58703,Entire home/apt,1,6,2.07,321,198.0,EUR per night,2.8031545836737717,2-5 km from Oktoberfest,,,
1643359333351624263,Thalkirchen-Obersendling-Forstenried-Fürstenried-Solln,48.09567,11.53919,Entire home/apt,1,2,1.11,244,126.0,EUR per night,4.100659589868434,2-5 km from Oktoberfest,,,
1643375479409998319,Ludwigsvorstadt-Isarvorstadt,48.13637,11.55761,Entire home/apt,1,10,4.17,323,165.0,EUR per night,0.7805561069103386,0-2 km from Oktoberfest,,,
1643389757664691122,Neuhausen-Nymphenburg,48.1483429,11.5412722,Private room,10,0,,56,56.0,EUR per night,1.9276036860432053,0-2 km from Oktoberfest,,,
1643956480928811010,Neuhausen-Nymphenburg,48.1510231,11.5300334,Private room,1,0,,52,113.0,EUR per night,2.5705792647743917,2-5 km from Oktoberfest,,,
1644245324280203983,Schwabing-Freimann,48.16523049718978,11.580919548869131,Private room,1,1,0.44,2,146.0,EUR per night,4.3782801147242925,2-5 km from Oktoberfest,,,
1644295468487063331,Aubing-Lochhausen-Langwied,48.14913,11.42939,Private room,30,0,,39,27.0,EUR per night,9.11589209559689,5-10 km from Oktoberfest,,,
1644806358200041955,Maxvorstadt,48.1515341,11.5770324,Entire home/apt,3,0,,335,101.0,EUR per night,2.9899490712620485,2-5 km from Oktoberfest,,,
1644838090990812380,Obergiesing,48.1046,11.59134,Entire home/apt,3,4,1.71,52,154.0,EUR per night,4.343008695467234,2-5 km from Oktoberfest,,,
1644873677878469041,Moosach,48.18092,11.50196,Private room,1,0,,248,476.0,EUR per night,6.492043167770396,5-10 km from Oktoberfest,,,
1644885600745572532,Moosach,48.18121,11.50015,Private room,1,0,,211,290.0,EUR per night,6.592729617443064,5-10 km from Oktoberfest,,,
1644951168943948144,Pasing-Obermenzing,48.15976192464595,11.452063323417674,Private room,1,3,1.61,237,99.0,EUR per night,7.865044316036261,5-10 km from Oktoberfest,,,
1645655746531141955,Schwabing-West,48.16436831575541,11.566763102129356,Entire home/apt,1,2,0.94,270,217.0,EUR per night,3.830753638546374,2-5 km from Oktoberfest,,,
1646106920478438182,Obergiesing,48.11364,11.57844,Entire home/apt,2,0,,177,236.0,EUR per night,2.955845808265637,2-5 km from Oktoberfest,,,
1647989718103540981,Altstadt-Lehel,48.14151,11.58929,Entire home/apt,2,0,,94,195.0,EUR per night,3.1400927437006017,2-5 km from Oktoberfest,,,
1648027418373710534,Milbertshofen-Am Hart,48.18639,11.55198,Entire home/apt,4,1,0.64,26,59.0,EUR per night,6.061803300556104,5-10 km from Oktoberfest,,,
1648407208723522405,Feldmoching-Hasenbergl,48.19969,11.5439,Entire home/apt,2,9,3.14,341,90.0,EUR per night,7.549337023335588,5-10 km from Oktoberfest,,,
1648594063417901857,Sendling,48.12032,11.53937,Private room,2,0,,7,60.0,EUR per night,1.4910782869580963,0-2 km from Oktoberfest,,,
1648627080199777409,Schwanthalerhöhe,48.1378041,11.5454204,Entire home/apt,1,5,2.0,283,146.0,EUR per night,0.722948137123131,0-2 km from Oktoberfest,,,
1648631546565332492,Schwanthalerhöhe,48.1378041,11.5454204,Entire home/apt,1,42,16.8,316,133.0,EUR per night,0.722948137123131,0-2 km from Oktoberfest,,,
1648635219908545088,Schwanthalerhöhe,48.1378041,11.5454204,Entire home/apt,1,44,16.5,321,145.0,EUR per night,0.722948137123131,0-2 km from Oktoberfest,,,
1648639795404856800,Schwanthalerhöhe,48.1378041,11.5454204,Entire home/apt,1,5,1.9,309,145.0,EUR per night,0.722948137123131,0-2 km from Oktoberfest,,,
1649073615976947702,Thalkirchen-Obersendling-Forstenried-Fürstenried-Solln,48.07892905200692,11.513305573823269,Entire home/apt,2,0,,109,259.0,EUR per night,6.474252146700869,5-10 km from Oktoberfest,,,
1649184327858228741,Ludwigsvorstadt-Isarvorstadt,48.13149800793381,11.565646497946664,Private room,2,10,3.9,323,144.0,EUR per night,1.199126244006325,0-2 km from Oktoberfest,,,
1649360794739010453,Bogenhausen,48.14009859999999,11.6102632,Entire home/apt,5,1,1.0,127,230.0,EUR per night,4.600324133599884,2-5 km from Oktoberfest,,,
1650581108126386850,Milbertshofen-Am Hart,48.1852157,11.568123,Private room,1,0,,346,70.0,EUR per night,6.087240885800668,5-10 km from Oktoberfest,,,
1650708537988789171,Bogenhausen,48.15637354902935,11.63588762059284,Entire home/apt,1,1,0.56,264,550.0,EUR per night,6.963377387021346,5-10 km from Oktoberfest,,,
1650716677840936751,Ludwigsvorstadt-Isarvorstadt,48.1258018,11.56209,Entire home/apt,1,13,5.42,284,456.0,EUR per night,1.154519107998968,0-2 km from Oktoberfest,,,
1651256110218637131,Sendling-Westpark,48.11219,11.53058,Entire home/apt,1,0,,223,140.0,EUR per night,2.603007214187852,2-5 km from Oktoberfest,,,
1651274855198738536,Au-Haidhausen,48.12807,11.58214,Entire home/apt,1,2,1.03,17,140.0,EUR per night,2.459570001774418,2-5 km from Oktoberfest,,,
1652067217486822663,Ludwigsvorstadt-Isarvorstadt,48.12477565306167,11.561315897237602,Entire home/apt,1,10,3.61,302,456.0,EUR per night,1.1817891795745192,0-2 km from Oktoberfest,,,
1652103233942529348,Schwabing-West,48.16325,11.56782,Entire home/apt,1,2,1.03,59,196.0,EUR per night,3.7415616594751584,2-5 km from Oktoberfest,,,
1652363074501318289,Milbertshofen-Am Hart,48.18489,11.57693,Private room,2,10,3.45,25,75.0,EUR per night,6.23361430683132,5-10 km from Oktoberfest,,,
1652667329076635424,Neuhausen-Nymphenburg,48.15808,11.53268,Entire home/apt,3,1,0.64,184,142.0,EUR per night,3.1673003443812044,2-5 km from Oktoberfest,,,
1652697043203653797,Ludwigsvorstadt-Isarvorstadt,48.1375704,11.5633657,Private room,1,0,,304,115.0,EUR per night,1.2067828059027663,0-2 km from Oktoberfest,,,
1652772982518910083,Aubing-Lochhausen-Langwied,48.17947,11.41812,Private room,29,0,,241,23.0,EUR per night,11.088595986991542,10+ km from Oktoberfest,,,
1652806661233029966,Ludwigsvorstadt-Isarvorstadt,48.1375704,11.5633657,Private room,1,2,1.22,301,108.0,EUR per night,1.2067828059027663,0-2 km from Oktoberfest,,,
1652809688551410726,Ludwigsvorstadt-Isarvorstadt,48.1375704,11.5633657,Private room,1,10,3.53,322,83.0,EUR per night,1.2067828059027663,0-2 km from Oktoberfest,,,
1652814115285853307,Ludwigsvorstadt-Isarvorstadt,48.1375704,11.5633657,Private room,1,0,,307,119.0,EUR per night,1.2067828059027663,0-2 km from Oktoberfest,,,
1652816770988158365,Ludwigsvorstadt-Isarvorstadt,48.1375704,11.5633657,Private room,1,0,,318,116.0,EUR per night,1.2067828059027663,0-2 km from Oktoberfest,,,
1652818679693357007,Ludwigsvorstadt-Isarvorstadt,48.1375704,11.5633657,Private room,1,0,,288,164.0,EUR per night,1.2067828059027663,0-2 km from Oktoberfest,,,
1653044282002955285,Laim,48.13694,11.52113,Entire home/apt,1,5,2.05,76,145.0,EUR per night,2.1786471081834775,2-5 km from Oktoberfest,,,
1653585820574048262,Au-Haidhausen,48.12791446601198,11.600493026070184,Entire home/apt,1,20,7.14,167,149.0,EUR per night,3.810377339705232,2-5 km from Oktoberfest,,,
1653590567665552509,Bogenhausen,48.1511114,11.6184826,Private room,28,0,,287,97.0,EUR per night,5.546373111588361,5-10 km from Oktoberfest,,,
1653632816758269955,Tudering-Riem,48.13152689370672,11.685033179819584,Entire home/apt,2,3,1.67,170,205.0,EUR per night,10.058512578017131,10+ km from Oktoberfest,,,
1654118401424932249,Maxvorstadt,48.1507,11.55734,Entire home/apt,1,3,1.73,115,200.0,EUR per night,2.1698960820175306,2-5 km from Oktoberfest,,,
1654292047786095424,Altstadt-Lehel,48.13529,11.58191,Private room,1,0,,99,360.0,EUR per night,2.4345396854626133,2-5 km from Oktoberfest,,,
1654304251341343314,Schwabing-West,48.16165,11.57505,Private room,2,0,,321,81.0,EUR per night,3.8126773916303445,2-5 km from Oktoberfest,,,
1654849341909522250,Ludwigsvorstadt-Isarvorstadt,48.13707,11.56357,Private room,1,3,2.43,48,79.0,EUR per night,1.1919290301351584,0-2 km from Oktoberfest,,,
1655113160388615019,Schwabing-West,48.16203,11.56293,Entire home/apt,1,0,,39,280.0,EUR per night,3.4953302820097374,2-5 km from Oktoberfest,,,
1655855066862719436,Neuhausen-Nymphenburg,48.16364309999999,11.5077358,Private room,1,17,6.0,323,70.0,EUR per night,4.696737296028105,2-5 km from Oktoberfest,,,
1657105417586048344,Sendling,48.1165,11.5382,Private room,1,3,1.55,353,82.0,EUR per night,1.9067779325551693,0-2 km from Oktoberfest,,,
1657797691298100289,Neuhausen-Nymphenburg,48.15979,11.54032,Private room,1,1,0.57,86,100.0,EUR per night,3.1751371720107797,2-5 km from Oktoberfest,,,
1658185079404068527,Schwabing-Freimann,48.16927,11.58697,Private room,1,6,2.34,354,185.0,EUR per night,4.999407802404249,2-5 km from Oktoberfest,,,
1659208168465858049,Bogenhausen,48.1667175,11.6324022,Private room,2,0,,314,85.0,EUR per night,7.267452152822133,5-10 km from Oktoberfest,,,
1659349573374958453,Sendling-Westpark,48.10368,11.52119,Entire home/apt,14,0,,321,79.0,EUR per night,3.776652907754217,2-5 km from Oktoberfest,,,
1660351917014567853,Aubing-Lochhausen-Langwied,48.14287,11.4195,Shared room,3,0,,26,70.0,EUR per night,9.72353865064761,5-10 km from Oktoberfest,,,
1660369927824737029,Aubing-Lochhausen-Langwied,48.19244,11.40141,Entire home/apt,7,3,1.38,74,190.0,EUR per night,12.882548236264164,10+ km from Oktoberfest,,,
1660709673086119993,Schwabing-Freimann,48.1666612,11.5855158,Private room,3,1,0.56,85,116.0,EUR per night,4.698897860626554,2-5 km from Oktoberfest,,,
1660881420917758366,Schwabing-Freimann,48.15897,11.58251,Entire home/apt,2,0,,26,160.0,EUR per night,3.880551029904647,2-5 km from Oktoberfest,,,
1660916807555483134,Maxvorstadt,48.15007,11.55822,Entire home/apt,1,2,1.62,6,140.0,EUR per night,2.121487244428953,2-5 km from Oktoberfest,,,
1661467577650447529,Schwanthalerhöhe,48.1333722,11.5369651,Entire home/apt,7,1,0.42,13,242.0,EUR per night,0.9445394231916534,0-2 km from Oktoberfest,,,
1661492739689011547,Thalkirchen-Obersendling-Forstenried-Fürstenried-Solln,48.10151621937657,11.54044035610469,Private room,2,1,1.0,365,128.0,EUR per night,3.4448122971856936,2-5 km from Oktoberfest,,,
1661649480059166863,Bogenhausen,48.16216394170995,11.629861002279656,Private room,1,8,3.33,292,71.0,EUR per night,6.846264818572295,5-10 km from Oktoberfest,,,
1661850606934364516,Tudering-Riem,48.113606311834936,11.705144669391972,Entire home/apt,1,0,,332,272.0,EUR per night,11.730704542401332,10+ km from Oktoberfest,,,
1662066492353519137,Schwabing-West,48.16469,11.56723,Entire home/apt,1,3,1.25,88,119.0,EUR per night,3.8760997663819166,2-5 km from Oktoberfest,,,
1662697243731647081,Tudering-Riem,48.11194971269307,11.70725045129309,Entire home/apt,1,0,,323,116.0,EUR per night,11.917768512753739,10+ km from Oktoberfest,,,
1662839597714873116,Schwabing-West,48.17339,11.56571,Entire home/apt,2,3,1.55,69,100.0,EUR per night,4.767621649398957,2-5 km from Oktoberfest,,,
1662954800086205230,Maxvorstadt,48.14645,11.54295,Entire home/apt,5,1,0.68,14,107.0,EUR per night,1.6893135967757722,0-2 km from Oktoberfest,,,
1662976299852807949,Ludwigsvorstadt-Isarvorstadt,48.13254,11.57967,Entire home/apt,3,0,,37,202.0,EUR per night,2.2401380252609937,2-5 km from Oktoberfest,,,
1662977637610121702,Tudering-Riem,48.11696159915318,11.681187897920609,Entire home/apt,7,0,,362,514.0,EUR per night,9.91457748092416,5-10 km from Oktoberfest,,,
1663116152055491705,Neuhausen-Nymphenburg,48.14850176642358,11.532611686140786,Private room,1,7,2.92,85,60.0,EUR per night,2.2311858680429655,2-5 km from Oktoberfest,,,
1663120081847394741,Ludwigsvorstadt-Isarvorstadt,48.13268,11.56535,Entire home/apt,2,4,1.79,27,290.0,EUR per night,1.1794682923646758,0-2 km from Oktoberfest,,,
1663833197196173611,Ludwigsvorstadt-Isarvorstadt,48.13345,11.56521,Entire home/apt,2,0,,14,483.0,EUR per night,1.1785471047932532,0-2 km from Oktoberfest,,,
1664009015296420641,Untergiesing-Harlaching,48.1192,11.5709,Entire home/apt,1,0,,202,102.0,EUR per night,2.125357406578039,2-5 km from Oktoberfest,,,
1665371476948108019,Schwabing-West,48.16293161381642,11.57047614829819,Entire home/apt,17,1,1.0,89,119.0,EUR per night,3.7852665145182196,2-5 km from Oktoberfest,,,
1665445825212724337,Ludwigsvorstadt-Isarvorstadt,48.1263,11.56931,Entire home/apt,2,6,2.95,8,237.0,EUR per night,1.5966774033733881,0-2 km from Oktoberfest,,,
1665954210871379383,Ramersdorf-Perlach,48.08941134411603,11.634579893217184,Private room,3,1,0.57,327,217.0,EUR per night,7.888070620966266,5-10 km from Oktoberfest,,,
1667227411660048233,Sendling-Westpark,48.11354,11.52905,Entire home/apt,2,7,3.62,51,145.0,EUR per night,2.544015467367705,2-5 km from Oktoberfest,,,
1667586720894578881,Sendling-Westpark,48.11627,11.52938,Private room,1,2,1.11,339,111.0,EUR per night,2.2914657043939166,2-5 km from Oktoberfest,,,
1667618472386683577,Ramersdorf-Perlach,48.10184,11.65615,Entire home/apt,5,0,,10,66.0,EUR per night,8.593849978576243,5-10 km from Oktoberfest,,,
1667812859698528971,Ramersdorf-Perlach,48.1025052197327,11.618494279682636,Entire home/apt,1,1,1.0,115,149.0,EUR per night,6.075851363662399,5-10 km from Oktoberfest,,,
1667948353932204150,Aubing-Lochhausen-Langwied,48.17678,11.40148,Entire home/apt,3,2,1.36,20,194.0,EUR per night,12.061131084477182,10+ km from Oktoberfest,,,
1668064033311405579,Obergiesing,48.10383,11.58982,Entire home/apt,1,2,2.0,54,195.0,EUR per night,4.324445882434727,2-5 km from Oktoberfest,,,
1668159845871072506,Berg am Laim,48.1260706,11.6326647,Entire home/apt,10,1,1.0,41,115.0,EUR per night,6.206236419661977,5-10 km from Oktoberfest,,,
1668767702711012289,Aubing-Lochhausen-Langwied,48.14994,11.42733,Private room,3,1,0.56,70,58.0,EUR per night,9.28436039314204,5-10 km from Oktoberfest,,,
1668808821018021983,Ludwigsvorstadt-Isarvorstadt,48.13008,11.57783,Entire home/apt,1,2,2.0,56,394.0,EUR per night,2.11222297291396,2-5 km from Oktoberfest,,,
1668888973096844998,Tudering-Riem,48.11572,11.69478,Entire home/apt,1,0,,8,300.0,EUR per night,10.93248986347278,10+ km from Oktoberfest,,,
1668914560544844986,Schwabing-West,48.15828037349432,11.560231018593385,Entire home/apt,3,1,1.0,321,300.0,EUR per night,3.03949471055385,2-5 km from Oktoberfest,,,
1668974973118219199,Ludwigsvorstadt-Isarvorstadt,48.123915669971865,11.56772887170993,Entire home/apt,1,0,,365,395.0,EUR per night,1.618223779726159,0-2 km from Oktoberfest,,,
1669344942222595804,Schwanthalerhöhe,48.13588,11.53521,Entire home/apt,1,0,,179,165.0,EUR per night,1.1491091767469677,0-2 km from Oktoberfest,,,
1669652304601449689,Ludwigsvorstadt-Isarvorstadt,48.13133,11.56416,Entire home/apt,2,0,,36,410.0,EUR per night,1.0898205620019246,0-2 km from Oktoberfest,,,
1669697321182900187,Schwanthalerhöhe,48.13989,11.52825,Entire home/apt,2,2,2.0,308,165.0,EUR per night,1.8099716193973125,0-2 km from Oktoberfest,,,
1669814283602646591,Schwabing-West,48.15721443514206,11.576196397489472,Entire home/apt,1,2,1.11,344,106.0,EUR per night,3.4418970531809725,2-5 km from Oktoberfest,,,
1670211876019473809,Untergiesing-Harlaching,48.1080731062607,11.570204059878543,Entire home/apt,3,0,,233,407.0,EUR per night,3.062918399550288,2-5 km from Oktoberfest,,,
1670820433677046897,Schwanthalerhöhe,48.13746,11.5365,Private room,1,6,3.1,359,119.0,EUR per night,1.145825637312028,0-2 km from Oktoberfest,,,
1670899497829897334,Schwanthalerhöhe,48.1377637,11.5404399,Private room,1,0,,274,199.0,EUR per night,0.9365721713794818,0-2 km from Oktoberfest,,,
1670904547993997560,Au-Haidhausen,48.1275982,11.5895034,Entire home/apt,5,0,,31,97.0,EUR per night,3.0072036527568007,2-5 km from Oktoberfest,,,
1671130009996148773,Schwanthalerhöhe,48.13656302802577,11.535870317658445,Entire home/apt,2,0,,251,134.0,EUR per night,1.136617732343402,0-2 km from Oktoberfest,,,
1672321463218384278,Milbertshofen-Am Hart,48.18893,11.56095,Private room,4,1,1.0,90,118.0,EUR per night,6.398062951145951,5-10 km from Oktoberfest,,,
1672343582215289029,Pasing-Obermenzing,48.16033,11.47173,Private room,2,3,1.61,34,78.0,EUR per night,6.579238006068003,5-10 km from Oktoberfest,,,
1673120801200124123,Neuhausen-Nymphenburg,48.15789667407834,11.541317403316498,Entire home/apt,14,0,,30,312.0,EUR per night,2.953762588573549,2-5 km from Oktoberfest,,,
1673724147530104740,Schwabing-West,48.1600214,11.5748321,Entire home/apt,1,0,,227,800.0,EUR per night,3.6483233835509195,2-5 km from Oktoberfest,,,
1674639110201488523,Tudering-Riem,48.10783822128575,11.704022394020786,Entire home/apt,29,0,,200,118.0,EUR per night,11.77824569082817,10+ km from Oktoberfest,,,
1675223668476823866,Ludwigsvorstadt-Isarvorstadt,48.13177,11.56482,Entire home/apt,1,5,2.59,9,318.0,EUR per night,1.137044162404895,0-2 km from Oktoberfest,,,
1675245500619806132,Neuhausen-Nymphenburg,48.14333,11.53926,Entire home/apt,2,0,,135,160.0,EUR per night,1.4807849319383073,0-2 km from Oktoberfest,,,
1675854272198747055,Neuhausen-Nymphenburg,48.15262,11.52189,Private room,1,3,1.64,343,89.0,EUR per night,3.0830302708103905,2-5 km from Oktoberfest,,,
1675978908552237022,Obergiesing,48.11359,11.57852,Entire home/apt,1,5,2.73,6,109.0,EUR per night,2.96398111054457,2-5 km from Oktoberfest,,,
1676029828066204057,Obergiesing,48.11199,11.59238,Private room,1,0,,342,62.0,EUR per night,3.8771268690246,2-5 km from Oktoberfest,,,
1676287320479265672,Sendling,48.12121471123962,11.54735888768681,Entire home/apt,1,0,,17,439.0,EUR per night,1.1987303577113433,0-2 km from Oktoberfest,,,
1676626722906402519,Laim,48.13698547344277,11.510511630776056,Entire home/apt,2,0,,30,62.0,EUR per night,2.948061621878271,2-5 km from Oktoberfest,,,
1677421557097315151,Tudering-Riem,48.1176663,11.6972264,Private room,1,2,2.0,208,80.0,EUR per night,11.078450464464186,10+ km from Oktoberfest,,,
1677717531549610406,Ludwigsvorstadt-Isarvorstadt,48.12556366297419,11.550462055588625,Entire home/apt,2,2,2.0,51,83.0,EUR per night,0.7081772719250765,0-2 km from Oktoberfest,,,
1677746756409598671,Sendling,48.1179595013142,11.546142707585046,Entire home/apt,2,0,,69,409.0,EUR per night,1.5700144098384983,0-2 km from Oktoberfest,,,
1677767152523980305,Schwabing-West,48.1689319,11.5747877,Entire home/apt,2,4,4.0,73,144.0,EUR per night,4.524971025240291,2-5 km from Oktoberfest,,,
1678262002280900386,Milbertshofen-Am Hart,48.188202186788345,11.570276902278804,Private room,1,1,0.7,362,86.0,EUR per night,6.447403353695616,5-10 km from Oktoberfest,,,
1678327692513651772,Thalkirchen-Obersendling-Forstenried-Fürstenried-Solln,48.08962,11.52159,Entire home/apt,2,0,,299,86.0,EUR per night,5.137726558814704,5-10 km from Oktoberfest,,,
1678462892098301811,Feldmoching-Hasenbergl,48.19905550000001,11.5112693,Private room,2,2,2.0,343,64.0,EUR per night,7.987533750203188,5-10 km from Oktoberfest,,,
1678790577743031827,Maxvorstadt,48.15487,11.56961,Entire home/apt,2,0,,176,308.0,EUR per night,2.958045060760587,2-5 km from Oktoberfest,,,
1679028386825278207,Maxvorstadt,48.1496326838236,11.564427152288266,Private room,2,2,2.0,73,79.0,EUR per night,2.2615752665322337,2-5 km from Oktoberfest,,,
1679498277786290764,Maxvorstadt,48.15414962471935,11.564122885465622,Private room,1,0,,362,89.0,EUR per night,2.701496433709912,2-5 km from Oktoberfest,,,
1679532625757177752,Ludwigsvorstadt-Isarvorstadt,48.13582717936875,11.563179855225364,Private room,1,1,1.0,32,70.0,EUR per night,1.1051264901672704,0-2 km from Oktoberfest,,,
1679662190859308135,Neuhausen-Nymphenburg,48.15845,11.53715,Private room,1,2,1.43,278,50.0,EUR per night,3.0911550332990356,2-5 km from Oktoberfest,,,
1679792515752509940,Bogenhausen,48.16542,11.64172,Private room,1,1,1.0,26,109.0,EUR per night,7.791132664668459,5-10 km from Oktoberfest,,,
1679863693048343120,Ludwigsvorstadt-Isarvorstadt,48.1377980426957,11.563000726911444,Private room,1,0,,343,200.0,EUR per night,1.1974460448037827,0-2 km from Oktoberfest,,,
1679936018264368926,Altstadt-Lehel,48.13443,11.56989,Private room,1,0,,11,50.0,EUR per night,1.539105044876872,0-2 km from Oktoberfest,,,
1680326223959201323,Aubing-Lochhausen-Langwied,48.1396455,11.4215232,Private room,1,3,3.0,6,56.0,EUR per night,9.535862251787645,5-10 km from Oktoberfest,,,
1680614232215471663,Milbertshofen-Am Hart,48.17920969141832,11.564672606218483,Entire home/apt,2,1,1.0,83,239.0,EUR per night,5.379648960245689,5-10 km from Oktoberfest,,,
1681076230988276204,Ramersdorf-Perlach,48.1045641452399,11.62487315604053,Entire home/apt,2,4,2.79,3,111.0,EUR per night,6.3675281771425345,5-10 km from Oktoberfest,,,
1681401455230111898,Bogenhausen,48.15027289617373,11.62529971730364,Private room,1,1,0.68,325,102.0,EUR per night,5.983904604228226,5-10 km from Oktoberfest,,,
1681834830994430286,Ramersdorf-Perlach,48.10937836036767,11.651225293408144,Entire home/apt,1,0,,120,90.0,EUR per night,7.9554858821913115,5-10 km from Oktoberfest,,,
1681898994278397224,Au-Haidhausen,48.13422139865542,11.598559992315234,Entire home/apt,2,0,,128,420.0,EUR per night,3.6499703329686652,2-5 km from Oktoberfest,,,
1682662877345248384,Milbertshofen-Am Hart,48.20416,11.57476,Entire home/apt,1,2,1.33,8,390.0,EUR per night,8.250433292864304,5-10 km from Oktoberfest,,,
1682719276200370581,Tudering-Riem,48.11213,11.6788,Private room,1,4,2.67,29,84.0,EUR per night,9.846194126033234,5-10 km from Oktoberfest,,,
1683299488555165365,Ludwigsvorstadt-Isarvorstadt,48.12154909951402,11.55831425161974,Entire home/apt,7,0,,122,202.0,EUR per night,1.3238984977559343,0-2 km from Oktoberfest,,,
1683456822008263338,Maxvorstadt,48.15390301898831,11.566509474128836,Entire home/apt,2,0,,14,309.0,EUR per night,2.7529566274345525,2-5 km from Oktoberfest,,,
1684042189737880609,Pasing-Obermenzing,48.16563,11.46764,Entire home/apt,1,0,,325,119.0,EUR per night,7.137915356176677,5-10 km from Oktoberfest,,,
1684677041292610850,Maxvorstadt,48.15184,11.56329,Entire home/apt,1,3,2.0,34,160.0,EUR per night,2.441934524038394,2-5 km from Oktoberfest,,,
1684748361718988634,Neuhausen-Nymphenburg,48.1637214,11.5075967,Private room,1,1,1.0,298,69.0,EUR per night,4.71008747731276,2-5 km from Oktoberfest,,,
1684829662747606138,Schwanthalerhöhe,48.13455509700654,11.541324108839037,Entire home/apt,2,1,1.0,19,138.0,EUR per night,0.6747615885702652,0-2 km from Oktoberfest,,,
1684859898550021794,Schwanthalerhöhe,48.13550792868481,11.547227372911204,Entire home/apt,1,0,,69,532.0,EUR per night,0.43519209438718875,0-2 km from Oktoberfest,,,
1685636715238596005,Ludwigsvorstadt-Isarvorstadt,48.13164,11.56561,Entire home/apt,1,5,3.33,10,839.0,EUR per night,1.1959320228850046,0-2 km from Oktoberfest,,,
1685657947115469162,Berg am Laim,48.12502,11.63157,Entire home/apt,15,0,,231,112.0,EUR per night,6.138963672586981,5-10 km from Oktoberfest,,,
1685756273884051129,Moosach,48.18485066056354,11.53627377246201,Entire home/apt,1,0,,30,136.0,EUR per night,5.969019349537177,5-10 km from Oktoberfest,,,
1686246789678330345,Ludwigsvorstadt-Isarvorstadt,48.1288019,11.5746655,Private room,1,0,,173,210.0,EUR per night,1.899181342491702,0-2 km from Oktoberfest,,,
1686251112461390475,Schwabing-Freimann,48.1724954,11.5896833,Entire home/apt,3,1,1.0,266,149.0,EUR per night,5.40947000520929,5-10 km from Oktoberfest,,,
1686262088116377625,Ludwigsvorstadt-Isarvorstadt,48.1288019,11.5746655,Private room,1,0,,183,185.0,EUR per night,1.899181342491702,0-2 km from Oktoberfest,,,
1686360828492205970,Sendling,48.11028,11.55147,Entire home/apt,1,0,,73,149.0,EUR per night,2.408477651114942,2-5 km from Oktoberfest,,,
1686371346458946719,Bogenhausen,48.13968,11.6209,Entire home/apt,2,2,2.0,47,123.0,EUR per night,5.368601615063215,5-10 km from Oktoberfest,,,
1687073574389683516,Milbertshofen-Am Hart,48.21653723280808,11.562242796061971,Entire home/apt,2,2,2.0,84,130.0,EUR per night,9.458547304246498,5-10 km from Oktoberfest,,,
1687681917574694966,Thalkirchen-Obersendling-Forstenried-Fürstenried-Solln,48.075297977142775,11.528039776462611,Entire home/apt,1,0,,58,97.0,EUR per night,6.49245235649463,5-10 km from Oktoberfest,,,
1687807799719494905,Bogenhausen,48.14386333247396,11.662927287300642,Private room,1,1,1.0,81,100.0,EUR per night,8.521328478760106,5-10 km from Oktoberfest,,,
1687896878134777968,Milbertshofen-Am Hart,48.18154,11.55515,Entire home/apt,1,1,1.0,64,110.0,EUR per night,5.535604233083542,5-10 km from Oktoberfest,,,
1688350226398058446,Obergiesing,48.1080276,11.5971602,Entire home/apt,1,1,1.0,215,110.0,EUR per night,4.422975712074724,2-5 km from Oktoberfest,,,
1689088302242143820,Bogenhausen,48.1410087,11.6016598,Entire home/apt,7,0,,25,140.0,EUR per night,4.000941219380381,2-5 km from Oktoberfest,,,
1689141399802793086,Ludwigsvorstadt-Isarvorstadt,48.1355191,11.5583914,Entire home/apt,2,4,4.0,344,230.0,EUR per night,0.7728734692611593,0-2 km from Oktoberfest,,,
1689241528758610634,Thalkirchen-Obersendling-Forstenried-Fürstenried-Solln,48.10322,11.54764,Entire home/apt,1,1,1.0,76,97.0,EUR per night,3.192058194041166,2-5 km from Oktoberfest,,,
1689299559308123909,Sendling-Westpark,48.107190700660325,11.515769777549496,Private room,2,0,,83,58.0,EUR per night,3.717289158939005,2-5 km from Oktoberfest,,,
1689938446149760726,Schwabing-Freimann,48.18442,11.59371,Private room,1,4,4.0,286,89.0,EUR per night,6.697679700581743,5-10 km from Oktoberfest,,,
1690043959483301176,Ludwigsvorstadt-Isarvorstadt,48.12776,11.5582,Entire home/apt,1,0,,1,320.0,EUR per night,0.7929858251584747,0-2 km from Oktoberfest,,,
1690163539577097931,Schwabing-Freimann,48.183790932503,11.593788022712154,Private room,1,0,,232,94.0,EUR per night,6.639648298198798,5-10 km from Oktoberfest,,,
1690163665925283183,Schwabing-Freimann,48.18398,11.59571,Private room,1,2,2.0,284,99.0,EUR per night,6.7294087702320216,5-10 km from Oktoberfest,,,
1690348038953690200,Untergiesing-Harlaching,48.11263,11.56551,Entire home/apt,5,0,,77,138.0,EUR per night,2.45020921976105,2-5 km from Oktoberfest,,,
1690397054207487903,Hadern,48.11501459999999,11.4800211,Private room,1,0,,309,115.0,EUR per night,5.488274526080417,5-10 km from Oktoberfest,,,
1690446733156198239,Schwabing-Freimann,48.16178,11.58227,Private room,2,1,1.0,328,152.0,EUR per night,4.117050247770157,2-5 km from Oktoberfest,,,
1690484496430347723,Hadern,48.11501459999999,11.4800211,Private room,1,1,1.0,323,109.0,EUR per night,5.488274526080417,5-10 km from Oktoberfest,,,
1690680321991399111,Ludwigsvorstadt-Isarvorstadt,48.13658038008225,11.558505539091954,Entire home/apt,2,0,,251,405.0,EUR per night,0.8470418053147305,0-2 km from Oktoberfest,,,
1691426053226532251,Thalkirchen-Obersendling-Forstenried-Fürstenried-Solln,48.08886,11.51617,Entire home/apt,1,0,,57,431.0,EUR per night,5.387733526105291,5-10 km from Oktoberfest,,,
1691951368513122725,Maxvorstadt,48.146946726134125,11.56024281057434,Entire home/apt,1,0,,138,370.0,EUR per night,1.853312977470404,0-2 km from Oktoberfest,,,
1691992412601506625,Ludwigsvorstadt-Isarvorstadt,48.13967,11.55708,Entire home/apt,2,0,,262,157.0,EUR per night,1.0309562799638166,0-2 km from Oktoberfest,,,
1692215850901690161,Ramersdorf-Perlach,48.10563,11.65497,Entire home/apt,1,2,2.0,344,266.0,EUR per night,8.356476106925331,5-10 km from Oktoberfest,,,
1692690276809903466,Bogenhausen,48.16821729999999,11.6362347,Private room,1,0,,364,93.0,EUR per night,7.596844596336213,5-10 km from Oktoberfest,,,
1692855751962224789,Schwanthalerhöhe,48.138368,11.5466511,Entire home/apt,2,1,1.0,180,121.0,EUR per night,0.7496378835949981,0-2 km from Oktoberfest,,,
1693389604743670955,Ludwigsvorstadt-Isarvorstadt,48.13109880875811,11.576763466000555,Entire home/apt,1,0,,54,700.0,EUR per night,2.025293389479837,2-5 km from Oktoberfest,,,
1693533302348540464,Ramersdorf-Perlach,48.10157,11.6081,Entire home/apt,1,2,2.0,51,135.0,EUR per night,5.504383414993023,5-10 km from Oktoberfest,,,
1693546631345480454,Moosach,48.1853844,11.5340068,Private room,2,1,1.0,52,134.0,EUR per night,6.057209669638654,5-10 km from Oktoberfest,,,
1693564666902603087,Maxvorstadt,48.152555302180005,11.571724069311532,Entire home/apt,4,0,,81,468.0,EUR per night,2.8274211720169458,2-5 km from Oktoberfest,,,
1694010245749355544,Ramersdorf-Perlach,48.102114552844185,11.610227742327876,Entire home/apt,2,0,,29,95.0,EUR per night,5.593967471265628,5-10 km from Oktoberfest,,,
1694046746879458383,Bogenhausen,48.15182,11.61949,Entire home/apt,1,0,,273,132.0,EUR per night,5.6458403509136,5-10 km from Oktoberfest,,,
1694195398410043787,Obergiesing,48.11414,11.57853,Entire home/apt,4,0,,29,143.0,EUR per night,2.9228484819982317,2-5 km from Oktoberfest,,,
1694276606591213402,Moosach,48.18466,11.53623,Entire home/apt,3,0,,84,113.0,EUR per night,5.948644879639265,5-10 km from Oktoberfest,,,
1694359846730548548,Bogenhausen,48.17351,11.64237,Private room,2,2,2.0,8,37.0,EUR per night,8.298885156215949,5-10 km from Oktoberfest,,,
1694805921808746355,Allach-Untermenzing,48.19009,11.46909,Entire home/apt,7,0,,59,111.0,EUR per night,8.799845348564872,5-10 km from Oktoberfest,,,
1695097917005858703,Pasing-Obermenzing,48.1670169,11.4731265,Entire home/apt,1,0,,313,98.0,EUR per night,6.8812244824148445,5-10 km from Oktoberfest,,,
1695179776875095264,Schwabing-West,48.16678350648225,11.55635131719666,Entire home/apt,3,0,,67,138.0,EUR per night,3.9120302200330745,2-5 km from Oktoberfest,,,
1695716042888888067,Thalkirchen-Obersendling-Forstenried-Fürstenried-Solln,48.0779721,11.5288236,Entire home/apt,6,0,,346,220.0,EUR per night,6.189925927298334,5-10 km from Oktoberfest,,,
1695819367684406390,Sendling-Westpark,48.1247761,11.5359632,Entire home/apt,2,0,,79,68.0,EUR per night,1.2794046054116563,0-2 km from Oktoberfest,,,
1695867600446032205,Neuhausen-Nymphenburg,48.16320092523226,11.50661135767837,Private room,1,4,4.0,342,64.0,EUR per night,4.715791373879206,2-5 km from Oktoberfest,,,
1696161686616683147,Untergiesing-Harlaching,48.1068303,11.5775087,Entire home/apt,30,0,,192,50.0,EUR per night,3.477589679906461,2-5 km from Oktoberfest,,,
1696480668874277544,Maxvorstadt,48.14873,11.57514,Entire home/apt,2,0,,18,200.0,EUR per night,2.6686642215272456,2-5 km from Oktoberfest,,,
1696583309385695539,Pasing-Obermenzing,48.13380189999999,11.4595517,Private room,1,4,4.0,335,67.0,EUR per night,6.678603431832368,5-10 km from Oktoberfest,,,
1696588335476917431,Ludwigsvorstadt-Isarvorstadt,48.129559892658186,11.5613489196759,Private room,1,0,,190,946.0,EUR per night,0.9170602842910812,0-2 km from Oktoberfest,,,
1696607008372590188,Au-Haidhausen,48.12836,11.58908,Entire home/apt,2,0,,66,92.0,EUR per night,2.9637280405088657,2-5 km from Oktoberfest,,,
1697059163320225495,Sendling,48.111840856888,11.548468044304348,Entire home/apt,2,0,,166,333.0,EUR per night,2.2317898755787975,2-5 km from Oktoberfest,,,
1697155951260781763,Schwabing-Freimann,48.18864230733386,11.61077877128714,Entire home/apt,30,0,,65,44.0,EUR per night,7.776121708088777,5-10 km from Oktoberfest,,,
1698620645236161589,Ludwigsvorstadt-Isarvorstadt,48.1325221,11.5770515,Entire home/apt,2,3,3.0,26,124.0,EUR per night,2.04585067387479,2-5 km from Oktoberfest,,,
1698752055199668401,Neuhausen-Nymphenburg,48.1641095357464,11.52199011637045,Entire home/apt,2,0,,270,517.0,EUR per night,4.122249648856529,2-5 km from Oktoberfest,,,
1699199618263657478,Milbertshofen-Am Hart,48.18665,11.55237,Entire home/apt,2,1,1.0,7,75.0,EUR per night,6.091643017509462,5-10 km from Oktoberfest,,,
1699223229794506324,Ludwigsvorstadt-Isarvorstadt,48.129442,11.5743959,Entire home/apt,2,2,2.0,69,108.0,EUR per night,1.867762124675169,0-2 km from Oktoberfest,,,
1699406665435086784,Sendling,48.10713932153291,11.537176329443453,Entire home/apt,7,0,,12,118.0,EUR per night,2.901261025834101,2-5 km from Oktoberfest,,,
1699788675970443616,Laim,48.1338216,11.4952234,Private room,1,0,,66,105.0,EUR per night,4.033644405835545,2-5 km from Oktoberfest,,,
1699854842892202619,Ludwigsvorstadt-Isarvorstadt,48.1362643,11.5540212,Entire home/apt,1,0,,195,125.0,EUR per night,0.5899813653538182,0-2 km from Oktoberfest,,,
1699976146751831165,Untergiesing-Harlaching,48.1152452,11.5697581,Entire home/apt,3,0,,237,219.0,EUR per night,2.3855104922659067,2-5 km from Oktoberfest,,,
1700146462575916738,Sendling,48.10886,11.53695,Private room,1,1,1.0,280,66.0,EUR per night,2.7260498587692,2-5 km from Oktoberfest,,,
1700520551488260913,Untergiesing-Harlaching,48.08440717413546,11.548820980817464,Entire home/apt,1,0,,334,149.0,EUR per night,5.2812019340310465,5-10 km from Oktoberfest,,,
1700565526976984135,Tudering-Riem,48.12898568408208,11.703377477824688,Private room,3,0,,365,97.0,EUR per night,11.42470529513795,10+ km from Oktoberfest,,,
1700573274048429265,Pasing-Obermenzing,48.16192,11.47164,Private room,2,3,3.0,39,74.0,EUR per night,6.671695682929371,5-10 km from Oktoberfest,,,
1700600714421617801,Berg am Laim,48.12463,11.6524,Entire home/apt,1,0,,200,111.0,EUR per night,7.6797738849771875,5-10 km from Oktoberfest,,,
1700638045754356804,Bogenhausen,48.1515783,11.6124259,Private room,1,0,,28,143.0,EUR per night,5.1563539967792344,5-10 km from Oktoberfest,,,
1700643745836359625,Neuhausen-Nymphenburg,48.14419729999999,11.5372359,Entire home/apt,1,0,,268,270.0,EUR per night,1.6425503568698256,0-2 km from Oktoberfest,,,
1700683168210509649,Laim,48.1426392,11.4922206,Entire home/apt,1,0,,213,85.0,EUR per night,4.415019003182654,2-5 km from Oktoberfest,,,
1700772284856685290,Ramersdorf-Perlach,48.0921671,11.63171,Entire home/apt,1,4,4.0,337,248.0,EUR per night,7.534699389638385,5-10 km from Oktoberfest,,,
1700850459268840266,Ludwigsvorstadt-Isarvorstadt,48.1376752,11.5582341,Entire home/apt,2,0,,302,760.0,EUR per night,0.9124070885198001,0-2 km from Oktoberfest,,,
1701254341941120562,Ludwigsvorstadt-Isarvorstadt,48.1325221,11.5770515,Private room,2,1,1.0,359,229.0,EUR per night,2.04585067387479,2-5 km from Oktoberfest,,,
1701271602456477178,Neuhausen-Nymphenburg,48.15216,11.50989,Entire home/apt,7,0,,102,829.0,EUR per night,3.7031025770125305,2-5 km from Oktoberfest,,,
1701531717444194728,Altstadt-Lehel,48.13329,11.57508,Entire home/apt,1,2,2.0,15,205.0,EUR per night,1.904637307579477,0-2 km from Oktoberfest,,,
1701635913236561550,Neuhausen-Nymphenburg,48.15005291618754,11.503106410619605,Entire home/apt,1,0,,80,143.0,EUR per night,3.9905714376715276,2-5 km from Oktoberfest,,,
1702119984417422756,Maxvorstadt,48.14184460000001,11.5662216,Entire home/apt,2,0,,108,505.0,EUR per night,1.6620691829593341,0-2 km from Oktoberfest,,,
1702168083806372381,Ramersdorf-Perlach,48.10506,11.60514,Entire home/apt,2,0,,79,78.0,EUR per night,5.095743167212428,5-10 km from Oktoberfest,,,
1702806895485068336,Ludwigsvorstadt-Isarvorstadt,48.13141,11.56553,Entire home/apt,1,0,,13,455.0,EUR per night,1.1908951510585364,0-2 km from Oktoberfest,,,
1702835819262912815,Hadern,48.11379781516703,11.490948535501955,Private room,3,0,,174,315.0,EUR per night,4.789573730194843,2-5 km from Oktoberfest,,,
1702891351288813909,Schwabing-West,48.1581828,11.573626,Entire home/apt,1,0,,44,130.0,EUR per night,3.4271340182917176,2-5 km from Oktoberfest,,,
1703505361326764820,Schwabing-West,48.16315,11.56701,Entire home/apt,6,0,,57,104.0,EUR per night,3.7097357674472446,2-5 km from Oktoberfest,,,
1703634628995909798,Pasing-Obermenzing,48.14916,11.47272,Private room,1,0,,357,70.0,EUR per night,6.011737917866606,5-10 km from Oktoberfest,,,
1703715852740539510,Ludwigsvorstadt-Isarvorstadt,48.12867,11.55382,Entire home/apt,1,0,,282,811.0,EUR per night,0.48144360331298774,0-2 km from Oktoberfest,,,
1704382550654412345,Ludwigsvorstadt-Isarvorstadt,48.13779021425661,11.564082495108932,Entire home/apt,2,0,,39,354.0,EUR per night,1.2649255429094137,0-2 km from Oktoberfest,,,
1704407582190460297,Tudering-Riem,48.1289391,11.7033953,Private room,3,0,,365,117.0,EUR per night,11.426180706222581,10+ km from Oktoberfest,,,
1704578240069709299,Neuhausen-Nymphenburg,48.15074,11.53565,Entire home/apt,7,0,,17,96.0,EUR per night,2.3334010319162704,2-5 km from Oktoberfest,,,
1704960401893462008,Thalkirchen-Obersendling-Forstenried-Fürstenried-Solln,48.0946,11.53726,Private room,30,0,,64,30.0,EUR per night,4.245949181203072,2-5 km from Oktoberfest,,,
1705216211902656224,Schwanthalerhöhe,48.13462143457369,11.53595626526302,Entire home/apt,2,0,,101,525.0,EUR per night,1.0496672498808546,0-2 km from Oktoberfest,,,
1705310802657356433,Aubing-Lochhausen-Langwied,48.14916059759312,11.411077910991576,Entire home/apt,1,0,,340,127.0,EUR per night,10.448844149773757,10+ km from Oktoberfest,,,
1705629308233814994,Thalkirchen-Obersendling-Forstenried-Fürstenried-Solln,48.09158,11.49401,Entire home/apt,1,0,,50,420.0,EUR per night,6.0887445459915055,5-10 km from Oktoberfest,,,
1705633131684367847,Ramersdorf-Perlach,48.0921671,11.63171,Entire home/apt,1,1,1.0,354,248.0,EUR per night,7.534699389638385,5-10 km from Oktoberfest,,,
1705646819236060526,Ramersdorf-Perlach,48.0921671,11.63171,Entire home/apt,1,1,1.0,335,306.0,EUR per night,7.534699389638385,5-10 km from Oktoberfest,,,
1705771593358477664,Obergiesing,48.1064959,11.5938805,Entire home/apt,1,0,,270,85.0,EUR per night,4.3396905484165265,2-5 km from Oktoberfest,,,
1705972773121041355,Obergiesing,48.1165069,11.5788376,Entire home/apt,2,0,,268,229.0,EUR per night,2.7697498241375857,2-5 km from Oktoberfest,,,
1705988773389549282,Pasing-Obermenzing,48.1448431,11.4583706,Private room,1,0,,254,68.0,EUR per night,6.913637372574404,5-10 km from Oktoberfest,,,
1706159014143915241,Milbertshofen-Am Hart,48.18777180726387,11.58183055193866,Private room,1,0,,342,200.0,EUR per night,6.659417566168111,5-10 km from Oktoberfest,,,
1706307706459702327,Feldmoching-Hasenbergl,48.2095904,11.5436613,Private room,1,2,2.0,348,65.0,EUR per night,8.64962222951331,5-10 km from Oktoberfest,,,
1706421057935640884,Ludwigsvorstadt-Isarvorstadt,48.1264432,11.54655,Entire home/apt,1,0,,9,700.0,EUR per night,0.6450607303513181,0-2 km from Oktoberfest,,,
1706522628533516928,Ludwigsvorstadt-Isarvorstadt,48.13537,11.55965,Entire home/apt,1,2,2.0,343,70.0,EUR per night,0.8463157350534952,0-2 km from Oktoberfest,,,
1706600372206849251,Schwabing-Freimann,48.181981831308406,11.59018084989536,Entire home/apt,2,0,,180,415.0,EUR per night,6.333871027619521,5-10 km from Oktoberfest,,,
1706745593101858491,Ludwigsvorstadt-Isarvorstadt,48.124408,11.5527846,Entire home/apt,2,0,,251,126.0,EUR per night,0.8680080794945214,0-2 km from Oktoberfest,,,
1707406269552234343,Schwabing-Freimann,48.18217,11.58567,Entire home/apt,2,3,3.0,35,143.0,EUR per night,6.200317756737536,5-10 km from Oktoberfest,,,
1707418255264992455,Ramersdorf-Perlach,48.09162849106282,11.632970497012138,Entire home/apt,1,1,1.0,354,401.0,EUR per night,7.6456519350427605,5-10 km from Oktoberfest,,,
1707425381452625783,Ramersdorf-Perlach,48.0921671,11.63171,Entire home/apt,1,2,2.0,352,248.0,EUR per night,7.534699389638385,5-10 km from Oktoberfest,,,
1707489209277814867,Milbertshofen-Am Hart,48.17946398636271,11.574853733181952,Entire home/apt,3,0,,348,224.0,EUR per night,5.613313290309613,5-10 km from Oktoberfest,,,
1707783852365220824,Obergiesing,48.1163391,11.5902614,Entire home/apt,2,1,1.0,150,96.0,EUR per night,3.4853394958911124,2-5 km from Oktoberfest,,,
1708032849161794421,Au-Haidhausen,48.122466517555424,11.57967444370141,Entire home/apt,1,1,1.0,16,135.0,EUR per night,2.4730390031227354,2-5 km from Oktoberfest,,,
1708577101498205534,Allach-Untermenzing,48.1851922874292,11.455557756855416,Entire home/apt,1,0,,290,249.0,EUR per night,9.147173130865264,5-10 km from Oktoberfest,,,
1709330138571933219,Pasing-Obermenzing,48.1441636,11.484523,Private room,3,0,,234,85.0,EUR per night,5.010720143013958,5-10 km from Oktoberfest,,,
1709465166468035223,Obergiesing,48.11379,11.5845,Private room,1,0,,120,114.0,EUR per night,3.2870034878157264,2-5 km from Oktoberfest,,,
1709559721407624958,Laim,48.1351336,11.5182803,Entire home/apt,5,0,,191,164.0,EUR per night,2.344584932725364,2-5 km from Oktoberfest,,,
1709881939347602779,Thalkirchen-Obersendling-Forstenried-Fürstenried-Solln,48.089608,11.519911,Entire home/apt,1,0,,344,286.0,EUR per night,5.19046563807246,5-10 km from Oktoberfest,,,
1710019408823013712,Moosach,48.18661729999999,11.5327531,Entire home/apt,1,3,3.0,330,110.0,EUR per night,6.209795330738795,5-10 km from Oktoberfest,,,
1710120028940849261,Sendling-Westpark,48.120084653643474,11.534312814474106,Entire home/apt,2,0,,360,532.0,EUR per night,1.7311040789011083,0-2 km from Oktoberfest,,,
1710146192119952290,Ramersdorf-Perlach,48.11308,11.60215,Shared room,1,2,2.0,30,31.0,EUR per night,4.433086043338252,2-5 km from Oktoberfest,,,
1710363195951236690,Milbertshofen-Am Hart,48.18653,11.56828,Private room,1,0,,163,57.0,EUR per night,6.232248635439534,5-10 km from Oktoberfest,,,
1710377710187028800,Untergiesing-Harlaching,48.116768,11.575849,Private room,2,0,,335,60.0,EUR per night,2.579935197361089,2-5 km from Oktoberfest,,,
1710642560916820356,Altstadt-Lehel,48.1341621,11.5848916,Entire home/apt,3,0,,336,371.0,EUR per night,2.638493709028598,2-5 km from Oktoberfest,,,
1710710015580322649,Au-Haidhausen,48.13543139999999,11.6005505,Private room,1,0,,120,171.0,EUR per night,3.8088016880800146,2-5 km from Oktoberfest,,,
1710962330633857087,Bogenhausen,48.14302027044654,11.616561748087406,Entire home/apt,2,0,,155,228.0,EUR per night,5.127671539617257,5-10 km from Oktoberfest,,,
1710970808657477133,Tudering-Riem,48.1132663,11.678429,Private room,1,1,1.0,65,190.0,EUR per night,9.791736643355494,5-10 km from Oktoberfest,,,
1711013871588037142,Tudering-Riem,48.1303714,11.6891833,Entire home/apt,1,0,,365,400.0,EUR per night,10.367932955044244,10+ km from Oktoberfest,,,
1711030257120188964,Sendling-Westpark,48.13453,11.52412,Entire home/apt,1,0,,41,193.0,EUR per night,1.9060584565058727,0-2 km from Oktoberfest,,,
1711565137691867446,Schwanthalerhöhe,48.1359782,11.5438926,Entire home/apt,1,0,,142,158.0,EUR per night,0.6154692846469628,0-2 km from Oktoberfest,,,
1711918656372497818,Schwanthalerhöhe,48.1334856,11.5349765,Entire home/apt,1,0,,276,1000.0,EUR per night,1.0921484213314545,0-2 km from Oktoberfest,,,
1712375448060199577,Tudering-Riem,48.1306847,11.69826,Entire home/apt,1,0,,365,450.0,EUR per night,11.040956348799787,10+ km from Oktoberfest,,,
1712577325364404405,Pasing-Obermenzing,48.16064840000001,11.467427,Entire home/apt,1,1,1.0,116,125.0,EUR per night,6.877305130079296,5-10 km from Oktoberfest,,,
1712822163427169792,Sendling-Westpark,48.12416,11.5342,Entire home/apt,2,0,,361,158.0,EUR per night,1.4248490726107335,0-2 km from Oktoberfest,,,
1712894942258174471,Berg am Laim,48.12721819999999,11.620308,Private room,2,0,,252,50.0,EUR per night,5.280871781743277,5-10 km from Oktoberfest,,,
1712953076431082655,Ludwigsvorstadt-Isarvorstadt,48.12682377111108,11.560657666097054,Entire home/apt,1,0,,365,959.0,EUR per night,1.0021669071853068,0-2 km from Oktoberfest,,,
1713043756939477104,Ramersdorf-Perlach,48.11553187742389,11.59977045767211,Entire home/apt,30,0,,182,46.0,EUR per night,4.1515655186722595,2-5 km from Oktoberfest,,,
1713085057547957602,Neuhausen-Nymphenburg,48.15035,11.53613,Entire home/apt,29,0,,270,73.0,EUR per night,2.2788194678998805,2-5 km from Oktoberfest,,,
1713249092829336503,Tudering-Riem,48.1320442,11.7030952,Private room,1,0,,365,200.0,EUR per night,11.398830909816622,10+ km from Oktoberfest,,,
1713585356166426436,Maxvorstadt,48.155096690843706,11.561097037615696,Entire home/apt,7,0,,18,135.0,EUR per night,2.719092533818871,2-5 km from Oktoberfest,,,
1713588930014125197,Tudering-Riem,48.106499,11.7059578,Private room,1,0,,363,145.0,EUR per night,11.9526595832263,10+ km from Oktoberfest,,,
1713607976888452399,Ramersdorf-Perlach,48.1089436,11.6344741,Private room,1,0,,322,36.0,EUR per night,6.804571868330262,5-10 km from Oktoberfest,,,
1713726920398040163,Feldmoching-Hasenbergl,48.20369,11.49194,Entire home/apt,3,0,,172,408.0,EUR per night,9.052369245107803,5-10 km from Oktoberfest,,,
1713874220293477403,Sendling-Westpark,48.11447039999999,11.5097692,Private room,2,0,,359,95.0,EUR per night,3.528899691457451,2-5 km from Oktoberfest,,,
1713915631772441278,Berg am Laim,48.11718,11.6438,Private room,1,0,,356,94.0,EUR per night,7.188169326150362,5-10 km from Oktoberfest,,,
1714336364070818072,Pasing-Obermenzing,48.14557842506936,11.476692538549482,Entire home/apt,14,0,,364,105.0,EUR per night,5.612591995997318,5-10 km from Oktoberfest,,,
1714378607602761531,Schwabing-West,48.16889,11.56171,Private room,1,0,,124,60.0,EUR per night,4.211662961603939,2-5 km from Oktoberfest,,,
1714430272566631219,Tudering-Riem,48.12978,11.69539,Private room,1,0,,168,65.0,EUR per night,10.829795447457967,10+ km from Oktoberfest,,,
1714529378619139380,Neuhausen-Nymphenburg,48.15366,11.54074,Private room,30,0,,58,33.0,EUR per night,2.5053814413557287,2-5 km from Oktoberfest,,,
1714564133048982347,Milbertshofen-Am Hart,48.1813514,11.5733757,Entire home/apt,1,0,,339,96.0,EUR per night,5.776919344831672,5-10 km from Oktoberfest,,,
1714604930022791643,Bogenhausen,48.1742,11.63197,Private room,30,0,,58,32.0,EUR per night,7.716969256097616,5-10 km from Oktoberfest,,,
1714806223470339019,Altstadt-Lehel,48.1345886,11.5786393,Private room,1,0,,365,179.0,EUR per night,2.1830403318274483,2-5 km from Oktoberfest,,,
1714925881152989801,Schwabing-West,48.1655757,11.5651289,Entire home/apt,1,0,,361,214.0,EUR per night,3.9199758233480537,2-5 km from Oktoberfest,,,
1715082665226682316,Ludwigsvorstadt-Isarvorstadt,48.12882361026861,11.574748648479453,Private room,1,0,,89,150.0,EUR per night,1.9048148246360217,0-2 km from Oktoberfest,,,
1715246287030950900,Bogenhausen,48.16766639999999,11.6421335,Entire home/apt,3,0,,52,139.0,EUR per night,7.940077787515647,5-10 km from Oktoberfest,,,
1715257696135476269,Sendling,48.12241,11.54941,Entire home/apt,1,0,,8,502.0,EUR per night,1.0552609958328223,0-2 km from Oktoberfest,,,
1715692778066185829,Feldmoching-Hasenbergl,48.2043368,11.5364593,Entire home/apt,20,0,,332,200.0,EUR per night,8.11245731205588,5-10 km from Oktoberfest,,,
1715847197913633263,Ludwigsvorstadt-Isarvorstadt,48.1358952,11.5631128,Private room,1,0,,28,89.0,EUR per night,1.1035793134865386,0-2 km from Oktoberfest,,,
1715853390735917954,Aubing-Lochhausen-Langwied,48.1444363,11.4393844,Entire home/apt,1,0,,346,134.0,EUR per night,8.289118027873268,5-10 km from Oktoberfest,,,
1715908613744351888,Milbertshofen-Am Hart,48.20518029999999,11.5755888,Entire home/apt,1,0,,343,220.0,EUR per night,8.374943241011625,5-10 km from Oktoberfest,,,
1716060611783275494,Sendling-Westpark,48.10967,11.51667,Entire home/apt,1,0,,100,260.0,EUR per night,3.4711474488577587,2-5 km from Oktoberfest,,,
1716176009809946566,Thalkirchen-Obersendling-Forstenried-Fürstenried-Solln,48.08854,11.52037,Entire home/apt,1,0,,255,180.0,EUR per night,5.28426989052071,5-10 km from Oktoberfest,,,
1716696867141701511,Aubing-Lochhausen-Langwied,48.1444363,11.4393844,Entire home/apt,1,0,,346,118.0,EUR per night,8.289118027873268,5-10 km from Oktoberfest,,,
1716702395157214066,Aubing-Lochhausen-Langwied,48.14444,11.43938,Entire home/apt,1,0,,349,638.0,EUR per night,8.28950878280654,5-10 km from Oktoberfest,,,
1716741752674658226,Sendling,48.12133,11.54871,Entire home/apt,1,0,,33,571.0,EUR per night,1.1767920451299336,0-2 km from Oktoberfest,,,
1716851910290765103,Aubing-Lochhausen-Langwied,48.1499561,11.4310786,Entire home/apt,2,0,,84,69.0,EUR per night,9.013379920116979,5-10 km from Oktoberfest,,,
1717248344066923621,Ludwigsvorstadt-Isarvorstadt,48.13547,11.56058,Private room,2,0,,88,252.0,EUR per night,0.9130654415162351,0-2 km from Oktoberfest,,,
1717320220826949594,Untergiesing-Harlaching,48.09365,11.56868,Entire home/apt,3,0,,22,359.0,EUR per night,4.485240217123986,2-5 km from Oktoberfest,,,
1717427792302360853,Bogenhausen,48.13939569999999,11.6305213,Private room,1,0,,94,140.0,EUR per night,6.069931789124522,5-10 km from Oktoberfest,,,
1717432359363538570,Bogenhausen,48.13939569999999,11.6305213,Private room,1,0,,278,60.0,EUR per night,6.069931789124522,5-10 km from Oktoberfest,,,
1717457460229274009,Neuhausen-Nymphenburg,48.1483473,11.5361899,Private room,1,0,,363,240.0,EUR per night,2.0784922965400994,2-5 km from Oktoberfest,,,
