id,neighbourhood,room_type,price,minimum_nights,number_of_reviews,reviews_per_month,availability_365,availability_level,has_reviews,snapshot_date,generated_at
97945,Hadern,Entire home/apt,115.0,2,126,0.7,174,Medium,True,2026-06-29,2026-09-11T01:25:48+02:00
114695,Berg am Laim,Entire home/apt,166.0,2,84,0.46,245,High,True,2026-06-29,2026-09-11T01:25:48+02:00
127383,Maxvorstadt,Entire home/apt,194.0,3,124,0.68,29,Low,True,2026-06-29,2026-09-11T01:25:48+02:00
159634,Pasing-Obermenzing,Entire home/apt,90.0,1,52,0.29,26,Low,True,2026-06-29,2026-09-11T01:25:48+02:00
170154,Sendling-Westpark,Private room,97.0,3,602,3.35,70,Medium,True,2026-06-29,2026-09-11T01:25:48+02:00
172977,Maxvorstadt,Private room,105.0,2,130,0.76,133,Medium,True,2026-06-29,2026-09-11T01:25:48+02:00
189606,Au-Haidhausen,Entire home/apt,119.0,2,304,1.7,298,High,True,2026-06-29,2026-09-11T01:25:48+02:00
190383,Berg am Laim,Private room,45.0,1,298,1.72,35,Medium,True,2026-06-29,2026-09-11T01:25:48+02:00
190653,Ludwigsvorstadt-Isarvorstadt,Entire home/apt,105.0,2,248,1.43,277,High,True,2026-06-29,2026-09-11T01:25:48+02:00
192933,Ludwigsvorstadt-Isarvorstadt,Entire home/apt,164.0,2,114,0.63,197,High,True,2026-06-29,2026-09-11T01:25:48+02:00
193463,Maxvorstadt,Private room,85.0,2,258,1.5,214,High,True,2026-06-29,2026-09-11T01:25:48+02:00
193477,Maxvorstadt,Private room,66.0,1,104,0.84,23,Low,True,2026-06-29,2026-09-11T01:25:48+02:00
195388,Ramersdorf-Perlach,Entire home/apt,130.0,2,335,1.86,131,Medium,True,2026-06-29,2026-09-11T01:25:48+02:00
196265,Au-Haidhausen,Entire home/apt,226.0,5,81,0.47,339,High,True,2026-06-29,2026-09-11T01:25:48+02:00
197197,Thalkirchen-Obersendling-Forstenried-Fürstenried-Solln,Private room,75.0,3,281,1.56,80,Medium,True,2026-06-29,2026-09-11T01:25:48+02:00
198942,Berg am Laim,Private room,69.0,3,151,0.87,54,Medium,True,2026-06-29,2026-09-11T01:25:48+02:00
198990,Neuhausen-Nymphenburg,Entire home/apt,8.0,119,21,0.12,291,High,True,2026-06-29,2026-09-11T01:25:48+02:00
199066,Untergiesing-Harlaching,Private room,120.0,2,494,2.75,167,Medium,True,2026-06-29,2026-09-11T01:25:48+02:00
199099,Obergiesing,Entire home/apt,97.0,6,60,1.01,223,High,True,2026-06-29,2026-09-11T01:25:48+02:00
199256,Maxvorstadt,Private room,43.0,3,452,2.7,233,High,True,2026-06-29,2026-09-11T01:25:48+02:00
199797,Schwabing-Freimann,Entire home/apt,135.0,1,67,0.37,278,High,True,2026-06-29,2026-09-11T01:25:48+02:00
199828,Maxvorstadt,Entire home/apt,44.0,60,6,0.15,330,High,True,2026-06-29,2026-09-11T01:25:48+02:00
199840,Tudering-Riem,Private room,123.0,1,69,0.4,315,High,True,2026-06-29,2026-09-11T01:25:48+02:00
199843,Maxvorstadt,Entire home/apt,172.0,30,6,0.18,296,High,True,2026-06-29,2026-09-11T01:25:48+02:00
201628,Hadern,Private room,70.0,1,274,1.53,325,High,True,2026-06-29,2026-09-11T01:25:48+02:00
201694,Ramersdorf-Perlach,Entire home/apt,107.0,1,85,1.74,123,Medium,True,2026-06-29,2026-09-11T01:25:48+02:00
202055,Neuhausen-Nymphenburg,Private room,83.0,1,274,1.54,28,Low,True,2026-06-29,2026-09-11T01:25:48+02:00
202489,Untergiesing-Harlaching,Entire home/apt,340.0,1,38,0.23,14,Low,True,2026-06-29,2026-09-11T01:25:48+02:00
205381,Bogenhausen,Entire home/apt,205.0,1,793,4.56,177,Medium,True,2026-06-29,2026-09-11T01:25:48+02:00
205393,Bogenhausen,Entire home/apt,106.0,1,671,3.94,194,High,True,2026-06-29,2026-09-11T01:25:48+02:00
205415,Bogenhausen,Entire home/apt,134.0,1,915,5.38,176,Medium,True,2026-06-29,2026-09-11T01:25:48+02:00
205431,Schwanthalerhöhe,Entire home/apt,147.0,1,1069,6.04,180,Medium,True,2026-06-29,2026-09-11T01:25:48+02:00
206288,Obergiesing,Entire home/apt,183.0,2,154,0.9,170,Medium,True,2026-06-29,2026-09-11T01:25:48+02:00
210348,Ludwigsvorstadt-Isarvorstadt,Private room,67.0,2,102,0.59,293,High,True,2026-06-29,2026-09-11T01:25:48+02:00
211374,Tudering-Riem,Private room,78.0,1,246,1.4,171,Medium,True,2026-06-29,2026-09-11T01:25:48+02:00
216529,Au-Haidhausen,Entire home/apt,429.0,5,25,0.17,177,Medium,True,2026-06-29,2026-09-11T01:25:48+02:00
217148,Feldmoching-Hasenbergl,Private room,31.0,10,121,0.67,123,Medium,True,2026-06-29,2026-09-11T01:25:48+02:00
217313,Sendling-Westpark,Entire home/apt,840.0,5,27,0.16,306,High,True,2026-06-29,2026-09-11T01:25:48+02:00
218080,Au-Haidhausen,Entire home/apt,17.0,90,55,0.42,182,High,True,2026-06-29,2026-09-11T01:25:48+02:00
218860,Berg am Laim,Entire home/apt,266.0,2,66,0.39,342,High,True,2026-06-29,2026-09-11T01:25:48+02:00
224209,Obergiesing,Private room,118.0,4,224,1.25,18,Low,True,2026-06-29,2026-09-11T01:25:48+02:00
225414,Thalkirchen-Obersendling-Forstenried-Fürstenried-Solln,Entire home/apt,89.0,2,21,0.13,358,High,True,2026-06-29,2026-09-11T01:25:48+02:00
225421,Untergiesing-Harlaching,Entire home/apt,89.0,2,239,1.33,332,High,True,2026-06-29,2026-09-11T01:25:48+02:00
227106,Tudering-Riem,Entire home/apt,137.0,2,88,0.53,283,High,True,2026-06-29,2026-09-11T01:25:48+02:00
227892,Tudering-Riem,Private room,157.0,2,65,0.37,18,Low,True,2026-06-29,2026-09-11T01:25:48+02:00
228867,Maxvorstadt,Entire home/apt,260.0,2,36,0.28,352,High,True,2026-06-29,2026-09-11T01:25:48+02:00
232430,Tudering-Riem,Entire home/apt,225.0,3,92,0.52,324,High,True,2026-06-29,2026-09-11T01:25:48+02:00
240218,Tudering-Riem,Private room,132.0,1,81,0.48,161,Medium,True,2026-06-29,2026-09-11T01:25:48+02:00
266180,Pasing-Obermenzing,Private room,67.0,1,232,1.32,273,High,True,2026-06-29,2026-09-11T01:25:48+02:00
278289,Schwabing-Freimann,Private room,56.0,3,101,0.57,160,Medium,True,2026-06-29,2026-09-11T01:25:48+02:00
285938,Neuhausen-Nymphenburg,Private room,73.0,1,234,1.35,49,Medium,True,2026-06-29,2026-09-11T01:25:48+02:00
309196,Thalkirchen-Obersendling-Forstenried-Fürstenried-Solln,Private room,55.0,21,39,0.26,243,High,True,2026-06-29,2026-09-11T01:25:48+02:00
311242,Obergiesing,Entire home/apt,289.0,2,143,0.83,197,High,True,2026-06-29,2026-09-11T01:25:48+02:00
315684,Hadern,Entire home/apt,269.0,4,142,1.08,163,Medium,True,2026-06-29,2026-09-11T01:25:48+02:00
406404,Schwabing-West,Entire home/apt,39.0,20,1,0.01,185,High,True,2026-06-29,2026-09-11T01:25:48+02:00
473201,Au-Haidhausen,Private room,95.0,1,97,0.57,123,Medium,True,2026-06-29,2026-09-11T01:25:48+02:00
483093,Ramersdorf-Perlach,Private room,104.0,1,218,1.27,252,High,True,2026-06-29,2026-09-11T01:25:48+02:00
485613,Neuhausen-Nymphenburg,Entire home/apt,148.0,1,66,0.4,78,Medium,True,2026-06-29,2026-09-11T01:25:48+02:00
526430,Sendling-Westpark,Private room,367.0,1,100,0.59,16,Low,True,2026-06-29,2026-09-11T01:25:48+02:00
556122,Pasing-Obermenzing,Private room,90.0,1,253,1.49,67,Medium,True,2026-06-29,2026-09-11T01:25:48+02:00
574143,Neuhausen-Nymphenburg,Private room,47.0,2,124,0.73,28,Low,True,2026-06-29,2026-09-11T01:25:48+02:00
609851,Maxvorstadt,Entire home/apt,280.0,5,2,0.02,109,Medium,True,2026-06-29,2026-09-11T01:25:48+02:00
609895,Schwabing-Freimann,Entire home/apt,136.0,2,23,1.0,283,High,True,2026-06-29,2026-09-11T01:25:48+02:00
625551,Pasing-Obermenzing,Private room,86.0,1,94,0.56,313,High,True,2026-06-29,2026-09-11T01:25:48+02:00
633836,Ramersdorf-Perlach,Entire home/apt,116.0,1,284,1.69,253,High,True,2026-06-29,2026-09-11T01:25:48+02:00
648368,Laim,Entire home/apt,370.0,2,35,0.23,10,Low,True,2026-06-29,2026-09-11T01:25:48+02:00
649493,Schwabing-West,Private room,117.0,1,45,0.27,356,High,True,2026-06-29,2026-09-11T01:25:48+02:00
664050,Maxvorstadt,Private room,110.0,1,163,0.98,135,Medium,True,2026-06-29,2026-09-11T01:25:48+02:00
667321,Pasing-Obermenzing,Private room,75.0,1,24,0.14,121,Medium,True,2026-06-29,2026-09-11T01:25:48+02:00
669550,Altstadt-Lehel,Private room,76.0,1,304,1.81,93,Medium,True,2026-06-29,2026-09-11T01:25:48+02:00
699108,Tudering-Riem,Private room,65.0,4,26,0.16,74,Medium,True,2026-06-29,2026-09-11T01:25:48+02:00
701673,Ramersdorf-Perlach,Private room,38.0,2,389,2.34,22,Low,True,2026-06-29,2026-09-11T01:25:48+02:00
703539,Tudering-Riem,Private room,4.0,180,17,0.1,182,High,True,2026-06-29,2026-09-11T01:25:48+02:00
705120,Au-Haidhausen,Entire home/apt,284.0,2,35,0.21,355,High,True,2026-06-29,2026-09-11T01:25:48+02:00
710489,Altstadt-Lehel,Entire home/apt,374.0,5,184,1.1,268,High,True,2026-06-29,2026-09-11T01:25:48+02:00
710884,Schwabing-West,Entire home/apt,175.0,1,139,0.91,279,High,True,2026-06-29,2026-09-11T01:25:48+02:00
710990,Pasing-Obermenzing,Private room,85.0,1,110,0.66,181,High,True,2026-06-29,2026-09-11T01:25:48+02:00
759516,Schwabing-West,Entire home/apt,128.0,4,34,0.9,258,High,True,2026-06-29,2026-09-11T01:25:48+02:00
779667,Maxvorstadt,Entire home/apt,189.0,1,520,3.9,222,High,True,2026-06-29,2026-09-11T01:25:48+02:00
817975,Altstadt-Lehel,Private room,132.0,1,91,0.58,157,Medium,True,2026-06-29,2026-09-11T01:25:48+02:00
820826,Au-Haidhausen,Private room,74.0,1,249,1.51,108,Medium,True,2026-06-29,2026-09-11T01:25:48+02:00
837679,Thalkirchen-Obersendling-Forstenried-Fürstenried-Solln,Entire home/apt,10.0,168,28,0.17,190,High,True,2026-06-29,2026-09-11T01:25:48+02:00
901225,Schwabing-West,Entire home/apt,246.0,2,52,0.35,163,Medium,True,2026-06-29,2026-09-11T01:25:48+02:00
905799,Maxvorstadt,Entire home/apt,177.0,7,118,0.73,343,High,True,2026-06-29,2026-09-11T01:25:48+02:00
910680,Schwabing-West,Entire home/apt,154.0,2,1,0.01,179,Medium,True,2026-06-29,2026-09-11T01:25:48+02:00
921010,Ludwigsvorstadt-Isarvorstadt,Private room,220.0,2,447,2.88,11,Low,True,2026-06-29,2026-09-11T01:25:48+02:00
921158,Maxvorstadt,Private room,121.0,1,440,2.84,319,High,True,2026-06-29,2026-09-11T01:25:48+02:00
921287,Ludwigsvorstadt-Isarvorstadt,Private room,220.0,2,338,2.18,9,Low,True,2026-06-29,2026-09-11T01:25:48+02:00
936808,Maxvorstadt,Private room,115.0,5,57,0.37,257,High,True,2026-06-29,2026-09-11T01:25:48+02:00
944648,Sendling-Westpark,Entire home/apt,30.0,30,46,0.42,266,High,True,2026-06-29,2026-09-11T01:25:48+02:00
964017,Ludwigsvorstadt-Isarvorstadt,Entire home/apt,532.0,1,44,0.29,355,High,True,2026-06-29,2026-09-11T01:25:48+02:00
974971,Tudering-Riem,Entire home/apt,157.0,2,295,1.84,158,Medium,True,2026-06-29,2026-09-11T01:25:48+02:00
979733,Tudering-Riem,Entire home/apt,175.0,3,261,1.63,137,Medium,True,2026-06-29,2026-09-11T01:25:48+02:00
991111,Maxvorstadt,Entire home/apt,136.0,1,579,3.6,239,High,True,2026-06-29,2026-09-11T01:25:48+02:00
991132,Maxvorstadt,Entire home/apt,136.0,1,469,2.91,315,High,True,2026-06-29,2026-09-11T01:25:48+02:00
1026660,Au-Haidhausen,Entire home/apt,136.0,3,27,0.17,61,Medium,True,2026-06-29,2026-09-11T01:25:48+02:00
1052133,Altstadt-Lehel,Entire home/apt,164.0,6,8,0.05,120,Medium,True,2026-06-29,2026-09-11T01:25:48+02:00
1053919,Berg am Laim,Entire home/apt,202.0,1,201,1.25,246,High,True,2026-06-29,2026-09-11T01:25:48+02:00
1064368,Milbertshofen-Am Hart,Entire home/apt,126.0,14,0,0.0,148,Medium,False,2026-06-29,2026-09-11T01:25:48+02:00
1071257,Maxvorstadt,Private room,113.0,1,752,4.68,76,Medium,True,2026-06-29,2026-09-11T01:25:48+02:00
1088131,Ramersdorf-Perlach,Private room,52.0,4,51,0.33,113,Medium,True,2026-06-29,2026-09-11T01:25:48+02:00
1132304,Altstadt-Lehel,Entire home/apt,255.0,5,34,0.21,184,High,True,2026-06-29,2026-09-11T01:25:48+02:00
1158720,Sendling,Private room,52.0,1,992,6.24,217,High,True,2026-06-29,2026-09-11T01:25:48+02:00
1328998,Ludwigsvorstadt-Isarvorstadt,Entire home/apt,470.0,2,0,0.0,359,High,False,2026-06-29,2026-09-11T01:25:48+02:00
1345323,Schwabing-Freimann,Entire home/apt,170.0,1,19,0.12,5,Low,True,2026-06-29,2026-09-11T01:25:48+02:00
1362758,Ludwigsvorstadt-Isarvorstadt,Entire home/apt,874.0,2,20,0.14,46,Medium,True,2026-06-29,2026-09-11T01:25:48+02:00
1381350,Ludwigsvorstadt-Isarvorstadt,Entire home/apt,171.0,5,21,0.22,28,Low,True,2026-06-29,2026-09-11T01:25:48+02:00
1444156,Altstadt-Lehel,Entire home/apt,12.0,180,1,0.01,363,High,True,2026-06-29,2026-09-11T01:25:48+02:00
1460173,Obergiesing,Entire home/apt,250.0,2,5,0.04,364,High,True,2026-06-29,2026-09-11T01:25:48+02:00
1463032,Schwabing-West,Entire home/apt,15.0,180,40,0.25,331,High,True,2026-06-29,2026-09-11T01:25:48+02:00
1481022,Obergiesing,Entire home/apt,160.0,1,340,2.25,277,High,True,2026-06-29,2026-09-11T01:25:48+02:00
1483012,Milbertshofen-Am Hart,Private room,55.0,2,15,0.1,337,High,True,2026-06-29,2026-09-11T01:25:48+02:00
1516754,Neuhausen-Nymphenburg,Entire home/apt,68.0,1,1,0.39,122,Medium,True,2026-06-29,2026-09-11T01:25:48+02:00
1518352,Au-Haidhausen,Entire home/apt,142.0,1,272,2.38,241,High,True,2026-06-29,2026-09-11T01:25:48+02:00
1534335,Laim,Entire home/apt,121.0,3,156,1.15,26,Low,True,2026-06-29,2026-09-11T01:25:48+02:00
1537237,Tudering-Riem,Private room,94.0,1,143,0.92,294,High,True,2026-06-29,2026-09-11T01:25:48+02:00
1597701,Obergiesing,Private room,109.0,2,302,1.94,65,Medium,True,2026-06-29,2026-09-11T01:25:48+02:00
1601358,Thalkirchen-Obersendling-Forstenried-Fürstenried-Solln,Private room,74.0,2,20,0.17,340,High,True,2026-06-29,2026-09-11T01:25:48+02:00
1606779,Milbertshofen-Am Hart,Entire home/apt,132.0,1,81,0.52,56,Medium,True,2026-06-29,2026-09-11T01:25:48+02:00
1637127,Milbertshofen-Am Hart,Private room,70.0,1,751,6.0,277,High,True,2026-06-29,2026-09-11T01:25:48+02:00
1639990,Bogenhausen,Private room,89.0,2,46,0.3,179,Medium,True,2026-06-29,2026-09-11T01:25:48+02:00
1648891,Maxvorstadt,Private room,80.0,300,0,0.0,364,High,False,2026-06-29,2026-09-11T01:25:48+02:00
1651743,Ludwigsvorstadt-Isarvorstadt,Entire home/apt,15.0,180,1,0.01,361,High,True,2026-06-29,2026-09-11T01:25:48+02:00
1654425,Untergiesing-Harlaching,Entire home/apt,133.0,1,321,2.41,25,Low,True,2026-06-29,2026-09-11T01:25:48+02:00
1666171,Schwanthalerhöhe,Entire home/apt,118.0,4,49,0.33,183,High,True,2026-06-29,2026-09-11T01:25:48+02:00
1671501,Berg am Laim,Private room,141.0,1,74,0.48,338,High,True,2026-06-29,2026-09-11T01:25:48+02:00
1674377,Tudering-Riem,Private room,156.0,3,46,0.41,212,High,True,2026-06-29,2026-09-11T01:25:48+02:00
1680894,Untergiesing-Harlaching,Entire home/apt,109.0,5,33,0.27,342,High,True,2026-06-29,2026-09-11T01:25:48+02:00
1711536,Schwabing-Freimann,Private room,190.0,1,11,0.08,321,High,True,2026-06-29,2026-09-11T01:25:48+02:00
1734262,Schwabing-Freimann,Entire home/apt,11.0,180,0,0.0,364,High,False,2026-06-29,2026-09-11T01:25:48+02:00
1780894,Ludwigsvorstadt-Isarvorstadt,Private room,100.0,2,93,0.67,264,High,True,2026-06-29,2026-09-11T01:25:48+02:00
1805167,Schwabing-Freimann,Private room,71.0,1,40,0.27,90,Medium,True,2026-06-29,2026-09-11T01:25:48+02:00
1865548,Maxvorstadt,Entire home/apt,215.0,1,1066,6.95,123,Medium,True,2026-06-29,2026-09-11T01:25:48+02:00
1933035,Milbertshofen-Am Hart,Private room,104.0,2,166,1.13,240,High,True,2026-06-29,2026-09-11T01:25:48+02:00
1993742,Maxvorstadt,Entire home/apt,139.0,1,351,2.36,3,Low,True,2026-06-29,2026-09-11T01:25:48+02:00
2003416,Untergiesing-Harlaching,Entire home/apt,111.0,5,34,0.23,84,Medium,True,2026-06-29,2026-09-11T01:25:48+02:00
2148966,Ludwigsvorstadt-Isarvorstadt,Entire home/apt,287.0,3,95,0.63,8,Low,True,2026-06-29,2026-09-11T01:25:48+02:00
2251998,Ramersdorf-Perlach,Private room,81.0,3,165,1.15,106,Medium,True,2026-06-29,2026-09-11T01:25:48+02:00
2257931,Ludwigsvorstadt-Isarvorstadt,Entire home/apt,162.0,2,0,0.0,345,High,False,2026-06-29,2026-09-11T01:25:48+02:00
2286506,Bogenhausen,Entire home/apt,308.0,2,350,2.39,140,Medium,True,2026-06-29,2026-09-11T01:25:48+02:00
2331422,Hadern,Private room,54.0,4,221,1.49,62,Medium,True,2026-06-29,2026-09-11T01:25:48+02:00
2377342,Tudering-Riem,Private room,49.0,7,54,0.43,42,Medium,True,2026-06-29,2026-09-11T01:25:48+02:00
2445882,Schwabing-West,Entire home/apt,180.0,3,114,0.77,13,Low,True,2026-06-29,2026-09-11T01:25:48+02:00
2452832,Maxvorstadt,Entire home/apt,149.0,1,644,4.33,162,Medium,True,2026-06-29,2026-09-11T01:25:48+02:00
2540597,Feldmoching-Hasenbergl,Private room,112.0,1,37,0.28,250,High,True,2026-06-29,2026-09-11T01:25:48+02:00
2544224,Au-Haidhausen,Entire home/apt,172.0,1,580,3.89,190,High,True,2026-06-29,2026-09-11T01:25:48+02:00
2544799,Ludwigsvorstadt-Isarvorstadt,Entire home/apt,176.0,1,22,0.15,33,Medium,True,2026-06-29,2026-09-11T01:25:48+02:00
2575669,Sendling-Westpark,Private room,83.0,2,14,0.22,133,Medium,True,2026-06-29,2026-09-11T01:25:48+02:00
2602887,Bogenhausen,Entire home/apt,26.0,99,21,0.14,173,Medium,True,2026-06-29,2026-09-11T01:25:48+02:00
2606617,Thalkirchen-Obersendling-Forstenried-Fürstenried-Solln,Entire home/apt,166.0,3,46,0.32,153,Medium,True,2026-06-29,2026-09-11T01:25:48+02:00
2662348,Schwabing-Freimann,Private room,61.0,1,410,2.75,140,Medium,True,2026-06-29,2026-09-11T01:25:48+02:00
2699009,Maxvorstadt,Private room,115.0,1,109,0.81,313,High,True,2026-06-29,2026-09-11T01:25:48+02:00
2806219,Schwanthalerhöhe,Entire home/apt,420.0,3,3,0.07,259,High,True,2026-06-29,2026-09-11T01:25:48+02:00
2835482,Laim,Entire home/apt,127.0,3,17,0.47,7,Low,True,2026-06-29,2026-09-11T01:25:48+02:00
2861806,Bogenhausen,Private room,40.0,1,0,0.0,136,Medium,False,2026-06-29,2026-09-11T01:25:48+02:00
2931704,Moosach,Entire home/apt,221.0,2,151,1.02,183,High,True,2026-06-29,2026-09-11T01:25:48+02:00
2949717,Au-Haidhausen,Entire home/apt,130.0,1,162,1.1,80,Medium,True,2026-06-29,2026-09-11T01:25:48+02:00
3025064,Ludwigsvorstadt-Isarvorstadt,Private room,320.0,2,58,0.43,81,Medium,True,2026-06-29,2026-09-11T01:25:48+02:00
3028008,Untergiesing-Harlaching,Private room,43.0,30,40,0.27,274,High,True,2026-06-29,2026-09-11T01:25:48+02:00
3092813,Schwabing-West,Private room,88.0,1,60,0.42,189,High,True,2026-06-29,2026-09-11T01:25:48+02:00
3169487,Maxvorstadt,Private room,65.0,2,599,4.12,259,High,True,2026-06-29,2026-09-11T01:25:48+02:00
3219673,Moosach,Private room,11.0,90,64,0.45,273,High,True,2026-06-29,2026-09-11T01:25:48+02:00
3266640,Schwabing-West,Entire home/apt,272.0,4,13,0.09,88,Medium,True,2026-06-29,2026-09-11T01:25:48+02:00
3375898,Sendling,Entire home/apt,111.0,1,114,0.89,3,Low,True,2026-06-29,2026-09-11T01:25:48+02:00
3419577,Ludwigsvorstadt-Isarvorstadt,Entire home/apt,188.0,2,105,0.72,28,Low,True,2026-06-29,2026-09-11T01:25:48+02:00
3464431,Milbertshofen-Am Hart,Entire home/apt,32.0,1,11,0.13,219,High,True,2026-06-29,2026-09-11T01:25:48+02:00
3591390,Thalkirchen-Obersendling-Forstenried-Fürstenried-Solln,Entire home/apt,211.0,2,73,0.52,261,High,True,2026-06-29,2026-09-11T01:25:48+02:00
3597406,Schwabing-West,Private room,61.0,1,181,1.26,73,Medium,True,2026-06-29,2026-09-11T01:25:48+02:00
3633225,Schwabing-West,Entire home/apt,287.0,2,139,0.96,93,Medium,True,2026-06-29,2026-09-11T01:25:48+02:00
3652758,Schwabing-West,Private room,99.0,1,63,0.67,156,Medium,True,2026-06-29,2026-09-11T01:25:48+02:00
3662438,Berg am Laim,Private room,52.0,5,52,0.36,334,High,True,2026-06-29,2026-09-11T01:25:48+02:00
3692510,Schwabing-Freimann,Private room,32.0,14,34,0.24,142,Medium,True,2026-06-29,2026-09-11T01:25:48+02:00
3795594,Tudering-Riem,Entire home/apt,130.0,2,302,2.11,12,Low,True,2026-06-29,2026-09-11T01:25:48+02:00
3848277,Maxvorstadt,Private room,222.0,2,17,0.73,20,Low,True,2026-06-29,2026-09-11T01:25:48+02:00
3854069,Sendling-Westpark,Entire home/apt,388.0,3,29,0.2,357,High,True,2026-06-29,2026-09-11T01:25:48+02:00
3854294,Au-Haidhausen,Entire home/apt,149.0,2,526,3.68,297,High,True,2026-06-29,2026-09-11T01:25:48+02:00
3867968,Schwabing-Freimann,Private room,80.0,1,6,0.07,86,Medium,True,2026-06-29,2026-09-11T01:25:48+02:00
3896620,Ludwigsvorstadt-Isarvorstadt,Private room,213.0,1,29,0.2,58,Medium,True,2026-06-29,2026-09-11T01:25:48+02:00
3904126,Obergiesing,Private room,104.0,1,84,0.69,268,High,True,2026-06-29,2026-09-11T01:25:48+02:00
3921235,Au-Haidhausen,Entire home/apt,193.0,3,10,0.14,5,Low,True,2026-06-29,2026-09-11T01:25:48+02:00
3926137,Neuhausen-Nymphenburg,Entire home/apt,14.0,180,17,0.12,335,High,True,2026-06-29,2026-09-11T01:25:48+02:00
3944481,Milbertshofen-Am Hart,Private room,88.0,1,72,0.52,56,Medium,True,2026-06-29,2026-09-11T01:25:48+02:00
3950867,Neuhausen-Nymphenburg,Private room,89.0,1,102,0.8,339,High,True,2026-06-29,2026-09-11T01:25:48+02:00
3950882,Neuhausen-Nymphenburg,Private room,89.0,2,62,0.43,153,Medium,True,2026-06-29,2026-09-11T01:25:48+02:00
3966633,Ludwigsvorstadt-Isarvorstadt,Entire home/apt,136.0,8,22,0.2,89,Medium,True,2026-06-29,2026-09-11T01:25:48+02:00
3969430,Maxvorstadt,Private room,95.0,2,171,1.2,315,High,True,2026-06-29,2026-09-11T01:25:48+02:00
3979304,Ludwigsvorstadt-Isarvorstadt,Entire home/apt,132.0,1,553,4.32,148,Medium,True,2026-06-29,2026-09-11T01:25:48+02:00
3989785,Ludwigsvorstadt-Isarvorstadt,Entire home/apt,239.0,1,517,3.73,201,High,True,2026-06-29,2026-09-11T01:25:48+02:00
4034719,Milbertshofen-Am Hart,Private room,47.0,1,501,3.51,77,Medium,True,2026-06-29,2026-09-11T01:25:48+02:00
4036253,Maxvorstadt,Entire home/apt,171.0,1,9,0.06,145,Medium,True,2026-06-29,2026-09-11T01:25:48+02:00
4037636,Untergiesing-Harlaching,Private room,86.0,2,66,0.46,235,High,True,2026-06-29,2026-09-11T01:25:48+02:00
4050327,Tudering-Riem,Private room,142.0,1,4,0.03,300,High,True,2026-06-29,2026-09-11T01:25:48+02:00
4056005,Obergiesing,Private room,210.0,2,5,0.04,98,Medium,True,2026-06-29,2026-09-11T01:25:48+02:00
4059615,Bogenhausen,Entire home/apt,525.0,4,56,0.39,127,Medium,True,2026-06-29,2026-09-11T01:25:48+02:00
4072858,Thalkirchen-Obersendling-Forstenried-Fürstenried-Solln,Entire home/apt,201.0,1,7,0.06,337,High,True,2026-06-29,2026-09-11T01:25:48+02:00
4094959,Untergiesing-Harlaching,Entire home/apt,183.0,2,59,0.55,42,Medium,True,2026-06-29,2026-09-11T01:25:48+02:00
4101919,Neuhausen-Nymphenburg,Private room,275.0,2,1,0.03,173,Medium,True,2026-06-29,2026-09-11T01:25:48+02:00
4107454,Berg am Laim,Private room,201.0,1,67,0.51,360,High,True,2026-06-29,2026-09-11T01:25:48+02:00
4159098,Sendling,Entire home/apt,243.0,1,275,1.92,309,High,True,2026-06-29,2026-09-11T01:25:48+02:00
4161164,Sendling,Entire home/apt,156.0,1,162,2.63,31,Medium,True,2026-06-29,2026-09-11T01:25:48+02:00
4179154,Untergiesing-Harlaching,Entire home/apt,139.0,4,151,1.27,194,High,True,2026-06-29,2026-09-11T01:25:48+02:00
4189709,Altstadt-Lehel,Private room,350.0,1,1,0.01,86,Medium,True,2026-06-29,2026-09-11T01:25:48+02:00
4193194,Laim,Private room,77.0,2,179,1.34,82,Medium,True,2026-06-29,2026-09-11T01:25:48+02:00
4242429,Schwanthalerhöhe,Private room,69.0,2,107,0.77,66,Medium,True,2026-06-29,2026-09-11T01:25:48+02:00
4336040,Schwabing-West,Private room,37.0,1,365,2.56,27,Low,True,2026-06-29,2026-09-11T01:25:48+02:00
4349897,Schwabing-Freimann,Entire home/apt,442.0,2,58,0.41,127,Medium,True,2026-06-29,2026-09-11T01:25:48+02:00
4487609,Aubing-Lochhausen-Langwied,Entire home/apt,252.0,3,9,0.07,363,High,True,2026-06-29,2026-09-11T01:25:48+02:00
4496669,Schwanthalerhöhe,Entire home/apt,124.0,3,196,1.5,146,Medium,True,2026-06-29,2026-09-11T01:25:48+02:00
4563452,Sendling-Westpark,Entire home/apt,311.0,1,49,0.36,78,Medium,True,2026-06-29,2026-09-11T01:25:48+02:00
4563657,Berg am Laim,Entire home/apt,328.0,1,55,0.46,40,Medium,True,2026-06-29,2026-09-11T01:25:48+02:00
4569312,Maxvorstadt,Private room,193.0,4,2,0.02,113,Medium,True,2026-06-29,2026-09-11T01:25:48+02:00
4655071,Neuhausen-Nymphenburg,Entire home/apt,473.0,1,31,0.23,356,High,True,2026-06-29,2026-09-11T01:25:48+02:00
4700210,Sendling-Westpark,Entire home/apt,93.0,2,142,1.53,122,Medium,True,2026-06-29,2026-09-11T01:25:48+02:00
4732862,Schwanthalerhöhe,Entire home/apt,378.0,2,44,0.34,344,High,True,2026-06-29,2026-09-11T01:25:48+02:00
4766169,Bogenhausen,Entire home/apt,131.0,5,53,0.38,341,High,True,2026-06-29,2026-09-11T01:25:48+02:00
4828663,Maxvorstadt,Private room,67.0,1,643,4.61,3,Low,True,2026-06-29,2026-09-11T01:25:48+02:00
4844604,Sendling,Entire home/apt,184.0,2,5,0.04,148,Medium,True,2026-06-29,2026-09-11T01:25:48+02:00
4870132,Sendling-Westpark,Private room,80.0,2,469,3.35,85,Medium,True,2026-06-29,2026-09-11T01:25:48+02:00
4928361,Neuhausen-Nymphenburg,Entire home/apt,750.0,1,37,0.28,9,Low,True,2026-06-29,2026-09-11T01:25:48+02:00
4965532,Au-Haidhausen,Private room,140.0,1,57,0.47,88,Medium,True,2026-06-29,2026-09-11T01:25:48+02:00
5180402,Ludwigsvorstadt-Isarvorstadt,Entire home/apt,849.0,2,97,0.71,47,Medium,True,2026-06-29,2026-09-11T01:25:48+02:00
5313271,Neuhausen-Nymphenburg,Entire home/apt,188.0,3,73,0.54,312,High,True,2026-06-29,2026-09-11T01:25:48+02:00
5345807,Thalkirchen-Obersendling-Forstenried-Fürstenried-Solln,Private room,107.0,1,4,0.27,85,Medium,True,2026-06-29,2026-09-11T01:25:48+02:00
5368014,Milbertshofen-Am Hart,Entire home/apt,568.0,2,18,0.14,179,Medium,True,2026-06-29,2026-09-11T01:25:48+02:00
5492469,Ludwigsvorstadt-Isarvorstadt,Entire home/apt,229.0,1,460,3.4,102,Medium,True,2026-06-29,2026-09-11T01:25:48+02:00
5545786,Bogenhausen,Private room,63.0,1,103,0.75,152,Medium,True,2026-06-29,2026-09-11T01:25:48+02:00
5702154,Thalkirchen-Obersendling-Forstenried-Fürstenried-Solln,Private room,107.0,1,175,1.3,219,High,True,2026-06-29,2026-09-11T01:25:48+02:00
5752342,Maxvorstadt,Private room,129.0,1,458,3.36,15,Low,True,2026-06-29,2026-09-11T01:25:48+02:00
5752649,Sendling-Westpark,Private room,118.0,2,23,0.19,52,Medium,True,2026-06-29,2026-09-11T01:25:48+02:00
5790535,Maxvorstadt,Entire home/apt,160.0,7,16,0.12,341,High,True,2026-06-29,2026-09-11T01:25:48+02:00
5819259,Ludwigsvorstadt-Isarvorstadt,Private room,113.0,3,168,1.23,55,Medium,True,2026-06-29,2026-09-11T01:25:48+02:00
5847159,Feldmoching-Hasenbergl,Private room,71.0,1,631,4.65,287,High,True,2026-06-29,2026-09-11T01:25:48+02:00
5987246,Schwanthalerhöhe,Entire home/apt,195.0,2,254,1.86,296,High,True,2026-06-29,2026-09-11T01:25:48+02:00
6031958,Au-Haidhausen,Private room,105.0,1,291,2.14,187,High,True,2026-06-29,2026-09-11T01:25:48+02:00
6131848,Bogenhausen,Entire home/apt,14.0,182,0,0.0,335,High,False,2026-06-29,2026-09-11T01:25:48+02:00
6345758,Milbertshofen-Am Hart,Entire home/apt,45.0,28,49,0.36,248,High,True,2026-06-29,2026-09-11T01:25:48+02:00
6347391,Tudering-Riem,Private room,175.0,1,31,0.25,365,High,True,2026-06-29,2026-09-11T01:25:48+02:00
6388798,Schwabing-Freimann,Entire home/apt,140.0,1,19,0.15,311,High,True,2026-06-29,2026-09-11T01:25:48+02:00
6617951,Ramersdorf-Perlach,Private room,53.0,5,14,0.11,142,Medium,True,2026-06-29,2026-09-11T01:25:48+02:00
6829774,Maxvorstadt,Entire home/apt,655.0,1,5,0.04,182,High,True,2026-06-29,2026-09-11T01:25:48+02:00
6843791,Sendling-Westpark,Entire home/apt,132.0,22,38,0.28,200,High,True,2026-06-29,2026-09-11T01:25:48+02:00
6980106,Altstadt-Lehel,Entire home/apt,650.0,1,217,1.63,7,Low,True,2026-06-29,2026-09-11T01:25:48+02:00
6996163,Moosach,Private room,122.0,1,89,0.67,257,High,True,2026-06-29,2026-09-11T01:25:48+02:00
6996620,Moosach,Private room,501.0,60,0,0.0,365,High,False,2026-06-29,2026-09-11T01:25:48+02:00
7084906,Schwabing-West,Private room,82.0,1,61,0.47,105,Medium,True,2026-06-29,2026-09-11T01:25:48+02:00
7106457,Sendling-Westpark,Private room,95.0,1,291,2.18,296,High,True,2026-06-29,2026-09-11T01:25:48+02:00
7153083,Aubing-Lochhausen-Langwied,Entire home/apt,175.0,5,24,0.18,88,Medium,True,2026-06-29,2026-09-11T01:25:48+02:00
7214188,Hadern,Entire home/apt,206.0,3,14,0.11,11,Low,True,2026-06-29,2026-09-11T01:25:48+02:00
7365260,Untergiesing-Harlaching,Private room,54.0,2,53,0.41,243,High,True,2026-06-29,2026-09-11T01:25:48+02:00
7426992,Tudering-Riem,Private room,53.0,1,43,0.33,4,Low,True,2026-06-29,2026-09-11T01:25:48+02:00
7453153,Schwabing-West,Private room,80.0,1,156,1.17,104,Medium,True,2026-06-29,2026-09-11T01:25:48+02:00
7521709,Ramersdorf-Perlach,Private room,50.0,1,221,1.69,218,High,True,2026-06-29,2026-09-11T01:25:48+02:00
7555347,Ludwigsvorstadt-Isarvorstadt,Private room,212.0,1,383,2.93,358,High,True,2026-06-29,2026-09-11T01:25:48+02:00
7686082,Ludwigsvorstadt-Isarvorstadt,Entire home/apt,498.0,2,23,0.18,14,Low,True,2026-06-29,2026-09-11T01:25:48+02:00
7726784,Pasing-Obermenzing,Entire home/apt,163.0,1,0,0.0,14,Low,False,2026-06-29,2026-09-11T01:25:48+02:00
7759715,Ludwigsvorstadt-Isarvorstadt,Entire home/apt,415.0,3,106,0.88,106,Medium,True,2026-06-29,2026-09-11T01:25:48+02:00
7797671,Maxvorstadt,Entire home/apt,480.0,2,30,0.23,6,Low,True,2026-06-29,2026-09-11T01:25:48+02:00
7823621,Berg am Laim,Entire home/apt,135.0,2,17,0.16,312,High,True,2026-06-29,2026-09-11T01:25:48+02:00
7856103,Au-Haidhausen,Entire home/apt,185.0,4,29,0.24,42,Medium,True,2026-06-29,2026-09-11T01:25:48+02:00
7959730,Untergiesing-Harlaching,Entire home/apt,95.0,3,430,3.27,256,High,True,2026-06-29,2026-09-11T01:25:48+02:00
8047348,Sendling-Westpark,Private room,70.0,1,35,0.27,67,Medium,True,2026-06-29,2026-09-11T01:25:48+02:00
8048461,Thalkirchen-Obersendling-Forstenried-Fürstenried-Solln,Shared room,111.0,3,26,0.22,254,High,True,2026-06-29,2026-09-11T01:25:48+02:00
8049887,Altstadt-Lehel,Private room,135.0,4,11,0.43,84,Medium,True,2026-06-29,2026-09-11T01:25:48+02:00
8057288,Ludwigsvorstadt-Isarvorstadt,Entire home/apt,195.0,1,48,0.37,43,Medium,True,2026-06-29,2026-09-11T01:25:48+02:00
8061549,Schwabing-West,Entire home/apt,138.0,14,33,0.25,325,High,True,2026-06-29,2026-09-11T01:25:48+02:00
8062325,Maxvorstadt,Entire home/apt,156.0,1,661,5.05,287,High,True,2026-06-29,2026-09-11T01:25:48+02:00
8069250,Schwanthalerhöhe,Private room,79.0,2,8,0.06,86,Medium,True,2026-06-29,2026-09-11T01:25:48+02:00
8109625,Berg am Laim,Private room,75.0,2,154,1.18,86,Medium,True,2026-06-29,2026-09-11T01:25:48+02:00
8129747,Feldmoching-Hasenbergl,Entire home/apt,188.0,1,552,4.2,276,High,True,2026-06-29,2026-09-11T01:25:48+02:00
8248905,Schwabing-West,Private room,88.0,2,99,0.76,280,High,True,2026-06-29,2026-09-11T01:25:48+02:00
8281405,Pasing-Obermenzing,Entire home/apt,107.0,1,162,1.24,50,Medium,True,2026-06-29,2026-09-11T01:25:48+02:00
8297586,Maxvorstadt,Entire home/apt,177.0,6,64,0.49,228,High,True,2026-06-29,2026-09-11T01:25:48+02:00
8314508,Obergiesing,Private room,88.0,1,281,2.15,41,Medium,True,2026-06-29,2026-09-11T01:25:48+02:00
8351538,Bogenhausen,Entire home/apt,63.0,1,404,3.09,284,High,True,2026-06-29,2026-09-11T01:25:48+02:00
8394551,Schwabing-Freimann,Entire home/apt,112.0,20,9,0.07,25,Low,True,2026-06-29,2026-09-11T01:25:48+02:00
8405825,Thalkirchen-Obersendling-Forstenried-Fürstenried-Solln,Private room,100.0,1,30,0.25,344,High,True,2026-06-29,2026-09-11T01:25:48+02:00
8433934,Schwanthalerhöhe,Private room,150.0,1,0,0.0,356,High,False,2026-06-29,2026-09-11T01:25:48+02:00
8434936,Maxvorstadt,Entire home/apt,260.0,1,124,1.31,81,Medium,True,2026-06-29,2026-09-11T01:25:48+02:00
8439623,Neuhausen-Nymphenburg,Entire home/apt,215.0,1,20,0.15,11,Low,True,2026-06-29,2026-09-11T01:25:48+02:00
8497593,Hadern,Private room,90.0,2,166,1.4,57,Medium,True,2026-06-29,2026-09-11T01:25:48+02:00
8514517,Schwabing-Freimann,Private room,75.0,1,483,3.69,8,Low,True,2026-06-29,2026-09-11T01:25:48+02:00
8536071,Schwanthalerhöhe,Entire home/apt,280.0,2,13,0.1,360,High,True,2026-06-29,2026-09-11T01:25:48+02:00
8576332,Sendling,Private room,157.0,2,4,0.05,357,High,True,2026-06-29,2026-09-11T01:25:48+02:00
8600027,Schwabing-West,Entire home/apt,278.0,5,35,0.33,240,High,True,2026-06-29,2026-09-11T01:25:48+02:00
8626599,Schwanthalerhöhe,Entire home/apt,512.0,3,15,0.11,99,Medium,True,2026-06-29,2026-09-11T01:25:48+02:00
8628515,Schwanthalerhöhe,Private room,229.0,1,227,1.82,16,Low,True,2026-06-29,2026-09-11T01:25:48+02:00
8629374,Tudering-Riem,Private room,88.0,1,192,1.55,246,High,True,2026-06-29,2026-09-11T01:25:48+02:00
8697837,Neuhausen-Nymphenburg,Private room,100.0,1,710,5.71,265,High,True,2026-06-29,2026-09-11T01:25:48+02:00
8916911,Berg am Laim,Private room,58.0,2,122,0.96,14,Low,True,2026-06-29,2026-09-11T01:25:48+02:00
8965736,Thalkirchen-Obersendling-Forstenried-Fürstenried-Solln,Private room,71.0,1,613,4.79,179,Medium,True,2026-06-29,2026-09-11T01:25:48+02:00
8966493,Schwanthalerhöhe,Entire home/apt,172.0,3,73,0.57,279,High,True,2026-06-29,2026-09-11T01:25:48+02:00
9195910,Au-Haidhausen,Entire home/apt,172.0,1,144,1.12,9,Low,True,2026-06-29,2026-09-11T01:25:48+02:00
9220785,Pasing-Obermenzing,Entire home/apt,169.0,1,676,5.25,134,Medium,True,2026-06-29,2026-09-11T01:25:48+02:00
9242529,Schwanthalerhöhe,Entire home/apt,600.0,1,20,0.16,8,Low,True,2026-06-29,2026-09-11T01:25:48+02:00
9245245,Maxvorstadt,Entire home/apt,78.0,12,104,0.81,179,Medium,True,2026-06-29,2026-09-11T01:25:48+02:00
9257377,Schwabing-West,Entire home/apt,273.0,5,35,0.28,303,High,True,2026-06-29,2026-09-11T01:25:48+02:00
9376845,Ludwigsvorstadt-Isarvorstadt,Entire home/apt,289.0,2,57,0.46,342,High,True,2026-06-29,2026-09-11T01:25:48+02:00
9450141,Thalkirchen-Obersendling-Forstenried-Fürstenried-Solln,Entire home/apt,70.0,5,16,0.12,226,High,True,2026-06-29,2026-09-11T01:25:48+02:00
9508546,Berg am Laim,Private room,73.0,7,18,0.14,330,High,True,2026-06-29,2026-09-11T01:25:48+02:00
9583950,Thalkirchen-Obersendling-Forstenried-Fürstenried-Solln,Private room,78.0,1,53,0.42,332,High,True,2026-06-29,2026-09-11T01:25:48+02:00
9599188,Milbertshofen-Am Hart,Private room,309.0,7,10,0.08,362,High,True,2026-06-29,2026-09-11T01:25:48+02:00
9602349,Neuhausen-Nymphenburg,Entire home/apt,112.0,3,73,0.59,83,Medium,True,2026-06-29,2026-09-11T01:25:48+02:00
9610959,Laim,Private room,52.0,1,504,3.92,299,High,True,2026-06-29,2026-09-11T01:25:48+02:00
9768038,Schwanthalerhöhe,Entire home/apt,182.0,2,27,0.59,316,High,True,2026-06-29,2026-09-11T01:25:48+02:00
9947504,Thalkirchen-Obersendling-Forstenried-Fürstenried-Solln,Entire home/apt,55.0,30,10,0.09,240,High,True,2026-06-29,2026-09-11T01:25:48+02:00
10044722,Ludwigsvorstadt-Isarvorstadt,Entire home/apt,138.0,1,257,2.15,11,Low,True,2026-06-29,2026-09-11T01:25:48+02:00
10293145,Schwabing-Freimann,Entire home/apt,81.0,1,26,0.21,178,Medium,True,2026-06-29,2026-09-11T01:25:48+02:00
10356347,Pasing-Obermenzing,Entire home/apt,102.0,4,17,0.14,314,High,True,2026-06-29,2026-09-11T01:25:48+02:00
10359799,Schwabing-West,Private room,100.0,1,0,0.0,264,High,False,2026-06-29,2026-09-11T01:25:48+02:00
10383452,Ludwigsvorstadt-Isarvorstadt,Entire home/apt,495.0,1,123,1.18,92,Medium,True,2026-06-29,2026-09-11T01:25:48+02:00
10425205,Tudering-Riem,Private room,93.0,2,27,0.21,271,High,True,2026-06-29,2026-09-11T01:25:48+02:00
10442911,Laim,Entire home/apt,54.0,30,13,0.1,237,High,True,2026-06-29,2026-09-11T01:25:48+02:00
10765606,Milbertshofen-Am Hart,Entire home/apt,92.0,6,7,0.06,13,Low,True,2026-06-29,2026-09-11T01:25:48+02:00
10802305,Pasing-Obermenzing,Private room,54.0,21,1,0.01,149,Medium,True,2026-06-29,2026-09-11T01:25:48+02:00
10858442,Au-Haidhausen,Entire home/apt,159.0,1,860,6.82,210,High,True,2026-06-29,2026-09-11T01:25:48+02:00
10895807,Untergiesing-Harlaching,Entire home/apt,102.0,7,0,0.0,328,High,False,2026-06-29,2026-09-11T01:25:48+02:00
11015816,Sendling-Westpark,Private room,77.0,1,253,2.03,144,Medium,True,2026-06-29,2026-09-11T01:25:48+02:00
11101904,Tudering-Riem,Private room,118.0,1,146,1.16,72,Medium,True,2026-06-29,2026-09-11T01:25:48+02:00
11184931,Au-Haidhausen,Private room,102.0,7,3,0.03,147,Medium,True,2026-06-29,2026-09-11T01:25:48+02:00
11364373,Thalkirchen-Obersendling-Forstenried-Fürstenried-Solln,Private room,125.0,2,107,0.9,188,High,True,2026-06-29,2026-09-11T01:25:48+02:00
11504553,Ludwigsvorstadt-Isarvorstadt,Entire home/apt,29.0,180,14,0.11,343,High,True,2026-06-29,2026-09-11T01:25:48+02:00
11600537,Ludwigsvorstadt-Isarvorstadt,Entire home/apt,158.0,1,134,1.08,19,Low,True,2026-06-29,2026-09-11T01:25:48+02:00
11655429,Tudering-Riem,Private room,173.0,2,22,0.18,277,High,True,2026-06-29,2026-09-11T01:25:48+02:00
11656738,Tudering-Riem,Private room,173.0,2,7,0.06,266,High,True,2026-06-29,2026-09-11T01:25:48+02:00
11669266,Sendling-Westpark,Private room,82.0,1,264,2.12,143,Medium,True,2026-06-29,2026-09-11T01:25:48+02:00
11810642,Untergiesing-Harlaching,Private room,215.0,1,79,0.64,345,High,True,2026-06-29,2026-09-11T01:25:48+02:00
11853790,Bogenhausen,Private room,270.0,1,0,0.0,365,High,False,2026-06-29,2026-09-11T01:25:48+02:00
11905650,Laim,Entire home/apt,253.0,2,189,1.55,87,Medium,True,2026-06-29,2026-09-11T01:25:48+02:00
12035891,Allach-Untermenzing,Private room,81.0,1,36,0.34,133,Medium,True,2026-06-29,2026-09-11T01:25:48+02:00
12124301,Neuhausen-Nymphenburg,Entire home/apt,370.0,2,27,0.23,14,Low,True,2026-06-29,2026-09-11T01:25:48+02:00
12196578,Schwabing-West,Entire home/apt,203.0,14,11,0.09,88,Medium,True,2026-06-29,2026-09-11T01:25:48+02:00
12351092,Milbertshofen-Am Hart,Private room,120.0,1,0,0.0,23,Low,False,2026-06-29,2026-09-11T01:25:48+02:00
12476546,Hadern,Entire home/apt,87.0,10,0,0.0,339,High,False,2026-06-29,2026-09-11T01:25:48+02:00
12783271,Schwabing-West,Entire home/apt,330.0,2,8,0.07,353,High,True,2026-06-29,2026-09-11T01:25:48+02:00
12850600,Untergiesing-Harlaching,Entire home/apt,27.0,90,0,0.0,358,High,False,2026-06-29,2026-09-11T01:25:48+02:00
12886887,Neuhausen-Nymphenburg,Private room,190.0,2,0,0.0,27,Low,False,2026-06-29,2026-09-11T01:25:48+02:00
12911392,Thalkirchen-Obersendling-Forstenried-Fürstenried-Solln,Entire home/apt,222.0,7,4,0.04,17,Low,True,2026-06-29,2026-09-11T01:25:48+02:00
12983450,Feldmoching-Hasenbergl,Entire home/apt,197.0,3,7,0.06,365,High,True,2026-06-29,2026-09-11T01:25:48+02:00
12994741,Obergiesing,Entire home/apt,615.0,1,5,0.04,364,High,True,2026-06-29,2026-09-11T01:25:48+02:00
13163787,Neuhausen-Nymphenburg,Entire home/apt,20.0,90,11,0.1,274,High,True,2026-06-29,2026-09-11T01:25:48+02:00
13170896,Sendling-Westpark,Entire home/apt,62.0,20,3,0.02,212,High,True,2026-06-29,2026-09-11T01:25:48+02:00
13251484,Tudering-Riem,Private room,129.0,2,54,0.44,359,High,True,2026-06-29,2026-09-11T01:25:48+02:00
13324700,Pasing-Obermenzing,Entire home/apt,24.0,90,8,0.08,179,Medium,True,2026-06-29,2026-09-11T01:25:48+02:00
13352841,Neuhausen-Nymphenburg,Entire home/apt,119.0,1,452,3.71,232,High,True,2026-06-29,2026-09-11T01:25:48+02:00
13461428,Tudering-Riem,Private room,116.0,1,167,1.37,283,High,True,2026-06-29,2026-09-11T01:25:48+02:00
13554490,Milbertshofen-Am Hart,Private room,83.0,1,209,1.73,138,Medium,True,2026-06-29,2026-09-11T01:25:48+02:00
13571939,Altstadt-Lehel,Entire home/apt,119.0,1,174,1.43,32,Medium,True,2026-06-29,2026-09-11T01:25:48+02:00
13708811,Ludwigsvorstadt-Isarvorstadt,Entire home/apt,97.0,10,59,0.5,29,Low,True,2026-06-29,2026-09-11T01:25:48+02:00
13790507,Au-Haidhausen,Entire home/apt,509.0,5,10,0.08,177,Medium,True,2026-06-29,2026-09-11T01:25:48+02:00
13926561,Pasing-Obermenzing,Entire home/apt,300.0,2,5,0.24,53,Medium,True,2026-06-29,2026-09-11T01:25:48+02:00
13974371,Allach-Untermenzing,Entire home/apt,263.0,2,237,1.99,276,High,True,2026-06-29,2026-09-11T01:25:48+02:00
14090088,Untergiesing-Harlaching,Private room,67.0,1,82,0.68,296,High,True,2026-06-29,2026-09-11T01:25:48+02:00
14117145,Aubing-Lochhausen-Langwied,Entire home/apt,66.0,1,343,2.93,137,Medium,True,2026-06-29,2026-09-11T01:25:48+02:00
14180019,Sendling-Westpark,Entire home/apt,757.0,1,28,0.24,352,High,True,2026-06-29,2026-09-11T01:25:48+02:00
14268794,Neuhausen-Nymphenburg,Entire home/apt,121.0,14,0,0.0,319,High,False,2026-06-29,2026-09-11T01:25:48+02:00
14288192,Berg am Laim,Private room,66.0,1,336,2.79,76,Medium,True,2026-06-29,2026-09-11T01:25:48+02:00
14290118,Ludwigsvorstadt-Isarvorstadt,Entire home/apt,129.0,1,129,1.08,8,Low,True,2026-06-29,2026-09-11T01:25:48+02:00
14296910,Maxvorstadt,Private room,43.0,1,148,1.23,207,High,True,2026-06-29,2026-09-11T01:25:48+02:00
14329024,Thalkirchen-Obersendling-Forstenried-Fürstenried-Solln,Private room,92.0,2,28,0.23,289,High,True,2026-06-29,2026-09-11T01:25:48+02:00
14393465,Sendling,Entire home/apt,576.0,3,11,0.09,17,Low,True,2026-06-29,2026-09-11T01:25:48+02:00
14438574,Schwabing-West,Private room,65.0,2,105,0.88,284,High,True,2026-06-29,2026-09-11T01:25:48+02:00
14485427,Neuhausen-Nymphenburg,Private room,89.0,1,668,5.57,206,High,True,2026-06-29,2026-09-11T01:25:48+02:00
14545015,Obergiesing,Private room,79.0,3,79,0.66,46,Medium,True,2026-06-29,2026-09-11T01:25:48+02:00
14603726,Schwabing-West,Private room,105.0,2,96,0.81,335,High,True,2026-06-29,2026-09-11T01:25:48+02:00
14604647,Tudering-Riem,Private room,80.0,1,103,0.86,56,Medium,True,2026-06-29,2026-09-11T01:25:48+02:00
14651423,Schwabing-West,Private room,85.0,1,113,0.95,345,High,True,2026-06-29,2026-09-11T01:25:48+02:00
14661077,Ludwigsvorstadt-Isarvorstadt,Entire home/apt,146.0,3,23,0.19,15,Low,True,2026-06-29,2026-09-11T01:25:48+02:00
14679149,Ramersdorf-Perlach,Entire home/apt,155.0,2,165,1.38,262,High,True,2026-06-29,2026-09-11T01:25:48+02:00
14687839,Ramersdorf-Perlach,Entire home/apt,138.0,1,615,5.17,73,Medium,True,2026-06-29,2026-09-11T01:25:48+02:00
14691675,Ludwigsvorstadt-Isarvorstadt,Entire home/apt,55.0,5,13,0.12,28,Low,True,2026-06-29,2026-09-11T01:25:48+02:00
14706619,Schwabing-Freimann,Private room,86.0,1,389,3.26,48,Medium,True,2026-06-29,2026-09-11T01:25:48+02:00
14707944,Tudering-Riem,Entire home/apt,690.0,1,10,0.09,94,Medium,True,2026-06-29,2026-09-11T01:25:48+02:00
14744702,Maxvorstadt,Entire home/apt,456.0,2,66,0.55,348,High,True,2026-06-29,2026-09-11T01:25:48+02:00
14781132,Ludwigsvorstadt-Isarvorstadt,Private room,92.0,1,151,1.41,60,Medium,True,2026-06-29,2026-09-11T01:25:48+02:00
14793725,Tudering-Riem,Entire home/apt,95.0,2,180,1.52,220,High,True,2026-06-29,2026-09-11T01:25:48+02:00
14795252,Ludwigsvorstadt-Isarvorstadt,Entire home/apt,191.0,1,321,2.71,158,Medium,True,2026-06-29,2026-09-11T01:25:48+02:00
14818741,Sendling-Westpark,Private room,84.0,3,64,0.54,121,Medium,True,2026-06-29,2026-09-11T01:25:48+02:00
14823179,Ludwigsvorstadt-Isarvorstadt,Entire home/apt,130.0,1,179,1.5,15,Low,True,2026-06-29,2026-09-11T01:25:48+02:00
14831622,Sendling-Westpark,Private room,104.0,2,59,0.5,290,High,True,2026-06-29,2026-09-11T01:25:48+02:00
14835692,Au-Haidhausen,Entire home/apt,161.0,3,61,0.51,49,Medium,True,2026-06-29,2026-09-11T01:25:48+02:00
14855217,Altstadt-Lehel,Entire home/apt,295.0,3,258,2.18,110,Medium,True,2026-06-29,2026-09-11T01:25:48+02:00
14877577,Schwabing-Freimann,Entire home/apt,167.0,2,19,0.22,24,Low,True,2026-06-29,2026-09-11T01:25:48+02:00
14891033,Thalkirchen-Obersendling-Forstenried-Fürstenried-Solln,Entire home/apt,199.0,3,0,0.0,88,Medium,False,2026-06-29,2026-09-11T01:25:48+02:00
14899873,Thalkirchen-Obersendling-Forstenried-Fürstenried-Solln,Private room,107.0,1,48,0.4,124,Medium,True,2026-06-29,2026-09-11T01:25:48+02:00
14905969,Bogenhausen,Private room,180.0,2,48,0.4,63,Medium,True,2026-06-29,2026-09-11T01:25:48+02:00
14926319,Bogenhausen,Entire home/apt,188.0,3,120,1.04,307,High,True,2026-06-29,2026-09-11T01:25:48+02:00
14963814,Allach-Untermenzing,Entire home/apt,142.0,2,74,0.62,42,Medium,True,2026-06-29,2026-09-11T01:25:48+02:00
14992014,Pasing-Obermenzing,Entire home/apt,157.0,2,322,2.71,143,Medium,True,2026-06-29,2026-09-11T01:25:48+02:00
14998667,Aubing-Lochhausen-Langwied,Entire home/apt,28.0,26,12,0.11,236,High,True,2026-06-29,2026-09-11T01:25:48+02:00
15017663,Schwabing-West,Entire home/apt,231.0,1,475,4.01,187,High,True,2026-06-29,2026-09-11T01:25:48+02:00
15019568,Ludwigsvorstadt-Isarvorstadt,Entire home/apt,124.0,1,370,3.11,21,Low,True,2026-06-29,2026-09-11T01:25:48+02:00
15025839,Ramersdorf-Perlach,Entire home/apt,167.0,1,371,3.12,82,Medium,True,2026-06-29,2026-09-11T01:25:48+02:00
15026302,Ludwigsvorstadt-Isarvorstadt,Private room,36.0,33,32,0.27,140,Medium,True,2026-06-29,2026-09-11T01:25:48+02:00
15038285,Au-Haidhausen,Private room,196.0,1,223,1.88,58,Medium,True,2026-06-29,2026-09-11T01:25:48+02:00
15045110,Schwabing-West,Private room,67.0,1,121,1.02,289,High,True,2026-06-29,2026-09-11T01:25:48+02:00
15045264,Sendling,Private room,234.0,2,22,0.19,355,High,True,2026-06-29,2026-09-11T01:25:48+02:00
15045514,Schwabing-Freimann,Entire home/apt,113.0,2,34,0.89,14,Low,True,2026-06-29,2026-09-11T01:25:48+02:00
15083785,Milbertshofen-Am Hart,Private room,47.0,2,119,1.0,239,High,True,2026-06-29,2026-09-11T01:25:48+02:00
15084251,Schwabing-Freimann,Entire home/apt,150.0,7,4,0.03,365,High,True,2026-06-29,2026-09-11T01:25:48+02:00
15119858,Neuhausen-Nymphenburg,Private room,310.0,2,8,0.07,364,High,True,2026-06-29,2026-09-11T01:25:48+02:00
15152410,Ludwigsvorstadt-Isarvorstadt,Entire home/apt,185.0,1,212,1.78,10,Low,True,2026-06-29,2026-09-11T01:25:48+02:00
15160695,Sendling,Entire home/apt,292.0,30,1,0.01,270,High,True,2026-06-29,2026-09-11T01:25:48+02:00
15185318,Ludwigsvorstadt-Isarvorstadt,Entire home/apt,161.0,1,221,1.87,7,Low,True,2026-06-29,2026-09-11T01:25:48+02:00
15245010,Maxvorstadt,Entire home/apt,507.0,1,422,3.56,55,Medium,True,2026-06-29,2026-09-11T01:25:48+02:00
15322955,Ramersdorf-Perlach,Private room,53.0,1,83,3.04,88,Medium,True,2026-06-29,2026-09-11T01:25:48+02:00
15520511,Ramersdorf-Perlach,Private room,86.0,2,35,0.3,160,Medium,True,2026-06-29,2026-09-11T01:25:48+02:00
15677927,Feldmoching-Hasenbergl,Entire home/apt,850.0,1,1,0.01,90,Medium,True,2026-06-29,2026-09-11T01:25:48+02:00
15857527,Schwabing-West,Entire home/apt,69.0,3,366,3.12,29,Low,True,2026-06-29,2026-09-11T01:25:48+02:00
15870799,Altstadt-Lehel,Entire home/apt,338.0,2,47,0.42,18,Low,True,2026-06-29,2026-09-11T01:25:48+02:00
15882333,Sendling-Westpark,Private room,49.0,2,23,0.2,87,Medium,True,2026-06-29,2026-09-11T01:25:48+02:00
15968053,Schwabing-West,Private room,93.0,1,97,0.83,250,High,True,2026-06-29,2026-09-11T01:25:48+02:00
16001097,Neuhausen-Nymphenburg,Private room,58.0,2,32,0.27,263,High,True,2026-06-29,2026-09-11T01:25:48+02:00
16024190,Neuhausen-Nymphenburg,Entire home/apt,27.0,100,3,0.03,276,High,True,2026-06-29,2026-09-11T01:25:48+02:00
16099193,Thalkirchen-Obersendling-Forstenried-Fürstenried-Solln,Private room,410.0,3,2,0.02,90,Medium,True,2026-06-29,2026-09-11T01:25:48+02:00
16152054,Bogenhausen,Entire home/apt,290.0,2,263,2.27,64,Medium,True,2026-06-29,2026-09-11T01:25:48+02:00
16341031,Au-Haidhausen,Entire home/apt,207.0,1,18,0.16,361,High,True,2026-06-29,2026-09-11T01:25:48+02:00
16426657,Schwabing-West,Entire home/apt,65.0,1,9,0.08,175,Medium,True,2026-06-29,2026-09-11T01:25:48+02:00
16527846,Berg am Laim,Entire home/apt,71.0,7,48,0.42,84,Medium,True,2026-06-29,2026-09-11T01:25:48+02:00
16570713,Sendling-Westpark,Private room,165.0,1,113,0.99,139,Medium,True,2026-06-29,2026-09-11T01:25:48+02:00
16592040,Sendling-Westpark,Entire home/apt,22.0,5,11,0.1,163,Medium,True,2026-06-29,2026-09-11T01:25:48+02:00
16772422,Sendling-Westpark,Entire home/apt,157.0,2,30,0.28,133,Medium,True,2026-06-29,2026-09-11T01:25:48+02:00
16838933,Neuhausen-Nymphenburg,Entire home/apt,643.0,6,16,0.15,231,High,True,2026-06-29,2026-09-11T01:25:48+02:00
16863336,Maxvorstadt,Entire home/apt,701.0,1,430,3.85,298,High,True,2026-06-29,2026-09-11T01:25:48+02:00
16953706,Sendling,Private room,105.0,1,34,1.37,173,Medium,True,2026-06-29,2026-09-11T01:25:48+02:00
17027077,Ludwigsvorstadt-Isarvorstadt,Entire home/apt,63.0,60,0,0.0,128,Medium,False,2026-06-29,2026-09-11T01:25:48+02:00
17030750,Ramersdorf-Perlach,Entire home/apt,126.0,2,5,0.05,350,High,True,2026-06-29,2026-09-11T01:25:48+02:00
17053725,Berg am Laim,Entire home/apt,343.0,2,235,2.17,217,High,True,2026-06-29,2026-09-11T01:25:48+02:00
17085252,Laim,Shared room,89.0,1,39,0.35,83,Medium,True,2026-06-29,2026-09-11T01:25:48+02:00
17130441,Schwabing-Freimann,Entire home/apt,146.0,3,147,1.31,222,High,True,2026-06-29,2026-09-11T01:25:48+02:00
17167350,Schwabing-Freimann,Private room,70.0,2,292,2.56,70,Medium,True,2026-06-29,2026-09-11T01:25:48+02:00
17250050,Au-Haidhausen,Entire home/apt,224.0,2,56,0.96,149,Medium,True,2026-06-29,2026-09-11T01:25:48+02:00
17265428,Schwanthalerhöhe,Entire home/apt,139.0,1,23,0.22,209,High,True,2026-06-29,2026-09-11T01:25:48+02:00
17375519,Obergiesing,Entire home/apt,12.0,182,6,0.06,274,High,True,2026-06-29,2026-09-11T01:25:48+02:00
17514216,Thalkirchen-Obersendling-Forstenried-Fürstenried-Solln,Private room,211.0,2,49,0.49,235,High,True,2026-06-29,2026-09-11T01:25:48+02:00
17554019,Laim,Private room,45.0,2,102,0.93,66,Medium,True,2026-06-29,2026-09-11T01:25:48+02:00
17615448,Tudering-Riem,Private room,79.0,3,74,0.66,93,Medium,True,2026-06-29,2026-09-11T01:25:48+02:00
17621112,Altstadt-Lehel,Entire home/apt,210.0,5,0,0.0,37,Medium,False,2026-06-29,2026-09-11T01:25:48+02:00
17675625,Obergiesing,Private room,73.0,1,155,1.37,325,High,True,2026-06-29,2026-09-11T01:25:48+02:00
17804827,Schwabing-West,Entire home/apt,55.0,60,7,0.09,182,High,True,2026-06-29,2026-09-11T01:25:48+02:00
17812223,Ludwigsvorstadt-Isarvorstadt,Entire home/apt,271.0,1,108,1.36,254,High,True,2026-06-29,2026-09-11T01:25:48+02:00
17947193,Sendling-Westpark,Private room,60.0,2,6,0.06,52,Medium,True,2026-06-29,2026-09-11T01:25:48+02:00
18086143,Bogenhausen,Entire home/apt,14.0,100,0,0.0,151,Medium,False,2026-06-29,2026-09-11T01:25:48+02:00
18099961,Neuhausen-Nymphenburg,Entire home/apt,14.0,100,1,0.01,213,High,True,2026-06-29,2026-09-11T01:25:48+02:00
18137087,Neuhausen-Nymphenburg,Entire home/apt,100.0,14,1,0.01,180,Medium,True,2026-06-29,2026-09-11T01:25:48+02:00
18146505,Schwabing-West,Private room,83.0,1,75,0.67,4,Low,True,2026-06-29,2026-09-11T01:25:48+02:00
18147550,Ludwigsvorstadt-Isarvorstadt,Entire home/apt,308.0,2,492,4.44,258,High,True,2026-06-29,2026-09-11T01:25:48+02:00
18165905,Thalkirchen-Obersendling-Forstenried-Fürstenried-Solln,Private room,54.0,1,105,0.94,35,Medium,True,2026-06-29,2026-09-11T01:25:48+02:00
18213376,Milbertshofen-Am Hart,Private room,95.0,1,21,0.19,265,High,True,2026-06-29,2026-09-11T01:25:48+02:00
18239519,Maxvorstadt,Entire home/apt,141.0,3,44,0.4,18,Low,True,2026-06-29,2026-09-11T01:25:48+02:00
18287310,Pasing-Obermenzing,Private room,70.0,1,152,1.36,9,Low,True,2026-06-29,2026-09-11T01:25:48+02:00
18324070,Altstadt-Lehel,Entire home/apt,27.0,100,4,0.04,364,High,True,2026-06-29,2026-09-11T01:25:48+02:00
18574466,Schwabing-Freimann,Entire home/apt,183.0,1,265,2.38,169,Medium,True,2026-06-29,2026-09-11T01:25:48+02:00
18597617,Ludwigsvorstadt-Isarvorstadt,Entire home/apt,23.0,90,1,0.01,179,Medium,True,2026-06-29,2026-09-11T01:25:48+02:00
18605241,Neuhausen-Nymphenburg,Entire home/apt,128.0,5,43,0.4,179,Medium,True,2026-06-29,2026-09-11T01:25:48+02:00
18607091,Maxvorstadt,Entire home/apt,145.0,2,6,0.05,244,High,True,2026-06-29,2026-09-11T01:25:48+02:00
18993405,Hadern,Private room,78.0,2,114,1.04,240,High,True,2026-06-29,2026-09-11T01:25:48+02:00
19033507,Neuhausen-Nymphenburg,Entire home/apt,61.0,24,1,0.01,176,Medium,True,2026-06-29,2026-09-11T01:25:48+02:00
19071301,Laim,Private room,105.0,2,94,0.86,350,High,True,2026-06-29,2026-09-11T01:25:48+02:00
19095028,Neuhausen-Nymphenburg,Entire home/apt,149.0,2,32,1.69,305,High,True,2026-06-29,2026-09-11T01:25:48+02:00
19130106,Laim,Private room,97.0,2,80,0.73,54,Medium,True,2026-06-29,2026-09-11T01:25:48+02:00
19217956,Tudering-Riem,Private room,213.0,2,24,0.24,165,Medium,True,2026-06-29,2026-09-11T01:25:48+02:00
19240157,Sendling-Westpark,Entire home/apt,184.0,1,46,1.3,244,High,True,2026-06-29,2026-09-11T01:25:48+02:00
19304837,Schwabing-West,Entire home/apt,333.0,3,2,0.02,364,High,True,2026-06-29,2026-09-11T01:25:48+02:00
19352637,Milbertshofen-Am Hart,Entire home/apt,97.0,25,41,0.37,344,High,True,2026-06-29,2026-09-11T01:25:48+02:00
19395357,Ramersdorf-Perlach,Entire home/apt,192.0,1,107,1.0,129,Medium,True,2026-06-29,2026-09-11T01:25:48+02:00
19497611,Tudering-Riem,Private room,105.0,2,42,0.39,60,Medium,True,2026-06-29,2026-09-11T01:25:48+02:00
19517870,Ludwigsvorstadt-Isarvorstadt,Entire home/apt,111.0,1,144,1.32,21,Low,True,2026-06-29,2026-09-11T01:25:48+02:00
19539754,Schwabing-West,Entire home/apt,121.0,14,8,0.08,100,Medium,True,2026-06-29,2026-09-11T01:25:48+02:00
19570940,Au-Haidhausen,Private room,57.0,12,4,0.04,332,High,True,2026-06-29,2026-09-11T01:25:48+02:00
19571425,Au-Haidhausen,Private room,65.0,10,15,0.15,332,High,True,2026-06-29,2026-09-11T01:25:48+02:00
19571799,Au-Haidhausen,Private room,48.0,15,3,0.04,332,High,True,2026-06-29,2026-09-11T01:25:48+02:00
19649785,Bogenhausen,Private room,95.0,1,29,0.27,61,Medium,True,2026-06-29,2026-09-11T01:25:48+02:00
19718190,Au-Haidhausen,Entire home/apt,272.0,3,6,0.06,11,Low,True,2026-06-29,2026-09-11T01:25:48+02:00
19744591,Neuhausen-Nymphenburg,Private room,73.0,2,56,0.52,151,Medium,True,2026-06-29,2026-09-11T01:25:48+02:00
19887803,Ludwigsvorstadt-Isarvorstadt,Entire home/apt,573.0,2,366,3.43,240,High,True,2026-06-29,2026-09-11T01:25:48+02:00
19888329,Au-Haidhausen,Private room,107.0,3,64,0.59,346,High,True,2026-06-29,2026-09-11T01:25:48+02:00
19890943,Moosach,Private room,75.0,1,10,0.09,89,Medium,True,2026-06-29,2026-09-11T01:25:48+02:00
19989025,Maxvorstadt,Entire home/apt,149.0,1,268,2.47,170,Medium,True,2026-06-29,2026-09-11T01:25:48+02:00
19998084,Au-Haidhausen,Private room,91.0,20,4,0.04,365,High,True,2026-06-29,2026-09-11T01:25:48+02:00
20005064,Bogenhausen,Private room,77.0,1,250,2.3,88,Medium,True,2026-06-29,2026-09-11T01:25:48+02:00
20005531,Neuhausen-Nymphenburg,Private room,75.0,1,359,3.35,77,Medium,True,2026-06-29,2026-09-11T01:25:48+02:00
20012056,Schwabing-West,Private room,141.0,1,77,0.71,23,Low,True,2026-06-29,2026-09-11T01:25:48+02:00
20013451,Bogenhausen,Entire home/apt,214.0,1,199,1.83,276,High,True,2026-06-29,2026-09-11T01:25:48+02:00
20063247,Ludwigsvorstadt-Isarvorstadt,Private room,121.0,2,9,0.08,14,Low,True,2026-06-29,2026-09-11T01:25:48+02:00
20127276,Schwabing-West,Entire home/apt,44.0,1,13,0.12,71,Medium,True,2026-06-29,2026-09-11T01:25:48+02:00
20205490,Ludwigsvorstadt-Isarvorstadt,Entire home/apt,26.0,115,23,0.21,153,Medium,True,2026-06-29,2026-09-11T01:25:48+02:00
20213112,Moosach,Entire home/apt,625.0,4,25,0.23,259,High,True,2026-06-29,2026-09-11T01:25:48+02:00
20222956,Neuhausen-Nymphenburg,Private room,200.0,2,12,0.36,81,Medium,True,2026-06-29,2026-09-11T01:25:48+02:00
20261020,Schwabing-West,Private room,250.0,2,0,0.0,89,Medium,False,2026-06-29,2026-09-11T01:25:48+02:00
20305214,Thalkirchen-Obersendling-Forstenried-Fürstenried-Solln,Entire home/apt,100.0,7,7,0.07,18,Low,True,2026-06-29,2026-09-11T01:25:48+02:00
20345239,Sendling,Private room,73.0,1,38,0.36,66,Medium,True,2026-06-29,2026-09-11T01:25:48+02:00
20397182,Sendling,Entire home/apt,177.0,1,9,0.08,39,Medium,True,2026-06-29,2026-09-11T01:25:48+02:00
20443956,Berg am Laim,Entire home/apt,354.0,1,31,0.29,92,Medium,True,2026-06-29,2026-09-11T01:25:48+02:00
20548037,Laim,Private room,82.0,1,186,1.76,350,High,True,2026-06-29,2026-09-11T01:25:48+02:00
20582603,Tudering-Riem,Private room,314.0,2,52,0.49,54,Medium,True,2026-06-29,2026-09-11T01:25:48+02:00
20676005,Moosach,Private room,115.0,2,6,0.06,184,High,True,2026-06-29,2026-09-11T01:25:48+02:00
20706063,Sendling,Entire home/apt,129.0,2,20,0.23,11,Low,True,2026-06-29,2026-09-11T01:25:48+02:00
20720369,Ludwigsvorstadt-Isarvorstadt,Private room,159.0,1,139,1.3,63,Medium,True,2026-06-29,2026-09-11T01:25:48+02:00
20721229,Ludwigsvorstadt-Isarvorstadt,Private room,119.0,1,149,1.39,54,Medium,True,2026-06-29,2026-09-11T01:25:48+02:00
20743779,Neuhausen-Nymphenburg,Entire home/apt,680.0,1,23,0.22,361,High,True,2026-06-29,2026-09-11T01:25:48+02:00
20789295,Obergiesing,Entire home/apt,260.0,3,13,0.12,158,Medium,True,2026-06-29,2026-09-11T01:25:48+02:00
20823532,Thalkirchen-Obersendling-Forstenried-Fürstenried-Solln,Entire home/apt,128.0,6,45,0.43,339,High,True,2026-06-29,2026-09-11T01:25:48+02:00
20843425,Maxvorstadt,Entire home/apt,74.0,10,38,0.36,179,Medium,True,2026-06-29,2026-09-11T01:25:48+02:00
20854960,Feldmoching-Hasenbergl,Private room,76.0,2,65,0.61,262,High,True,2026-06-29,2026-09-11T01:25:48+02:00
20865623,Sendling-Westpark,Private room,101.0,3,21,0.2,9,Low,True,2026-06-29,2026-09-11T01:25:48+02:00
20881075,Schwanthalerhöhe,Private room,107.0,2,54,0.51,126,Medium,True,2026-06-29,2026-09-11T01:25:48+02:00
20882352,Maxvorstadt,Private room,86.0,1,15,0.14,29,Low,True,2026-06-29,2026-09-11T01:25:48+02:00
20885325,Ramersdorf-Perlach,Entire home/apt,5.0,300,14,0.13,363,High,True,2026-06-29,2026-09-11T01:25:48+02:00
20897360,Sendling-Westpark,Private room,88.0,3,29,0.27,121,Medium,True,2026-06-29,2026-09-11T01:25:48+02:00
20901215,Bogenhausen,Private room,110.0,2,86,0.81,163,Medium,True,2026-06-29,2026-09-11T01:25:48+02:00
20908744,Hadern,Private room,133.0,4,10,0.32,177,Medium,True,2026-06-29,2026-09-11T01:25:48+02:00
20927485,Laim,Entire home/apt,80.0,3,17,0.18,52,Medium,True,2026-06-29,2026-09-11T01:25:48+02:00
20931363,Thalkirchen-Obersendling-Forstenried-Fürstenried-Solln,Private room,74.0,2,117,1.1,311,High,True,2026-06-29,2026-09-11T01:25:48+02:00
20932025,Sendling,Private room,152.0,2,57,0.53,320,High,True,2026-06-29,2026-09-11T01:25:48+02:00
20937822,Schwabing-Freimann,Entire home/apt,414.0,3,63,0.6,112,Medium,True,2026-06-29,2026-09-11T01:25:48+02:00
20940070,Ludwigsvorstadt-Isarvorstadt,Private room,139.0,2,64,0.6,342,High,True,2026-06-29,2026-09-11T01:25:48+02:00
20940265,Ludwigsvorstadt-Isarvorstadt,Private room,285.0,2,3,0.32,240,High,True,2026-06-29,2026-09-11T01:25:48+02:00
20958515,Thalkirchen-Obersendling-Forstenried-Fürstenried-Solln,Entire home/apt,280.0,1,11,0.1,179,Medium,True,2026-06-29,2026-09-11T01:25:48+02:00
20964795,Untergiesing-Harlaching,Entire home/apt,423.0,1,33,0.72,12,Low,True,2026-06-29,2026-09-11T01:25:48+02:00
21024454,Ramersdorf-Perlach,Private room,106.0,2,44,0.41,90,Medium,True,2026-06-29,2026-09-11T01:25:48+02:00
21103090,Milbertshofen-Am Hart,Private room,75.0,1,28,0.28,269,High,True,2026-06-29,2026-09-11T01:25:48+02:00
21110554,Altstadt-Lehel,Entire home/apt,432.0,5,18,0.21,362,High,True,2026-06-29,2026-09-11T01:25:48+02:00
21155748,Ludwigsvorstadt-Isarvorstadt,Private room,73.0,1,293,2.77,51,Medium,True,2026-06-29,2026-09-11T01:25:48+02:00
21215745,Tudering-Riem,Private room,55.0,1,367,3.46,16,Low,True,2026-06-29,2026-09-11T01:25:48+02:00
21304884,Obergiesing,Private room,72.0,1,30,0.29,356,High,True,2026-06-29,2026-09-11T01:25:48+02:00
21452857,Maxvorstadt,Entire home/apt,331.0,1,37,0.38,261,High,True,2026-06-29,2026-09-11T01:25:48+02:00
21458040,Maxvorstadt,Entire home/apt,235.0,20,35,0.34,307,High,True,2026-06-29,2026-09-11T01:25:48+02:00
21652269,Maxvorstadt,Entire home/apt,814.0,1,372,3.63,262,High,True,2026-06-29,2026-09-11T01:25:48+02:00
21988468,Maxvorstadt,Entire home/apt,165.0,2,17,0.87,183,High,True,2026-06-29,2026-09-11T01:25:48+02:00
22058550,Maxvorstadt,Entire home/apt,213.0,7,50,0.5,41,Medium,True,2026-06-29,2026-09-11T01:25:48+02:00
22270602,Untergiesing-Harlaching,Entire home/apt,227.0,1,447,4.42,259,High,True,2026-06-29,2026-09-11T01:25:48+02:00
22365462,Ludwigsvorstadt-Isarvorstadt,Entire home/apt,219.0,1,677,7.16,237,High,True,2026-06-29,2026-09-11T01:25:48+02:00
22477278,Au-Haidhausen,Entire home/apt,239.0,1,7,0.07,72,Medium,True,2026-06-29,2026-09-11T01:25:48+02:00
22595325,Schwabing-Freimann,Private room,120.0,1,43,0.46,80,Medium,True,2026-06-29,2026-09-11T01:25:48+02:00
22610799,Bogenhausen,Private room,88.0,2,44,0.97,38,Medium,True,2026-06-29,2026-09-11T01:25:48+02:00
22688254,Berg am Laim,Private room,59.0,2,151,1.53,40,Medium,True,2026-06-29,2026-09-11T01:25:48+02:00
22725785,Bogenhausen,Entire home/apt,147.0,1,114,1.11,44,Medium,True,2026-06-29,2026-09-11T01:25:48+02:00
22844715,Allach-Untermenzing,Entire home/apt,120.0,2,219,2.14,255,High,True,2026-06-29,2026-09-11T01:25:48+02:00
22858219,Pasing-Obermenzing,Entire home/apt,65.0,2,244,2.39,123,Medium,True,2026-06-29,2026-09-11T01:25:48+02:00
22925733,Ludwigsvorstadt-Isarvorstadt,Private room,166.0,1,16,0.35,85,Medium,True,2026-06-29,2026-09-11T01:25:48+02:00
23074949,Schwabing-West,Entire home/apt,11.0,180,0,0.0,364,High,False,2026-06-29,2026-09-11T01:25:48+02:00
23095584,Ludwigsvorstadt-Isarvorstadt,Entire home/apt,130.0,18,25,0.25,145,Medium,True,2026-06-29,2026-09-11T01:25:48+02:00
23291865,Schwabing-Freimann,Entire home/apt,423.0,3,14,0.14,48,Medium,True,2026-06-29,2026-09-11T01:25:48+02:00
23356842,Bogenhausen,Entire home/apt,561.0,2,368,3.64,221,High,True,2026-06-29,2026-09-11T01:25:48+02:00
23511630,Moosach,Entire home/apt,149.0,1,23,0.27,288,High,True,2026-06-29,2026-09-11T01:25:48+02:00
23536121,Altstadt-Lehel,Entire home/apt,213.0,1,367,3.83,142,Medium,True,2026-06-29,2026-09-11T01:25:48+02:00
23536586,Altstadt-Lehel,Entire home/apt,356.0,1,444,4.61,156,Medium,True,2026-06-29,2026-09-11T01:25:48+02:00
23637470,Moosach,Entire home/apt,155.0,1,239,3.19,293,High,True,2026-06-29,2026-09-11T01:25:48+02:00
23638956,Au-Haidhausen,Entire home/apt,240.0,1,16,0.16,4,Low,True,2026-06-29,2026-09-11T01:25:48+02:00
23754717,Tudering-Riem,Private room,254.0,2,104,1.04,254,High,True,2026-06-29,2026-09-11T01:25:48+02:00
23757088,Allach-Untermenzing,Entire home/apt,591.0,2,63,0.64,258,High,True,2026-06-29,2026-09-11T01:25:48+02:00
23766455,Maxvorstadt,Entire home/apt,430.0,3,7,0.21,351,High,True,2026-06-29,2026-09-11T01:25:48+02:00
23802995,Ramersdorf-Perlach,Entire home/apt,225.0,2,30,0.3,252,High,True,2026-06-29,2026-09-11T01:25:48+02:00
23897614,Milbertshofen-Am Hart,Private room,82.0,4,53,0.53,245,High,True,2026-06-29,2026-09-11T01:25:48+02:00
24006158,Au-Haidhausen,Private room,76.0,1,374,3.74,94,Medium,True,2026-06-29,2026-09-11T01:25:48+02:00
24070100,Untergiesing-Harlaching,Private room,60.0,2,283,2.83,43,Medium,True,2026-06-29,2026-09-11T01:25:48+02:00
24083971,Untergiesing-Harlaching,Private room,270.0,1,39,0.39,107,Medium,True,2026-06-29,2026-09-11T01:25:48+02:00
24088783,Ludwigsvorstadt-Isarvorstadt,Entire home/apt,159.0,26,0,0.0,358,High,False,2026-06-29,2026-09-11T01:25:48+02:00
24281379,Obergiesing,Private room,65.0,2,243,2.44,5,Low,True,2026-06-29,2026-09-11T01:25:48+02:00
24328758,Hadern,Entire home/apt,26.0,90,0,0.0,263,High,False,2026-06-29,2026-09-11T01:25:48+02:00
24461765,Maxvorstadt,Entire home/apt,260.0,2,16,0.16,352,High,True,2026-06-29,2026-09-11T01:25:48+02:00
24483996,Maxvorstadt,Entire home/apt,260.0,2,40,0.41,350,High,True,2026-06-29,2026-09-11T01:25:48+02:00
24585013,Ramersdorf-Perlach,Entire home/apt,97.0,30,4,0.05,180,Medium,True,2026-06-29,2026-09-11T01:25:48+02:00
24705377,Neuhausen-Nymphenburg,Entire home/apt,162.0,2,176,1.78,180,Medium,True,2026-06-29,2026-09-11T01:25:48+02:00
24732710,Schwanthalerhöhe,Entire home/apt,600.0,3,55,0.56,182,High,True,2026-06-29,2026-09-11T01:25:48+02:00
24787361,Moosach,Entire home/apt,143.0,1,206,2.39,290,High,True,2026-06-29,2026-09-11T01:25:48+02:00
24788244,Sendling-Westpark,Private room,50.0,1,1,0.07,219,High,True,2026-06-29,2026-09-11T01:25:48+02:00
24830411,Laim,Private room,10.0,90,0,0.0,365,High,False,2026-06-29,2026-09-11T01:25:48+02:00
24846084,Moosach,Entire home/apt,56.0,1,47,0.5,253,High,True,2026-06-29,2026-09-11T01:25:48+02:00
24858185,Ludwigsvorstadt-Isarvorstadt,Entire home/apt,429.0,2,22,0.23,5,Low,True,2026-06-29,2026-09-11T01:25:48+02:00
24968057,Pasing-Obermenzing,Private room,138.0,2,18,0.24,246,High,True,2026-06-29,2026-09-11T01:25:48+02:00
25102575,Ludwigsvorstadt-Isarvorstadt,Entire home/apt,185.0,1,625,6.34,263,High,True,2026-06-29,2026-09-11T01:25:48+02:00
25108558,Ludwigsvorstadt-Isarvorstadt,Entire home/apt,189.0,1,670,6.79,245,High,True,2026-06-29,2026-09-11T01:25:48+02:00
25245533,Untergiesing-Harlaching,Private room,43.0,28,19,0.2,350,High,True,2026-06-29,2026-09-11T01:25:48+02:00
25312236,Aubing-Lochhausen-Langwied,Private room,60.0,1,190,2.07,102,Medium,True,2026-06-29,2026-09-11T01:25:48+02:00
25412376,Hadern,Entire home/apt,234.0,1,5,5.0,9,Low,True,2026-06-29,2026-09-11T01:25:48+02:00
25498620,Altstadt-Lehel,Entire home/apt,532.0,1,417,4.34,166,Medium,True,2026-06-29,2026-09-11T01:25:48+02:00
25655712,Ramersdorf-Perlach,Private room,65.0,3,79,0.81,81,Medium,True,2026-06-29,2026-09-11T01:25:48+02:00
25657258,Ludwigsvorstadt-Isarvorstadt,Entire home/apt,573.0,2,238,2.46,207,High,True,2026-06-29,2026-09-11T01:25:48+02:00
25795049,Sendling,Entire home/apt,196.0,1,10,1.37,82,Medium,True,2026-06-29,2026-09-11T01:25:48+02:00
25856758,Maxvorstadt,Entire home/apt,260.0,2,12,0.12,354,High,True,2026-06-29,2026-09-11T01:25:48+02:00
25861956,Maxvorstadt,Entire home/apt,266.0,2,59,0.61,311,High,True,2026-06-29,2026-09-11T01:25:48+02:00
25986821,Moosach,Entire home/apt,163.0,1,17,0.18,289,High,True,2026-06-29,2026-09-11T01:25:48+02:00
25991358,Maxvorstadt,Entire home/apt,260.0,2,13,0.14,352,High,True,2026-06-29,2026-09-11T01:25:48+02:00
26015190,Ludwigsvorstadt-Isarvorstadt,Entire home/apt,415.0,2,54,0.56,209,High,True,2026-06-29,2026-09-11T01:25:48+02:00
26094038,Milbertshofen-Am Hart,Private room,135.0,1,156,1.62,234,High,True,2026-06-29,2026-09-11T01:25:48+02:00
26210208,Au-Haidhausen,Entire home/apt,84.0,2,83,1.19,281,High,True,2026-06-29,2026-09-11T01:25:48+02:00
26378931,Ramersdorf-Perlach,Private room,861.0,3,25,0.26,364,High,True,2026-06-29,2026-09-11T01:25:48+02:00
26395509,Ludwigsvorstadt-Isarvorstadt,Entire home/apt,229.0,1,80,0.84,89,Medium,True,2026-06-29,2026-09-11T01:25:48+02:00
26405335,Thalkirchen-Obersendling-Forstenried-Fürstenried-Solln,Entire home/apt,187.0,1,3,3.0,223,High,True,2026-06-29,2026-09-11T01:25:48+02:00
26528825,Milbertshofen-Am Hart,Private room,180.0,1,6,0.07,364,High,True,2026-06-29,2026-09-11T01:25:48+02:00
26541645,Tudering-Riem,Private room,65.0,1,105,2.06,21,Low,True,2026-06-29,2026-09-11T01:25:48+02:00
26544894,Laim,Private room,110.0,1,272,2.82,351,High,True,2026-06-29,2026-09-11T01:25:48+02:00
26615287,Altstadt-Lehel,Entire home/apt,216.0,1,91,0.94,18,Low,True,2026-06-29,2026-09-11T01:25:48+02:00
26712736,Sendling-Westpark,Private room,125.0,1,72,0.74,88,Medium,True,2026-06-29,2026-09-11T01:25:48+02:00
26770806,Bogenhausen,Entire home/apt,207.0,2,33,0.34,331,High,True,2026-06-29,2026-09-11T01:25:48+02:00
26896625,Schwanthalerhöhe,Private room,182.0,1,52,0.57,8,Low,True,2026-06-29,2026-09-11T01:25:48+02:00
26938512,Ludwigsvorstadt-Isarvorstadt,Entire home/apt,185.0,13,20,0.23,203,High,True,2026-06-29,2026-09-11T01:25:48+02:00
26941968,Au-Haidhausen,Entire home/apt,72.0,1,13,0.14,7,Low,True,2026-06-29,2026-09-11T01:25:48+02:00
27049338,Allach-Untermenzing,Shared room,70.0,2,0,0.0,307,High,False,2026-06-29,2026-09-11T01:25:48+02:00
27113021,Tudering-Riem,Private room,95.0,1,10,0.87,88,Medium,True,2026-06-29,2026-09-11T01:25:48+02:00
27273209,Obergiesing,Entire home/apt,86.0,2,58,1.23,6,Low,True,2026-06-29,2026-09-11T01:25:48+02:00
27329159,Sendling-Westpark,Private room,109.0,1,0,0.0,46,Medium,False,2026-06-29,2026-09-11T01:25:48+02:00
27331012,Sendling-Westpark,Private room,77.0,2,59,0.62,317,High,True,2026-06-29,2026-09-11T01:25:48+02:00
27331643,Ludwigsvorstadt-Isarvorstadt,Private room,215.0,2,2,0.02,359,High,True,2026-06-29,2026-09-11T01:25:48+02:00
27345577,Milbertshofen-Am Hart,Private room,89.0,1,56,0.58,132,Medium,True,2026-06-29,2026-09-11T01:25:48+02:00
27380908,Untergiesing-Harlaching,Entire home/apt,263.0,4,2,0.04,365,High,True,2026-06-29,2026-09-11T01:25:48+02:00
27384751,Ludwigsvorstadt-Isarvorstadt,Entire home/apt,109.0,3,46,0.48,27,Low,True,2026-06-29,2026-09-11T01:25:48+02:00
27429027,Schwabing-West,Private room,999.0,3,0,0.0,89,Medium,False,2026-06-29,2026-09-11T01:25:48+02:00
27480879,Obergiesing,Private room,65.0,2,151,1.58,23,Low,True,2026-06-29,2026-09-11T01:25:48+02:00
27607563,Obergiesing,Entire home/apt,506.0,5,11,0.12,270,High,True,2026-06-29,2026-09-11T01:25:48+02:00
27776753,Maxvorstadt,Entire home/apt,225.0,1,141,1.49,151,Medium,True,2026-06-29,2026-09-11T01:25:48+02:00
27864004,Schwabing-Freimann,Entire home/apt,224.0,5,53,0.57,59,Medium,True,2026-06-29,2026-09-11T01:25:48+02:00
27983221,Altstadt-Lehel,Entire home/apt,388.0,1,455,4.79,160,Medium,True,2026-06-29,2026-09-11T01:25:48+02:00
27997328,Milbertshofen-Am Hart,Private room,62.0,13,7,0.07,317,High,True,2026-06-29,2026-09-11T01:25:48+02:00
28002324,Untergiesing-Harlaching,Entire home/apt,295.0,2,38,0.4,48,Medium,True,2026-06-29,2026-09-11T01:25:48+02:00
28025441,Schwabing-Freimann,Entire home/apt,147.0,2,111,1.17,135,Medium,True,2026-06-29,2026-09-11T01:25:48+02:00
28029757,Laim,Entire home/apt,91.0,1,20,0.25,143,Medium,True,2026-06-29,2026-09-11T01:25:48+02:00
28038270,Tudering-Riem,Private room,161.0,2,7,0.08,2,Low,True,2026-06-29,2026-09-11T01:25:48+02:00
28050434,Untergiesing-Harlaching,Private room,58.0,4,45,0.47,75,Medium,True,2026-06-29,2026-09-11T01:25:48+02:00
28156737,Aubing-Lochhausen-Langwied,Private room,73.0,4,54,0.58,132,Medium,True,2026-06-29,2026-09-11T01:25:48+02:00
28191164,Berg am Laim,Entire home/apt,123.0,14,5,0.05,113,Medium,True,2026-06-29,2026-09-11T01:25:48+02:00
28242074,Untergiesing-Harlaching,Entire home/apt,780.0,2,15,0.16,260,High,True,2026-06-29,2026-09-11T01:25:48+02:00
28352231,Schwanthalerhöhe,Private room,157.0,3,0,0.0,349,High,False,2026-06-29,2026-09-11T01:25:48+02:00
28423244,Thalkirchen-Obersendling-Forstenried-Fürstenried-Solln,Entire home/apt,153.0,1,6,0.13,351,High,True,2026-06-29,2026-09-11T01:25:48+02:00
28454811,Altstadt-Lehel,Entire home/apt,272.0,1,275,2.91,49,Medium,True,2026-06-29,2026-09-11T01:25:48+02:00
28462873,Maxvorstadt,Entire home/apt,690.0,2,35,0.37,99,Medium,True,2026-06-29,2026-09-11T01:25:48+02:00
28476677,Neuhausen-Nymphenburg,Private room,99.0,1,2,0.09,84,Medium,True,2026-06-29,2026-09-11T01:25:48+02:00
28510719,Berg am Laim,Entire home/apt,120.0,1,38,0.4,55,Medium,True,2026-06-29,2026-09-11T01:25:48+02:00
28515604,Ludwigsvorstadt-Isarvorstadt,Entire home/apt,175.0,1,557,6.18,306,High,True,2026-06-29,2026-09-11T01:25:48+02:00
28532610,Untergiesing-Harlaching,Private room,89.0,3,1,0.01,80,Medium,True,2026-06-29,2026-09-11T01:25:48+02:00
28535504,Altstadt-Lehel,Entire home/apt,371.0,1,381,4.03,151,Medium,True,2026-06-29,2026-09-11T01:25:48+02:00
28538490,Schwabing-Freimann,Entire home/apt,259.0,1,27,0.29,318,High,True,2026-06-29,2026-09-11T01:25:48+02:00
28541638,Thalkirchen-Obersendling-Forstenried-Fürstenried-Solln,Private room,78.0,2,66,0.7,283,High,True,2026-06-29,2026-09-11T01:25:48+02:00
28543306,Bogenhausen,Entire home/apt,240.0,4,37,0.41,264,High,True,2026-06-29,2026-09-11T01:25:48+02:00
28559393,Maxvorstadt,Entire home/apt,208.0,4,68,0.72,208,High,True,2026-06-29,2026-09-11T01:25:48+02:00
28572397,Feldmoching-Hasenbergl,Private room,148.0,2,5,0.05,87,Medium,True,2026-06-29,2026-09-11T01:25:48+02:00
28585025,Milbertshofen-Am Hart,Private room,77.0,2,169,1.79,26,Low,True,2026-06-29,2026-09-11T01:25:48+02:00
28626244,Maxvorstadt,Entire home/apt,199.0,1,185,1.98,76,Medium,True,2026-06-29,2026-09-11T01:25:48+02:00
28638213,Ludwigsvorstadt-Isarvorstadt,Entire home/apt,145.0,2,11,0.52,331,High,True,2026-06-29,2026-09-11T01:25:48+02:00
28651800,Obergiesing,Entire home/apt,110.0,5,14,0.16,89,Medium,True,2026-06-29,2026-09-11T01:25:48+02:00
28651801,Ramersdorf-Perlach,Entire home/apt,236.0,4,4,0.08,151,Medium,True,2026-06-29,2026-09-11T01:25:48+02:00
28661182,Milbertshofen-Am Hart,Entire home/apt,165.0,1,20,0.23,5,Low,True,2026-06-29,2026-09-11T01:25:48+02:00
28664976,Obergiesing,Private room,112.0,1,69,0.74,179,Medium,True,2026-06-29,2026-09-11T01:25:48+02:00
28689432,Ramersdorf-Perlach,Entire home/apt,101.0,1,187,1.98,132,Medium,True,2026-06-29,2026-09-11T01:25:48+02:00
28727579,Maxvorstadt,Private room,250.0,1,1,0.01,89,Medium,True,2026-06-29,2026-09-11T01:25:48+02:00
28731374,Tudering-Riem,Private room,70.0,1,196,5.04,86,Medium,True,2026-06-29,2026-09-11T01:25:48+02:00
28755975,Obergiesing,Private room,67.0,2,85,0.9,4,Low,True,2026-06-29,2026-09-11T01:25:48+02:00
28861176,Schwabing-West,Entire home/apt,201.0,1,10,0.43,37,Medium,True,2026-06-29,2026-09-11T01:25:48+02:00
28907798,Schwabing-Freimann,Private room,39.0,1,68,0.72,4,Low,True,2026-06-29,2026-09-11T01:25:48+02:00
28936103,Bogenhausen,Private room,66.0,2,37,0.39,65,Medium,True,2026-06-29,2026-09-11T01:25:48+02:00
28953693,Feldmoching-Hasenbergl,Entire home/apt,71.0,1,304,3.26,79,Medium,True,2026-06-29,2026-09-11T01:25:48+02:00
29108536,Tudering-Riem,Private room,162.0,2,50,0.55,362,High,True,2026-06-29,2026-09-11T01:25:48+02:00
29113843,Thalkirchen-Obersendling-Forstenried-Fürstenried-Solln,Entire home/apt,147.0,3,76,0.83,71,Medium,True,2026-06-29,2026-09-11T01:25:48+02:00
29124571,Schwabing-Freimann,Entire home/apt,112.0,12,29,0.84,281,High,True,2026-06-29,2026-09-11T01:25:48+02:00
29301238,Maxvorstadt,Hotel room,142.0,1,1625,17.42,332,High,True,2026-06-29,2026-09-11T01:25:48+02:00
29343721,Maxvorstadt,Private room,183.0,2,0,0.0,296,High,False,2026-06-29,2026-09-11T01:25:48+02:00
29383225,Ludwigsvorstadt-Isarvorstadt,Private room,109.0,1,621,6.65,260,High,True,2026-06-29,2026-09-11T01:25:48+02:00
29415058,Schwanthalerhöhe,Entire home/apt,147.0,5,4,0.04,262,High,True,2026-06-29,2026-09-11T01:25:48+02:00
29455648,Au-Haidhausen,Private room,68.0,4,236,2.56,19,Low,True,2026-06-29,2026-09-11T01:25:48+02:00
29499003,Ludwigsvorstadt-Isarvorstadt,Entire home/apt,293.0,2,137,1.48,4,Low,True,2026-06-29,2026-09-11T01:25:48+02:00
29629976,Bogenhausen,Private room,99.0,1,112,1.21,163,Medium,True,2026-06-29,2026-09-11T01:25:48+02:00
29692694,Schwanthalerhöhe,Private room,86.0,13,95,1.02,92,Medium,True,2026-06-29,2026-09-11T01:25:48+02:00
29843557,Bogenhausen,Entire home/apt,250.0,1,64,0.71,328,High,True,2026-06-29,2026-09-11T01:25:48+02:00
29869163,Ludwigsvorstadt-Isarvorstadt,Private room,84.0,1,20,0.59,238,High,True,2026-06-29,2026-09-11T01:25:48+02:00
29952085,Schwabing-West,Entire home/apt,106.0,18,0,0.0,121,Medium,False,2026-06-29,2026-09-11T01:25:48+02:00
29984746,Thalkirchen-Obersendling-Forstenried-Fürstenried-Solln,Private room,75.0,1,271,2.95,197,High,True,2026-06-29,2026-09-11T01:25:48+02:00
30057488,Schwabing-Freimann,Private room,80.0,3,73,0.79,4,Low,True,2026-06-29,2026-09-11T01:25:48+02:00
30075642,Ludwigsvorstadt-Isarvorstadt,Entire home/apt,157.0,1,183,1.99,30,Low,True,2026-06-29,2026-09-11T01:25:48+02:00
30076654,Berg am Laim,Private room,106.0,1,36,0.77,331,High,True,2026-06-29,2026-09-11T01:25:48+02:00
30085755,Tudering-Riem,Entire home/apt,78.0,1,77,0.85,82,Medium,True,2026-06-29,2026-09-11T01:25:48+02:00
30149648,Ludwigsvorstadt-Isarvorstadt,Entire home/apt,124.0,1,131,1.43,10,Low,True,2026-06-29,2026-09-11T01:25:48+02:00
30260989,Bogenhausen,Private room,40.0,3,2,0.06,318,High,True,2026-06-29,2026-09-11T01:25:48+02:00
30337738,Neuhausen-Nymphenburg,Entire home/apt,301.0,2,48,0.52,88,Medium,True,2026-06-29,2026-09-11T01:25:48+02:00
30363681,Maxvorstadt,Hotel room,137.0,1,3114,33.8,336,High,True,2026-06-29,2026-09-11T01:25:48+02:00
30388629,Altstadt-Lehel,Entire home/apt,9.0,180,2,0.02,334,High,True,2026-06-29,2026-09-11T01:25:48+02:00
30459340,Neuhausen-Nymphenburg,Hotel room,115.0,1,373,4.11,155,Medium,True,2026-06-29,2026-09-11T01:25:48+02:00
30895539,Tudering-Riem,Entire home/apt,79.0,3,52,0.57,19,Low,True,2026-06-29,2026-09-11T01:25:48+02:00
30905871,Tudering-Riem,Entire home/apt,100.0,3,53,0.58,18,Low,True,2026-06-29,2026-09-11T01:25:48+02:00
30907337,Neuhausen-Nymphenburg,Hotel room,119.0,1,102,1.12,148,Medium,True,2026-06-29,2026-09-11T01:25:48+02:00
30907740,Neuhausen-Nymphenburg,Hotel room,115.0,1,48,0.55,147,Medium,True,2026-06-29,2026-09-11T01:25:48+02:00
30907758,Tudering-Riem,Entire home/apt,172.0,1,88,0.96,78,Medium,True,2026-06-29,2026-09-11T01:25:48+02:00
30969547,Au-Haidhausen,Entire home/apt,443.0,2,18,0.52,20,Low,True,2026-06-29,2026-09-11T01:25:48+02:00
31122798,Tudering-Riem,Entire home/apt,80.0,1,88,0.97,113,Medium,True,2026-06-29,2026-09-11T01:25:48+02:00
31200734,Tudering-Riem,Entire home/apt,83.0,1,146,1.65,60,Medium,True,2026-06-29,2026-09-11T01:25:48+02:00
31272708,Ramersdorf-Perlach,Private room,80.0,2,102,1.13,191,High,True,2026-06-29,2026-09-11T01:25:48+02:00
31275074,Schwabing-West,Entire home/apt,459.0,7,9,0.11,83,Medium,True,2026-06-29,2026-09-11T01:25:48+02:00
31279266,Maxvorstadt,Entire home/apt,630.0,30,19,0.21,358,High,True,2026-06-29,2026-09-11T01:25:48+02:00
31334850,Tudering-Riem,Entire home/apt,70.0,1,457,5.64,364,High,True,2026-06-29,2026-09-11T01:25:48+02:00
31352153,Berg am Laim,Private room,141.0,2,25,0.28,11,Low,True,2026-06-29,2026-09-11T01:25:48+02:00
31433100,Laim,Private room,329.0,1,79,0.88,220,High,True,2026-06-29,2026-09-11T01:25:48+02:00
31458973,Laim,Private room,231.0,1,3,0.03,250,High,True,2026-06-29,2026-09-11T01:25:48+02:00
31486811,Schwabing-Freimann,Entire home/apt,106.0,1,929,10.69,363,High,True,2026-06-29,2026-09-11T01:25:48+02:00
31548775,Schwabing-Freimann,Entire home/apt,98.0,1,85,0.99,363,High,True,2026-06-29,2026-09-11T01:25:48+02:00
31549210,Schwabing-Freimann,Entire home/apt,81.0,29,10,0.11,317,High,True,2026-06-29,2026-09-11T01:25:48+02:00
31550918,Schwabing-Freimann,Entire home/apt,110.0,1,26,0.3,358,High,True,2026-06-29,2026-09-11T01:25:48+02:00
31551209,Schwabing-Freimann,Entire home/apt,94.0,29,10,0.12,329,High,True,2026-06-29,2026-09-11T01:25:48+02:00
31552072,Schwabing-Freimann,Entire home/apt,141.0,1,20,0.86,360,High,True,2026-06-29,2026-09-11T01:25:48+02:00
31552494,Schwabing-Freimann,Entire home/apt,113.0,1,2,0.22,360,High,True,2026-06-29,2026-09-11T01:25:48+02:00
31552791,Schwabing-Freimann,Entire home/apt,111.0,29,0,0.0,331,High,False,2026-06-29,2026-09-11T01:25:48+02:00
31590112,Berg am Laim,Private room,123.0,2,29,0.32,10,Low,True,2026-06-29,2026-09-11T01:25:48+02:00
31727466,Berg am Laim,Private room,94.0,2,61,0.68,265,High,True,2026-06-29,2026-09-11T01:25:48+02:00
31990329,Allach-Untermenzing,Private room,87.0,1,9,0.1,351,High,True,2026-06-29,2026-09-11T01:25:48+02:00
32152566,Neuhausen-Nymphenburg,Entire home/apt,474.0,1,81,0.92,310,High,True,2026-06-29,2026-09-11T01:25:48+02:00
32316962,Schwabing-West,Entire home/apt,386.0,6,2,0.02,195,High,True,2026-06-29,2026-09-11T01:25:48+02:00
32375880,Tudering-Riem,Hotel room,143.0,1,8,0.18,300,High,True,2026-06-29,2026-09-11T01:25:48+02:00
32529838,Thalkirchen-Obersendling-Forstenried-Fürstenried-Solln,Private room,65.0,1,27,0.56,341,High,True,2026-06-29,2026-09-11T01:25:48+02:00
32602783,Untergiesing-Harlaching,Private room,65.0,2,49,0.56,86,Medium,True,2026-06-29,2026-09-11T01:25:48+02:00
32636828,Ludwigsvorstadt-Isarvorstadt,Entire home/apt,140.0,1,207,2.33,128,Medium,True,2026-06-29,2026-09-11T01:25:48+02:00
32717899,Schwabing-West,Private room,96.0,2,27,0.31,325,High,True,2026-06-29,2026-09-11T01:25:48+02:00
32757651,Moosach,Private room,95.0,1,2,0.06,254,High,True,2026-06-29,2026-09-11T01:25:48+02:00
32780406,Schwabing-West,Entire home/apt,670.0,3,1,0.02,166,Medium,True,2026-06-29,2026-09-11T01:25:48+02:00
32948907,Neuhausen-Nymphenburg,Entire home/apt,214.0,5,0,0.0,155,Medium,False,2026-06-29,2026-09-11T01:25:48+02:00
32957335,Pasing-Obermenzing,Entire home/apt,207.0,2,238,2.71,283,High,True,2026-06-29,2026-09-11T01:25:48+02:00
33093376,Untergiesing-Harlaching,Entire home/apt,126.0,3,136,1.57,307,High,True,2026-06-29,2026-09-11T01:25:48+02:00
33151495,Pasing-Obermenzing,Private room,112.0,5,2,0.02,358,High,True,2026-06-29,2026-09-11T01:25:48+02:00
33178833,Au-Haidhausen,Entire home/apt,151.0,2,151,1.73,86,Medium,True,2026-06-29,2026-09-11T01:25:48+02:00
33202033,Schwabing-Freimann,Entire home/apt,346.0,1,80,0.91,313,High,True,2026-06-29,2026-09-11T01:25:48+02:00
33221822,Thalkirchen-Obersendling-Forstenried-Fürstenried-Solln,Private room,86.0,30,2,0.02,180,Medium,True,2026-06-29,2026-09-11T01:25:48+02:00
33309107,Sendling,Entire home/apt,85.0,4,13,0.16,28,Low,True,2026-06-29,2026-09-11T01:25:48+02:00
33329549,Maxvorstadt,Entire home/apt,110.0,1,85,0.97,43,Medium,True,2026-06-29,2026-09-11T01:25:48+02:00
33330034,Maxvorstadt,Entire home/apt,408.0,3,167,1.9,106,Medium,True,2026-06-29,2026-09-11T01:25:48+02:00
33332070,Schwabing-Freimann,Entire home/apt,583.0,3,19,0.22,193,High,True,2026-06-29,2026-09-11T01:25:48+02:00
33337668,Maxvorstadt,Entire home/apt,220.0,7,70,0.8,323,High,True,2026-06-29,2026-09-11T01:25:48+02:00
33357184,Moosach,Hotel room,164.0,1,4,0.07,336,High,True,2026-06-29,2026-09-11T01:25:48+02:00
33412699,Maxvorstadt,Entire home/apt,571.0,3,216,2.46,197,High,True,2026-06-29,2026-09-11T01:25:48+02:00
33439780,Maxvorstadt,Entire home/apt,273.0,2,208,2.37,175,Medium,True,2026-06-29,2026-09-11T01:25:48+02:00
33451281,Ramersdorf-Perlach,Entire home/apt,229.0,2,7,0.08,62,Medium,True,2026-06-29,2026-09-11T01:25:48+02:00
33463675,Au-Haidhausen,Private room,105.0,2,91,1.63,74,Medium,True,2026-06-29,2026-09-11T01:25:48+02:00
33544938,Berg am Laim,Private room,147.0,1,25,0.28,7,Low,True,2026-06-29,2026-09-11T01:25:48+02:00
33575496,Tudering-Riem,Entire home/apt,310.0,1,0,0.0,31,Medium,False,2026-06-29,2026-09-11T01:25:48+02:00
33575912,Neuhausen-Nymphenburg,Entire home/apt,118.0,2,15,0.32,12,Low,True,2026-06-29,2026-09-11T01:25:48+02:00
33600793,Sendling,Private room,68.0,2,179,2.03,83,Medium,True,2026-06-29,2026-09-11T01:25:48+02:00
33605354,Au-Haidhausen,Private room,130.0,2,5,0.07,6,Low,True,2026-06-29,2026-09-11T01:25:48+02:00
33631731,Maxvorstadt,Private room,80.0,1,23,0.28,80,Medium,True,2026-06-29,2026-09-11T01:25:48+02:00
33634972,Bogenhausen,Private room,74.0,1,7,0.08,136,Medium,True,2026-06-29,2026-09-11T01:25:48+02:00
33635514,Bogenhausen,Private room,30.0,1,17,0.31,134,Medium,True,2026-06-29,2026-09-11T01:25:48+02:00
33681609,Altstadt-Lehel,Entire home/apt,227.0,5,1,0.09,120,Medium,True,2026-06-29,2026-09-11T01:25:48+02:00
33709297,Tudering-Riem,Entire home/apt,102.0,1,232,2.64,22,Low,True,2026-06-29,2026-09-11T01:25:48+02:00
33709767,Schwabing-West,Entire home/apt,132.0,2,2,0.02,87,Medium,True,2026-06-29,2026-09-11T01:25:48+02:00
33742550,Schwanthalerhöhe,Private room,254.0,2,9,0.11,279,High,True,2026-06-29,2026-09-11T01:25:48+02:00
33743760,Schwanthalerhöhe,Private room,254.0,2,2,0.04,284,High,True,2026-06-29,2026-09-11T01:25:48+02:00
33767567,Thalkirchen-Obersendling-Forstenried-Fürstenried-Solln,Private room,118.0,1,48,0.55,128,Medium,True,2026-06-29,2026-09-11T01:25:48+02:00
33792601,Thalkirchen-Obersendling-Forstenried-Fürstenried-Solln,Private room,94.0,1,59,0.72,131,Medium,True,2026-06-29,2026-09-11T01:25:48+02:00
33841387,Schwabing-Freimann,Entire home/apt,648.0,2,54,0.63,80,Medium,True,2026-06-29,2026-09-11T01:25:48+02:00
34009693,Schwanthalerhöhe,Private room,254.0,2,6,0.07,284,High,True,2026-06-29,2026-09-11T01:25:48+02:00
34058783,Thalkirchen-Obersendling-Forstenried-Fürstenried-Solln,Entire home/apt,319.0,2,38,0.44,280,High,True,2026-06-29,2026-09-11T01:25:48+02:00
34193278,Sendling,Entire home/apt,16.0,180,27,0.33,305,High,True,2026-06-29,2026-09-11T01:25:48+02:00
34194191,Ludwigsvorstadt-Isarvorstadt,Entire home/apt,170.0,4,18,0.56,72,Medium,True,2026-06-29,2026-09-11T01:25:48+02:00
34228576,Tudering-Riem,Entire home/apt,270.0,5,15,0.17,77,Medium,True,2026-06-29,2026-09-11T01:25:48+02:00
34239756,Milbertshofen-Am Hart,Entire home/apt,193.0,15,4,0.05,295,High,True,2026-06-29,2026-09-11T01:25:48+02:00
34298106,Au-Haidhausen,Entire home/apt,331.0,1,112,1.3,269,High,True,2026-06-29,2026-09-11T01:25:48+02:00
34312665,Altstadt-Lehel,Entire home/apt,770.0,1,198,2.32,222,High,True,2026-06-29,2026-09-11T01:25:48+02:00
34331943,Ludwigsvorstadt-Isarvorstadt,Entire home/apt,244.0,1,305,3.52,95,Medium,True,2026-06-29,2026-09-11T01:25:48+02:00
34338749,Schwanthalerhöhe,Private room,254.0,2,12,0.15,277,High,True,2026-06-29,2026-09-11T01:25:48+02:00
34431776,Ludwigsvorstadt-Isarvorstadt,Entire home/apt,205.0,1,261,3.01,115,Medium,True,2026-06-29,2026-09-11T01:25:48+02:00
34436149,Schwabing-West,Entire home/apt,290.0,2,114,1.31,214,High,True,2026-06-29,2026-09-11T01:25:48+02:00
34444247,Sendling,Private room,95.0,1,100,1.15,193,High,True,2026-06-29,2026-09-11T01:25:48+02:00
34506692,Ludwigsvorstadt-Isarvorstadt,Entire home/apt,500.0,2,9,0.18,23,Low,True,2026-06-29,2026-09-11T01:25:48+02:00
34522268,Tudering-Riem,Private room,109.0,1,10,0.12,252,High,True,2026-06-29,2026-09-11T01:25:48+02:00
34542675,Thalkirchen-Obersendling-Forstenried-Fürstenried-Solln,Entire home/apt,151.0,1,52,0.6,76,Medium,True,2026-06-29,2026-09-11T01:25:48+02:00
34642714,Hadern,Entire home/apt,143.0,1,216,2.5,73,Medium,True,2026-06-29,2026-09-11T01:25:48+02:00
34643456,Schwanthalerhöhe,Private room,254.0,2,12,0.15,274,High,True,2026-06-29,2026-09-11T01:25:48+02:00
34644248,Ramersdorf-Perlach,Entire home/apt,200.0,10,0,0.0,90,Medium,False,2026-06-29,2026-09-11T01:25:48+02:00
34659449,Neuhausen-Nymphenburg,Entire home/apt,197.0,3,50,0.59,14,Low,True,2026-06-29,2026-09-11T01:25:48+02:00
34677963,Ludwigsvorstadt-Isarvorstadt,Entire home/apt,189.0,1,265,3.07,98,Medium,True,2026-06-29,2026-09-11T01:25:48+02:00
34845492,Bogenhausen,Private room,79.0,4,46,0.54,61,Medium,True,2026-06-29,2026-09-11T01:25:48+02:00
34861094,Ludwigsvorstadt-Isarvorstadt,Private room,80.0,1,146,1.73,2,Low,True,2026-06-29,2026-09-11T01:25:48+02:00
34885878,Thalkirchen-Obersendling-Forstenried-Fürstenried-Solln,Entire home/apt,155.0,2,25,0.29,45,Medium,True,2026-06-29,2026-09-11T01:25:48+02:00
34928560,Thalkirchen-Obersendling-Forstenried-Fürstenried-Solln,Entire home/apt,122.0,1,205,2.4,296,High,True,2026-06-29,2026-09-11T01:25:48+02:00
35010350,Feldmoching-Hasenbergl,Private room,92.0,1,21,0.52,158,Medium,True,2026-06-29,2026-09-11T01:25:48+02:00
35052942,Bogenhausen,Private room,174.0,1,40,0.47,8,Low,True,2026-06-29,2026-09-11T01:25:48+02:00
35106492,Untergiesing-Harlaching,Entire home/apt,195.0,3,9,0.11,21,Low,True,2026-06-29,2026-09-11T01:25:48+02:00
35117599,Schwanthalerhöhe,Entire home/apt,350.0,2,49,1.98,244,High,True,2026-06-29,2026-09-11T01:25:48+02:00
35249362,Tudering-Riem,Hotel room,138.0,1,29,0.59,288,High,True,2026-06-29,2026-09-11T01:25:48+02:00
35249886,Tudering-Riem,Hotel room,176.0,1,5,0.14,281,High,True,2026-06-29,2026-09-11T01:25:48+02:00
35250487,Tudering-Riem,Hotel room,116.0,1,3,0.15,292,High,True,2026-06-29,2026-09-11T01:25:48+02:00
35251077,Tudering-Riem,Hotel room,104.0,1,6,0.13,304,High,True,2026-06-29,2026-09-11T01:25:48+02:00
35284838,Au-Haidhausen,Entire home/apt,241.0,1,40,0.47,171,Medium,True,2026-06-29,2026-09-11T01:25:48+02:00
35380727,Tudering-Riem,Private room,57.0,1,460,5.35,37,Medium,True,2026-06-29,2026-09-11T01:25:48+02:00
35539446,Neuhausen-Nymphenburg,Entire home/apt,178.0,100,1,0.01,178,Medium,True,2026-06-29,2026-09-11T01:25:48+02:00
35564200,Thalkirchen-Obersendling-Forstenried-Fürstenried-Solln,Entire home/apt,154.0,1,165,1.93,271,High,True,2026-06-29,2026-09-11T01:25:48+02:00
35565592,Bogenhausen,Private room,86.0,15,0,0.0,213,High,False,2026-06-29,2026-09-11T01:25:48+02:00
35662969,Laim,Entire home/apt,260.0,1,17,0.2,328,High,True,2026-06-29,2026-09-11T01:25:48+02:00
35861477,Ludwigsvorstadt-Isarvorstadt,Hotel room,149.0,1,46,0.55,109,Medium,True,2026-06-29,2026-09-11T01:25:48+02:00
35862255,Ludwigsvorstadt-Isarvorstadt,Hotel room,105.0,1,97,1.16,135,Medium,True,2026-06-29,2026-09-11T01:25:48+02:00
35862332,Ludwigsvorstadt-Isarvorstadt,Hotel room,110.0,1,10,0.12,132,Medium,True,2026-06-29,2026-09-11T01:25:48+02:00
35862549,Ludwigsvorstadt-Isarvorstadt,Hotel room,110.0,1,21,0.47,113,Medium,True,2026-06-29,2026-09-11T01:25:48+02:00
35862588,Schwanthalerhöhe,Private room,254.0,2,12,0.15,279,High,True,2026-06-29,2026-09-11T01:25:48+02:00
35863698,Schwanthalerhöhe,Private room,254.0,2,7,0.15,279,High,True,2026-06-29,2026-09-11T01:25:48+02:00
35863816,Au-Haidhausen,Hotel room,159.0,1,54,0.67,111,Medium,True,2026-06-29,2026-09-11T01:25:48+02:00
35863892,Au-Haidhausen,Hotel room,162.0,1,25,0.3,56,Medium,True,2026-06-29,2026-09-11T01:25:48+02:00
35864167,Schwanthalerhöhe,Private room,254.0,2,16,0.19,270,High,True,2026-06-29,2026-09-11T01:25:48+02:00
35864324,Schwanthalerhöhe,Private room,254.0,2,7,0.08,281,High,True,2026-06-29,2026-09-11T01:25:48+02:00
35892900,Milbertshofen-Am Hart,Private room,69.0,2,76,0.89,138,Medium,True,2026-06-29,2026-09-11T01:25:48+02:00
35907198,Bogenhausen,Private room,174.0,1,44,0.52,8,Low,True,2026-06-29,2026-09-11T01:25:48+02:00
35958270,Laim,Private room,110.0,2,86,1.01,341,High,True,2026-06-29,2026-09-11T01:25:48+02:00
36054399,Au-Haidhausen,Entire home/apt,89.0,1,109,1.29,8,Low,True,2026-06-29,2026-09-11T01:25:48+02:00
36132237,Ludwigsvorstadt-Isarvorstadt,Entire home/apt,342.0,2,217,2.55,186,High,True,2026-06-29,2026-09-11T01:25:48+02:00
36340476,Thalkirchen-Obersendling-Forstenried-Fürstenried-Solln,Entire home/apt,115.0,5,18,0.35,40,Medium,True,2026-06-29,2026-09-11T01:25:48+02:00
36353650,Maxvorstadt,Entire home/apt,250.0,3,65,0.77,170,Medium,True,2026-06-29,2026-09-11T01:25:48+02:00
36594960,Aubing-Lochhausen-Langwied,Entire home/apt,120.0,1,41,0.49,169,Medium,True,2026-06-29,2026-09-11T01:25:48+02:00
36622718,Schwabing-West,Entire home/apt,144.0,7,2,0.02,48,Medium,True,2026-06-29,2026-09-11T01:25:48+02:00
36660105,Obergiesing,Entire home/apt,264.0,10,26,0.31,16,Low,True,2026-06-29,2026-09-11T01:25:48+02:00
36706192,Maxvorstadt,Private room,113.0,1,3,0.32,58,Medium,True,2026-06-29,2026-09-11T01:25:48+02:00
36793380,Au-Haidhausen,Entire home/apt,548.0,2,14,0.17,30,Low,True,2026-06-29,2026-09-11T01:25:48+02:00
36854495,Maxvorstadt,Entire home/apt,128.0,1,32,0.46,169,Medium,True,2026-06-29,2026-09-11T01:25:48+02:00
37079503,Ludwigsvorstadt-Isarvorstadt,Entire home/apt,419.0,1,83,1.01,7,Low,True,2026-06-29,2026-09-11T01:25:48+02:00
37100407,Ludwigsvorstadt-Isarvorstadt,Entire home/apt,206.0,1,80,1.0,1,Low,True,2026-06-29,2026-09-11T01:25:48+02:00
37245732,Ramersdorf-Perlach,Private room,67.0,2,63,0.78,141,Medium,True,2026-06-29,2026-09-11T01:25:48+02:00
37247943,Sendling-Westpark,Entire home/apt,768.0,1,2,0.09,8,Low,True,2026-06-29,2026-09-11T01:25:48+02:00
37288215,Ramersdorf-Perlach,Entire home/apt,109.0,2,0,0.0,35,Medium,False,2026-06-29,2026-09-11T01:25:48+02:00
37385362,Obergiesing,Entire home/apt,196.0,3,65,0.79,3,Low,True,2026-06-29,2026-09-11T01:25:48+02:00
37418102,Maxvorstadt,Entire home/apt,644.0,3,11,0.13,106,Medium,True,2026-06-29,2026-09-11T01:25:48+02:00
37440198,Schwabing-West,Entire home/apt,206.0,2,89,1.06,10,Low,True,2026-06-29,2026-09-11T01:25:48+02:00
37510602,Milbertshofen-Am Hart,Entire home/apt,119.0,1,140,1.74,91,Medium,True,2026-06-29,2026-09-11T01:25:48+02:00
37544892,Aubing-Lochhausen-Langwied,Entire home/apt,77.0,1,0,0.0,363,High,False,2026-06-29,2026-09-11T01:25:48+02:00
37551743,Pasing-Obermenzing,Private room,85.0,5,5,0.08,347,High,True,2026-06-29,2026-09-11T01:25:48+02:00
37591960,Bogenhausen,Entire home/apt,173.0,3,38,0.46,152,Medium,True,2026-06-29,2026-09-11T01:25:48+02:00
37654617,Feldmoching-Hasenbergl,Entire home/apt,288.0,1,197,2.39,197,High,True,2026-06-29,2026-09-11T01:25:48+02:00
37683310,Altstadt-Lehel,Private room,116.0,2,107,1.3,332,High,True,2026-06-29,2026-09-11T01:25:48+02:00
37735575,Sendling-Westpark,Private room,65.0,1,579,7.02,188,High,True,2026-06-29,2026-09-11T01:25:48+02:00
37740705,Ludwigsvorstadt-Isarvorstadt,Entire home/apt,615.0,2,15,0.18,9,Low,True,2026-06-29,2026-09-11T01:25:48+02:00
37797930,Schwabing-Freimann,Entire home/apt,142.0,2,16,0.2,27,Low,True,2026-06-29,2026-09-11T01:25:48+02:00
37978289,Schwabing-West,Entire home/apt,257.0,2,64,0.78,200,High,True,2026-06-29,2026-09-11T01:25:48+02:00
38011460,Maxvorstadt,Entire home/apt,232.0,2,48,0.66,35,Medium,True,2026-06-29,2026-09-11T01:25:48+02:00
38037200,Neuhausen-Nymphenburg,Private room,72.0,10,0,0.0,83,Medium,False,2026-06-29,2026-09-11T01:25:48+02:00
38062749,Schwabing-West,Entire home/apt,125.0,2,26,0.33,55,Medium,True,2026-06-29,2026-09-11T01:25:48+02:00
38062754,Au-Haidhausen,Private room,202.0,1,11,0.13,48,Medium,True,2026-06-29,2026-09-11T01:25:48+02:00
38095345,Schwanthalerhöhe,Private room,71.0,1,21,0.25,2,Low,True,2026-06-29,2026-09-11T01:25:48+02:00
38097552,Au-Haidhausen,Private room,149.0,1,54,0.66,351,High,True,2026-06-29,2026-09-11T01:25:48+02:00
38100507,Pasing-Obermenzing,Private room,83.0,1,170,2.09,65,Medium,True,2026-06-29,2026-09-11T01:25:48+02:00
38112380,Schwanthalerhöhe,Private room,118.0,2,2,0.02,20,Low,True,2026-06-29,2026-09-11T01:25:48+02:00
38143811,Feldmoching-Hasenbergl,Entire home/apt,315.0,2,161,1.94,208,High,True,2026-06-29,2026-09-11T01:25:48+02:00
38148619,Schwanthalerhöhe,Entire home/apt,281.0,1,299,3.65,235,High,True,2026-06-29,2026-09-11T01:25:48+02:00
38177631,Bogenhausen,Entire home/apt,301.0,1,23,0.28,288,High,True,2026-06-29,2026-09-11T01:25:48+02:00
38182964,Schwanthalerhöhe,Shared room,71.0,1,1,0.11,66,Medium,True,2026-06-29,2026-09-11T01:25:48+02:00
38281381,Thalkirchen-Obersendling-Forstenried-Fürstenried-Solln,Entire home/apt,55.0,30,248,3.01,177,Medium,True,2026-06-29,2026-09-11T01:25:48+02:00
38307061,Milbertshofen-Am Hart,Hotel room,111.0,1,665,8.02,355,High,True,2026-06-29,2026-09-11T01:25:48+02:00
38308384,Milbertshofen-Am Hart,Hotel room,83.0,1,659,7.97,362,High,True,2026-06-29,2026-09-11T01:25:48+02:00
38308756,Milbertshofen-Am Hart,Hotel room,124.0,1,57,0.69,361,High,True,2026-06-29,2026-09-11T01:25:48+02:00
38334967,Schwanthalerhöhe,Entire home/apt,412.0,2,12,0.15,5,Low,True,2026-06-29,2026-09-11T01:25:48+02:00
38341515,Laim,Private room,355.0,1,20,0.24,362,High,True,2026-06-29,2026-09-11T01:25:48+02:00
38345927,Ludwigsvorstadt-Isarvorstadt,Private room,255.0,1,3,0.07,270,High,True,2026-06-29,2026-09-11T01:25:48+02:00
38363919,Laim,Private room,355.0,1,10,0.22,361,High,True,2026-06-29,2026-09-11T01:25:48+02:00
38369024,Allach-Untermenzing,Private room,53.0,1,36,0.44,2,Low,True,2026-06-29,2026-09-11T01:25:48+02:00
38371907,Ludwigsvorstadt-Isarvorstadt,Entire home/apt,249.0,1,14,0.31,304,High,True,2026-06-29,2026-09-11T01:25:48+02:00
38380858,Au-Haidhausen,Private room,96.0,1,91,1.11,203,High,True,2026-06-29,2026-09-11T01:25:48+02:00
38426978,Moosach,Entire home/apt,252.0,2,0,0.0,86,Medium,False,2026-06-29,2026-09-11T01:25:48+02:00
38447642,Altstadt-Lehel,Private room,373.0,2,1,0.03,270,High,True,2026-06-29,2026-09-11T01:25:48+02:00
38451154,Hadern,Private room,204.0,2,4,0.09,30,Low,True,2026-06-29,2026-09-11T01:25:48+02:00
38453899,Maxvorstadt,Entire home/apt,472.0,3,7,0.08,21,Low,True,2026-06-29,2026-09-11T01:25:48+02:00
38454698,Maxvorstadt,Entire home/apt,229.0,2,65,0.79,29,Low,True,2026-06-29,2026-09-11T01:25:48+02:00
38457761,Berg am Laim,Entire home/apt,80.0,2,68,0.83,92,Medium,True,2026-06-29,2026-09-11T01:25:48+02:00
38457956,Laim,Private room,101.0,3,23,0.28,31,Medium,True,2026-06-29,2026-09-11T01:25:48+02:00
38509737,Schwabing-Freimann,Private room,112.0,2,110,2.24,11,Low,True,2026-06-29,2026-09-11T01:25:48+02:00
38529430,Schwanthalerhöhe,Private room,254.0,2,6,0.13,273,High,True,2026-06-29,2026-09-11T01:25:48+02:00
38562519,Tudering-Riem,Entire home/apt,438.0,2,66,0.81,236,High,True,2026-06-29,2026-09-11T01:25:48+02:00
38577378,Schwabing-Freimann,Private room,76.0,1,106,1.28,1,Low,True,2026-06-29,2026-09-11T01:25:48+02:00
38609453,Schwanthalerhöhe,Entire home/apt,915.0,1,0,0.0,363,High,False,2026-06-29,2026-09-11T01:25:48+02:00
38622383,Au-Haidhausen,Entire home/apt,354.0,2,100,1.22,57,Medium,True,2026-06-29,2026-09-11T01:25:48+02:00
38682705,Neuhausen-Nymphenburg,Private room,142.0,1,49,0.59,88,Medium,True,2026-06-29,2026-09-11T01:25:48+02:00
38715347,Schwabing-West,Entire home/apt,144.0,2,137,1.66,14,Low,True,2026-06-29,2026-09-11T01:25:48+02:00
38741748,Neuhausen-Nymphenburg,Entire home/apt,336.0,2,180,2.19,240,High,True,2026-06-29,2026-09-11T01:25:48+02:00
38743616,Tudering-Riem,Entire home/apt,136.0,2,0,0.0,88,Medium,False,2026-06-29,2026-09-11T01:25:48+02:00
38744100,Au-Haidhausen,Entire home/apt,204.0,2,67,0.82,155,Medium,True,2026-06-29,2026-09-11T01:25:48+02:00
38752439,Hadern,Private room,265.0,1,6,0.65,245,High,True,2026-06-29,2026-09-11T01:25:48+02:00
38788014,Au-Haidhausen,Entire home/apt,304.0,1,0,0.0,212,High,False,2026-06-29,2026-09-11T01:25:48+02:00
38795952,Tudering-Riem,Entire home/apt,167.0,1,24,0.53,18,Low,True,2026-06-29,2026-09-11T01:25:48+02:00
38796706,Au-Haidhausen,Entire home/apt,319.0,3,0,0.0,345,High,False,2026-06-29,2026-09-11T01:25:48+02:00
38798564,Neuhausen-Nymphenburg,Entire home/apt,69.0,2,36,0.44,165,Medium,True,2026-06-29,2026-09-11T01:25:48+02:00
38809171,Schwanthalerhöhe,Entire home/apt,290.0,2,13,1.2,79,Medium,True,2026-06-29,2026-09-11T01:25:48+02:00
38874108,Ramersdorf-Perlach,Private room,101.0,1,191,2.33,53,Medium,True,2026-06-29,2026-09-11T01:25:48+02:00
38884432,Moosach,Entire home/apt,58.0,1,20,0.28,260,High,True,2026-06-29,2026-09-11T01:25:48+02:00
38892903,Obergiesing,Entire home/apt,159.0,1,6,0.09,285,High,True,2026-06-29,2026-09-11T01:25:48+02:00
38954676,Berg am Laim,Entire home/apt,161.0,9,28,0.35,179,Medium,True,2026-06-29,2026-09-11T01:25:48+02:00
38967478,Sendling-Westpark,Entire home/apt,190.0,1,2,0.04,80,Medium,True,2026-06-29,2026-09-11T01:25:48+02:00
39029487,Ramersdorf-Perlach,Entire home/apt,204.0,4,0,0.0,90,Medium,False,2026-06-29,2026-09-11T01:25:48+02:00
39049561,Pasing-Obermenzing,Private room,79.0,1,221,2.75,200,High,True,2026-06-29,2026-09-11T01:25:48+02:00
39072868,Sendling,Entire home/apt,193.0,1,4,0.43,226,High,True,2026-06-29,2026-09-11T01:25:48+02:00
39127542,Milbertshofen-Am Hart,Entire home/apt,118.0,2,83,1.03,237,High,True,2026-06-29,2026-09-11T01:25:48+02:00
39152687,Maxvorstadt,Entire home/apt,235.0,1,51,0.64,130,Medium,True,2026-06-29,2026-09-11T01:25:48+02:00
39167172,Ludwigsvorstadt-Isarvorstadt,Entire home/apt,958.0,3,43,0.54,289,High,True,2026-06-29,2026-09-11T01:25:48+02:00
39380594,Pasing-Obermenzing,Private room,72.0,8,24,0.4,295,High,True,2026-06-29,2026-09-11T01:25:48+02:00
39436139,Laim,Entire home/apt,121.0,1,100,5.32,342,High,True,2026-06-29,2026-09-11T01:25:48+02:00
39453843,Laim,Entire home/apt,138.0,1,7,0.17,243,High,True,2026-06-29,2026-09-11T01:25:48+02:00
39475675,Pasing-Obermenzing,Entire home/apt,108.0,5,5,0.1,358,High,True,2026-06-29,2026-09-11T01:25:48+02:00
39480919,Tudering-Riem,Private room,66.0,3,20,0.25,172,Medium,True,2026-06-29,2026-09-11T01:25:48+02:00
39516939,Laim,Entire home/apt,122.0,1,1,0.18,338,High,True,2026-06-29,2026-09-11T01:25:48+02:00
39520119,Laim,Entire home/apt,178.0,1,1,0.1,301,High,True,2026-06-29,2026-09-11T01:25:48+02:00
39525547,Altstadt-Lehel,Private room,445.0,1,3,0.06,242,High,True,2026-06-29,2026-09-11T01:25:48+02:00
39525675,Altstadt-Lehel,Private room,395.0,1,0,0.0,250,High,False,2026-06-29,2026-09-11T01:25:48+02:00
39525724,Altstadt-Lehel,Private room,465.0,1,3,0.07,213,High,True,2026-06-29,2026-09-11T01:25:48+02:00
39525775,Altstadt-Lehel,Private room,485.0,1,0,0.0,213,High,False,2026-06-29,2026-09-11T01:25:48+02:00
39525816,Altstadt-Lehel,Private room,428.0,1,0,0.0,198,High,False,2026-06-29,2026-09-11T01:25:48+02:00
39525901,Altstadt-Lehel,Private room,536.0,1,0,0.0,207,High,False,2026-06-29,2026-09-11T01:25:48+02:00
39554306,Ludwigsvorstadt-Isarvorstadt,Entire home/apt,203.0,3,1,0.07,333,High,True,2026-06-29,2026-09-11T01:25:48+02:00
39736985,Altstadt-Lehel,Private room,179.0,1,52,0.97,210,High,True,2026-06-29,2026-09-11T01:25:48+02:00
39789762,Ludwigsvorstadt-Isarvorstadt,Private room,70.0,1,700,8.66,314,High,True,2026-06-29,2026-09-11T01:25:48+02:00
39790169,Ludwigsvorstadt-Isarvorstadt,Private room,144.0,1,2135,26.4,320,High,True,2026-06-29,2026-09-11T01:25:48+02:00
39794389,Schwabing-Freimann,Private room,193.0,1,365,4.53,354,High,True,2026-06-29,2026-09-11T01:25:48+02:00
39812954,Au-Haidhausen,Entire home/apt,121.0,20,1,0.02,115,Medium,True,2026-06-29,2026-09-11T01:25:48+02:00
39840875,Milbertshofen-Am Hart,Entire home/apt,119.0,1,127,1.58,100,Medium,True,2026-06-29,2026-09-11T01:25:48+02:00
39864876,Schwabing-West,Entire home/apt,350.0,12,2,0.06,21,Low,True,2026-06-29,2026-09-11T01:25:48+02:00
39876462,Obergiesing,Entire home/apt,547.0,3,9,0.19,362,High,True,2026-06-29,2026-09-11T01:25:48+02:00
39882092,Schwabing-Freimann,Private room,139.0,1,15,0.19,171,Medium,True,2026-06-29,2026-09-11T01:25:48+02:00
39932401,Sendling,Private room,93.0,1,90,1.12,44,Medium,True,2026-06-29,2026-09-11T01:25:48+02:00
39941806,Schwabing-West,Private room,48.0,30,6,0.11,103,Medium,True,2026-06-29,2026-09-11T01:25:48+02:00
39959373,Untergiesing-Harlaching,Entire home/apt,119.0,3,74,0.92,230,High,True,2026-06-29,2026-09-11T01:25:48+02:00
40051271,Bogenhausen,Private room,83.0,2,34,0.42,33,Medium,True,2026-06-29,2026-09-11T01:25:48+02:00
40083585,Schwabing-West,Entire home/apt,195.0,2,50,0.63,30,Low,True,2026-06-29,2026-09-11T01:25:48+02:00
40100371,Ludwigsvorstadt-Isarvorstadt,Private room,91.0,1,1179,16.1,164,Medium,True,2026-06-29,2026-09-11T01:25:48+02:00
40125079,Altstadt-Lehel,Entire home/apt,248.0,6,13,0.16,88,Medium,True,2026-06-29,2026-09-11T01:25:48+02:00
40188285,Ludwigsvorstadt-Isarvorstadt,Private room,153.0,1,789,9.83,313,High,True,2026-06-29,2026-09-11T01:25:48+02:00
40189354,Maxvorstadt,Private room,204.0,1,879,10.96,340,High,True,2026-06-29,2026-09-11T01:25:48+02:00
40191312,Schwabing-Freimann,Private room,127.0,1,47,1.26,333,High,True,2026-06-29,2026-09-11T01:25:48+02:00
40230681,Altstadt-Lehel,Private room,121.0,1,63,1.13,201,High,True,2026-06-29,2026-09-11T01:25:48+02:00
40231143,Altstadt-Lehel,Private room,179.0,1,52,0.72,202,High,True,2026-06-29,2026-09-11T01:25:48+02:00
40231250,Altstadt-Lehel,Private room,194.0,1,84,1.61,225,High,True,2026-06-29,2026-09-11T01:25:48+02:00
40360079,Ludwigsvorstadt-Isarvorstadt,Entire home/apt,309.0,1,61,0.76,281,High,True,2026-06-29,2026-09-11T01:25:48+02:00
40360534,Ludwigsvorstadt-Isarvorstadt,Entire home/apt,443.0,1,236,2.95,286,High,True,2026-06-29,2026-09-11T01:25:48+02:00
40360677,Ludwigsvorstadt-Isarvorstadt,Entire home/apt,337.0,2,199,2.49,281,High,True,2026-06-29,2026-09-11T01:25:48+02:00
40374243,Schwabing-West,Private room,49.0,30,2,0.03,273,High,True,2026-06-29,2026-09-11T01:25:48+02:00
40421213,Schwabing-West,Private room,75.0,2,140,3.42,136,Medium,True,2026-06-29,2026-09-11T01:25:48+02:00
40448228,Milbertshofen-Am Hart,Entire home/apt,96.0,2,97,1.22,25,Low,True,2026-06-29,2026-09-11T01:25:48+02:00
40517769,Bogenhausen,Entire home/apt,354.0,3,2,0.09,180,Medium,True,2026-06-29,2026-09-11T01:25:48+02:00
40715943,Bogenhausen,Entire home/apt,117.0,3,73,0.92,81,Medium,True,2026-06-29,2026-09-11T01:25:48+02:00
40719026,Sendling,Entire home/apt,235.0,7,5,0.08,256,High,True,2026-06-29,2026-09-11T01:25:48+02:00
40727143,Laim,Entire home/apt,207.0,2,7,0.14,62,Medium,True,2026-06-29,2026-09-11T01:25:48+02:00
40731943,Laim,Private room,195.0,2,4,0.08,89,Medium,True,2026-06-29,2026-09-11T01:25:48+02:00
40754638,Sendling-Westpark,Entire home/apt,42.0,30,0,0.0,58,Medium,False,2026-06-29,2026-09-11T01:25:48+02:00
40886602,Altstadt-Lehel,Entire home/apt,571.0,2,345,4.36,163,Medium,True,2026-06-29,2026-09-11T01:25:48+02:00
40944186,Untergiesing-Harlaching,Entire home/apt,165.0,3,12,0.36,12,Low,True,2026-06-29,2026-09-11T01:25:48+02:00
40961775,Altstadt-Lehel,Entire home/apt,615.0,1,404,5.11,153,Medium,True,2026-06-29,2026-09-11T01:25:48+02:00
41135001,Schwabing-Freimann,Entire home/apt,55.0,30,0,0.0,57,Medium,False,2026-06-29,2026-09-11T01:25:48+02:00
41135795,Schwabing-West,Private room,92.0,3,23,0.29,52,Medium,True,2026-06-29,2026-09-11T01:25:48+02:00
41146464,Ludwigsvorstadt-Isarvorstadt,Entire home/apt,371.0,1,24,0.31,334,High,True,2026-06-29,2026-09-11T01:25:48+02:00
41188915,Bogenhausen,Private room,76.0,1,133,1.68,23,Low,True,2026-06-29,2026-09-11T01:25:48+02:00
41224455,Thalkirchen-Obersendling-Forstenried-Fürstenried-Solln,Entire home/apt,351.0,7,1,0.04,55,Medium,True,2026-06-29,2026-09-11T01:25:48+02:00
41309273,Thalkirchen-Obersendling-Forstenried-Fürstenried-Solln,Entire home/apt,217.0,1,238,3.1,95,Medium,True,2026-06-29,2026-09-11T01:25:48+02:00
41365870,Au-Haidhausen,Entire home/apt,178.0,6,33,0.42,99,Medium,True,2026-06-29,2026-09-11T01:25:48+02:00
41402276,Sendling-Westpark,Entire home/apt,537.0,1,0,0.0,355,High,False,2026-06-29,2026-09-11T01:25:48+02:00
41448699,Moosach,Entire home/apt,43.0,30,9,0.12,100,Medium,True,2026-06-29,2026-09-11T01:25:48+02:00
41710827,Ramersdorf-Perlach,Entire home/apt,106.0,1,438,5.62,300,High,True,2026-06-29,2026-09-11T01:25:48+02:00
41711024,Ramersdorf-Perlach,Entire home/apt,114.0,1,884,11.33,305,High,True,2026-06-29,2026-09-11T01:25:48+02:00
41711131,Ramersdorf-Perlach,Entire home/apt,136.0,1,59,0.76,230,High,True,2026-06-29,2026-09-11T01:25:48+02:00
41759275,Tudering-Riem,Entire home/apt,184.0,2,33,0.43,152,Medium,True,2026-06-29,2026-09-11T01:25:48+02:00
42107985,Schwabing-Freimann,Private room,139.0,1,43,0.56,175,Medium,True,2026-06-29,2026-09-11T01:25:48+02:00
42112326,Bogenhausen,Private room,163.0,2,15,0.3,252,High,True,2026-06-29,2026-09-11T01:25:48+02:00
42214707,Moosach,Entire home/apt,60.0,1,28,0.46,260,High,True,2026-06-29,2026-09-11T01:25:48+02:00
42355563,Sendling-Westpark,Entire home/apt,115.0,3,97,1.25,130,Medium,True,2026-06-29,2026-09-11T01:25:48+02:00
42366472,Laim,Entire home/apt,782.0,2,5,0.06,27,Low,True,2026-06-29,2026-09-11T01:25:48+02:00
42373717,Moosach,Entire home/apt,152.0,1,147,2.03,281,High,True,2026-06-29,2026-09-11T01:25:48+02:00
42375162,Moosach,Entire home/apt,96.0,1,8,0.14,256,High,True,2026-06-29,2026-09-11T01:25:48+02:00
42375451,Ramersdorf-Perlach,Private room,124.0,1,336,4.37,275,High,True,2026-06-29,2026-09-11T01:25:48+02:00
42376159,Moosach,Entire home/apt,83.0,1,3,0.09,256,High,True,2026-06-29,2026-09-11T01:25:48+02:00
42376693,Ramersdorf-Perlach,Private room,134.0,1,64,0.89,277,High,True,2026-06-29,2026-09-11T01:25:48+02:00
42377118,Ramersdorf-Perlach,Private room,144.0,1,4,0.05,275,High,True,2026-06-29,2026-09-11T01:25:48+02:00
42393334,Milbertshofen-Am Hart,Entire home/apt,11.0,180,0,0.0,194,High,False,2026-06-29,2026-09-11T01:25:48+02:00
42524609,Schwabing-Freimann,Entire home/apt,179.0,20,1,0.03,170,Medium,True,2026-06-29,2026-09-11T01:25:48+02:00
42601564,Thalkirchen-Obersendling-Forstenried-Fürstenried-Solln,Private room,113.0,2,13,0.33,216,High,True,2026-06-29,2026-09-11T01:25:48+02:00
42698508,Neuhausen-Nymphenburg,Private room,241.0,2,9,0.15,26,Low,True,2026-06-29,2026-09-11T01:25:48+02:00
42774140,Pasing-Obermenzing,Entire home/apt,130.0,4,0,0.0,87,Medium,False,2026-06-29,2026-09-11T01:25:48+02:00
42845770,Ludwigsvorstadt-Isarvorstadt,Entire home/apt,374.0,1,94,1.29,17,Low,True,2026-06-29,2026-09-11T01:25:48+02:00
42846048,Ludwigsvorstadt-Isarvorstadt,Entire home/apt,449.0,1,27,0.37,8,Low,True,2026-06-29,2026-09-11T01:25:48+02:00
42875109,Neuhausen-Nymphenburg,Private room,166.0,1,5,0.29,135,Medium,True,2026-06-29,2026-09-11T01:25:48+02:00
42969121,Neuhausen-Nymphenburg,Entire home/apt,62.0,28,75,0.99,310,High,True,2026-06-29,2026-09-11T01:25:48+02:00
42998045,Ludwigsvorstadt-Isarvorstadt,Entire home/apt,146.0,1,28,0.39,12,Low,True,2026-06-29,2026-09-11T01:25:48+02:00
42998278,Ludwigsvorstadt-Isarvorstadt,Entire home/apt,115.0,1,44,0.64,29,Low,True,2026-06-29,2026-09-11T01:25:48+02:00
42998349,Ludwigsvorstadt-Isarvorstadt,Entire home/apt,161.0,1,41,0.58,32,Medium,True,2026-06-29,2026-09-11T01:25:48+02:00
42998395,Ludwigsvorstadt-Isarvorstadt,Entire home/apt,155.0,1,84,1.17,13,Low,True,2026-06-29,2026-09-11T01:25:48+02:00
43033879,Ludwigsvorstadt-Isarvorstadt,Private room,178.0,5,28,0.38,179,Medium,True,2026-06-29,2026-09-11T01:25:48+02:00
43073658,Schwanthalerhöhe,Private room,80.0,1,1,0.91,89,Medium,True,2026-06-29,2026-09-11T01:25:48+02:00
43074108,Ramersdorf-Perlach,Private room,104.0,1,1,1.0,363,High,True,2026-06-29,2026-09-11T01:25:48+02:00
43074349,Schwanthalerhöhe,Entire home/apt,99.0,1,14,0.19,134,Medium,True,2026-06-29,2026-09-11T01:25:48+02:00
43075492,Moosach,Entire home/apt,89.0,1,8,0.11,262,High,True,2026-06-29,2026-09-11T01:25:48+02:00
43075797,Moosach,Entire home/apt,111.0,1,2,0.03,262,High,True,2026-06-29,2026-09-11T01:25:48+02:00
43093587,Ludwigsvorstadt-Isarvorstadt,Private room,112.0,1,236,3.3,159,Medium,True,2026-06-29,2026-09-11T01:25:48+02:00
43100779,Pasing-Obermenzing,Private room,70.0,5,2,0.04,179,Medium,True,2026-06-29,2026-09-11T01:25:48+02:00
43122019,Ludwigsvorstadt-Isarvorstadt,Private room,196.0,7,4,0.05,179,Medium,True,2026-06-29,2026-09-11T01:25:48+02:00
43122092,Ludwigsvorstadt-Isarvorstadt,Private room,207.0,7,1,0.01,179,Medium,True,2026-06-29,2026-09-11T01:25:48+02:00
43122181,Ludwigsvorstadt-Isarvorstadt,Private room,294.0,7,0,0.0,179,Medium,False,2026-06-29,2026-09-11T01:25:48+02:00
43218570,Ludwigsvorstadt-Isarvorstadt,Private room,170.0,2,14,0.42,355,High,True,2026-06-29,2026-09-11T01:25:48+02:00
43330813,Moosach,Entire home/apt,195.0,1,1,0.18,326,High,True,2026-06-29,2026-09-11T01:25:48+02:00
43369365,Schwabing-Freimann,Private room,139.0,1,3,0.05,360,High,True,2026-06-29,2026-09-11T01:25:48+02:00
43422478,Obergiesing,Entire home/apt,9.0,180,0,0.0,304,High,False,2026-06-29,2026-09-11T01:25:48+02:00
43440504,Ludwigsvorstadt-Isarvorstadt,Private room,151.0,1,49,1.08,343,High,True,2026-06-29,2026-09-11T01:25:48+02:00
43445413,Tudering-Riem,Private room,62.0,1,140,2.78,94,Medium,True,2026-06-29,2026-09-11T01:25:48+02:00
43493601,Pasing-Obermenzing,Entire home/apt,89.0,7,1,0.02,77,Medium,True,2026-06-29,2026-09-11T01:25:48+02:00
43517781,Altstadt-Lehel,Entire home/apt,525.0,1,6,0.26,8,Low,True,2026-06-29,2026-09-11T01:25:48+02:00
43550485,Schwanthalerhöhe,Private room,244.0,1,980,13.26,61,Medium,True,2026-06-29,2026-09-11T01:25:48+02:00
43551708,Schwanthalerhöhe,Entire home/apt,209.0,1,87,1.21,30,Low,True,2026-06-29,2026-09-11T01:25:48+02:00
43647302,Pasing-Obermenzing,Entire home/apt,953.0,1,24,0.34,189,High,True,2026-06-29,2026-09-11T01:25:48+02:00
43662088,Altstadt-Lehel,Private room,83.0,20,52,0.72,27,Low,True,2026-06-29,2026-09-11T01:25:48+02:00
43683188,Schwabing-West,Private room,31.0,60,6,0.11,109,Medium,True,2026-06-29,2026-09-11T01:25:48+02:00
43736110,Pasing-Obermenzing,Entire home/apt,169.0,1,42,0.58,282,High,True,2026-06-29,2026-09-11T01:25:48+02:00
43748107,Moosach,Entire home/apt,111.0,5,5,0.08,157,Medium,True,2026-06-29,2026-09-11T01:25:48+02:00
43840403,Untergiesing-Harlaching,Private room,35.0,1,4,0.05,304,High,True,2026-06-29,2026-09-11T01:25:48+02:00
43881616,Bogenhausen,Entire home/apt,249.0,3,10,0.21,16,Low,True,2026-06-29,2026-09-11T01:25:48+02:00
43890349,Ludwigsvorstadt-Isarvorstadt,Private room,132.0,1,449,6.19,159,Medium,True,2026-06-29,2026-09-11T01:25:48+02:00
43904288,Ludwigsvorstadt-Isarvorstadt,Private room,147.0,1,136,1.87,141,Medium,True,2026-06-29,2026-09-11T01:25:48+02:00
43905059,Ludwigsvorstadt-Isarvorstadt,Private room,179.0,1,142,1.96,141,Medium,True,2026-06-29,2026-09-11T01:25:48+02:00
43905484,Ludwigsvorstadt-Isarvorstadt,Private room,176.0,1,57,0.78,126,Medium,True,2026-06-29,2026-09-11T01:25:48+02:00
43905987,Ludwigsvorstadt-Isarvorstadt,Private room,67.0,1,673,9.29,161,Medium,True,2026-06-29,2026-09-11T01:25:48+02:00
43906801,Ludwigsvorstadt-Isarvorstadt,Private room,168.0,1,137,1.88,152,Medium,True,2026-06-29,2026-09-11T01:25:48+02:00
43907428,Ludwigsvorstadt-Isarvorstadt,Private room,289.0,1,92,1.27,91,Medium,True,2026-06-29,2026-09-11T01:25:48+02:00
43975586,Schwabing-Freimann,Private room,130.0,1,246,3.38,264,High,True,2026-06-29,2026-09-11T01:25:48+02:00
44023117,Ludwigsvorstadt-Isarvorstadt,Entire home/apt,27.0,115,6,0.11,182,High,True,2026-06-29,2026-09-11T01:25:48+02:00
44093801,Untergiesing-Harlaching,Private room,89.0,1,84,1.94,220,High,True,2026-06-29,2026-09-11T01:25:48+02:00
44186707,Maxvorstadt,Private room,145.0,1,326,4.54,262,High,True,2026-06-29,2026-09-11T01:25:48+02:00
44229586,Schwanthalerhöhe,Private room,275.0,1,5,0.11,88,Medium,True,2026-06-29,2026-09-11T01:25:48+02:00
44240830,Sendling-Westpark,Private room,80.0,1,64,0.89,339,High,True,2026-06-29,2026-09-11T01:25:48+02:00
44254128,Laim,Private room,122.0,1,13,0.19,243,High,True,2026-06-29,2026-09-11T01:25:48+02:00
44319001,Thalkirchen-Obersendling-Forstenried-Fürstenried-Solln,Entire home/apt,542.0,2,206,2.88,335,High,True,2026-06-29,2026-09-11T01:25:48+02:00
44327894,Tudering-Riem,Entire home/apt,60.0,7,1,0.08,136,Medium,True,2026-06-29,2026-09-11T01:25:48+02:00
44436632,Ludwigsvorstadt-Isarvorstadt,Entire home/apt,68.0,14,70,1.01,328,High,True,2026-06-29,2026-09-11T01:25:48+02:00
44436672,Ludwigsvorstadt-Isarvorstadt,Entire home/apt,70.0,28,36,0.52,331,High,True,2026-06-29,2026-09-11T01:25:48+02:00
44526701,Au-Haidhausen,Entire home/apt,81.0,14,44,0.62,327,High,True,2026-06-29,2026-09-11T01:25:48+02:00
44554394,Bogenhausen,Entire home/apt,273.0,3,2,0.03,88,Medium,True,2026-06-29,2026-09-11T01:25:48+02:00
44556840,Bogenhausen,Entire home/apt,114.0,5,69,0.97,125,Medium,True,2026-06-29,2026-09-11T01:25:48+02:00
44573525,Allach-Untermenzing,Private room,51.0,1,137,1.92,287,High,True,2026-06-29,2026-09-11T01:25:48+02:00
44652201,Ludwigsvorstadt-Isarvorstadt,Entire home/apt,711.0,1,86,1.48,238,High,True,2026-06-29,2026-09-11T01:25:48+02:00
44652208,Ludwigsvorstadt-Isarvorstadt,Entire home/apt,306.0,1,3,0.06,292,High,True,2026-06-29,2026-09-11T01:25:48+02:00
44652220,Altstadt-Lehel,Entire home/apt,360.0,1,5,0.08,280,High,True,2026-06-29,2026-09-11T01:25:48+02:00
44652228,Altstadt-Lehel,Entire home/apt,379.0,1,9,0.13,257,High,True,2026-06-29,2026-09-11T01:25:48+02:00
44652259,Altstadt-Lehel,Entire home/apt,419.0,1,3,0.05,256,High,True,2026-06-29,2026-09-11T01:25:48+02:00
45074457,Altstadt-Lehel,Private room,274.0,1,32,0.46,338,High,True,2026-06-29,2026-09-11T01:25:48+02:00
45076732,Ramersdorf-Perlach,Entire home/apt,142.0,7,6,0.13,63,Medium,True,2026-06-29,2026-09-11T01:25:48+02:00
45094125,Obergiesing,Entire home/apt,142.0,2,10,0.17,108,Medium,True,2026-06-29,2026-09-11T01:25:48+02:00
45112489,Altstadt-Lehel,Private room,234.0,1,9,0.16,351,High,True,2026-06-29,2026-09-11T01:25:48+02:00
45131385,Moosach,Entire home/apt,206.0,1,31,0.47,293,High,True,2026-06-29,2026-09-11T01:25:48+02:00
45150385,Berg am Laim,Entire home/apt,315.0,1,136,1.92,246,High,True,2026-06-29,2026-09-11T01:25:48+02:00
45174039,Neuhausen-Nymphenburg,Entire home/apt,75.0,14,25,0.42,310,High,True,2026-06-29,2026-09-11T01:25:48+02:00
45230603,Neuhausen-Nymphenburg,Entire home/apt,77.0,14,5,0.08,328,High,True,2026-06-29,2026-09-11T01:25:48+02:00
45230654,Neuhausen-Nymphenburg,Entire home/apt,65.0,28,62,0.89,331,High,True,2026-06-29,2026-09-11T01:25:48+02:00
45237951,Schwabing-West,Entire home/apt,346.0,3,12,0.26,342,High,True,2026-06-29,2026-09-11T01:25:48+02:00
45254710,Obergiesing,Private room,94.0,1,24,0.4,267,High,True,2026-06-29,2026-09-11T01:25:48+02:00
45284543,Maxvorstadt,Entire home/apt,245.0,7,48,0.69,306,High,True,2026-06-29,2026-09-11T01:25:48+02:00
45296670,Sendling-Westpark,Entire home/apt,195.0,1,4,0.43,183,High,True,2026-06-29,2026-09-11T01:25:48+02:00
45323850,Altstadt-Lehel,Entire home/apt,151.0,1,26,0.4,292,High,True,2026-06-29,2026-09-11T01:25:48+02:00
45323857,Altstadt-Lehel,Entire home/apt,164.0,1,17,0.28,244,High,True,2026-06-29,2026-09-11T01:25:48+02:00
45390172,Untergiesing-Harlaching,Entire home/apt,160.0,1,14,0.2,72,Medium,True,2026-06-29,2026-09-11T01:25:48+02:00
45393177,Neuhausen-Nymphenburg,Private room,99.0,4,9,0.16,6,Low,True,2026-06-29,2026-09-11T01:25:48+02:00
45393521,Au-Haidhausen,Private room,58.0,4,13,0.18,80,Medium,True,2026-06-29,2026-09-11T01:25:48+02:00
45404571,Thalkirchen-Obersendling-Forstenried-Fürstenried-Solln,Entire home/apt,93.0,3,47,0.67,104,Medium,True,2026-06-29,2026-09-11T01:25:48+02:00
45416379,Ludwigsvorstadt-Isarvorstadt,Entire home/apt,899.0,1,37,1.18,6,Low,True,2026-06-29,2026-09-11T01:25:48+02:00
45461928,Au-Haidhausen,Private room,240.0,2,1,0.04,269,High,True,2026-06-29,2026-09-11T01:25:48+02:00
45494192,Aubing-Lochhausen-Langwied,Private room,129.0,1,35,0.51,217,High,True,2026-06-29,2026-09-11T01:25:48+02:00
45494776,Altstadt-Lehel,Entire home/apt,561.0,2,0,0.0,25,Low,False,2026-06-29,2026-09-11T01:25:48+02:00
45500506,Au-Haidhausen,Private room,142.0,5,2,1.13,363,High,True,2026-06-29,2026-09-11T01:25:48+02:00
45510458,Berg am Laim,Entire home/apt,215.0,2,9,0.26,14,Low,True,2026-06-29,2026-09-11T01:25:48+02:00
45524195,Ludwigsvorstadt-Isarvorstadt,Entire home/apt,59.0,28,25,0.37,335,High,True,2026-06-29,2026-09-11T01:25:48+02:00
45645967,Neuhausen-Nymphenburg,Private room,120.0,1,63,0.91,180,Medium,True,2026-06-29,2026-09-11T01:25:48+02:00
45664825,Maxvorstadt,Entire home/apt,172.0,1,67,0.96,157,Medium,True,2026-06-29,2026-09-11T01:25:48+02:00
45692972,Ramersdorf-Perlach,Entire home/apt,140.0,1,23,0.36,351,High,True,2026-06-29,2026-09-11T01:25:48+02:00
45786641,Schwanthalerhöhe,Private room,28.0,29,0,0.0,89,Medium,False,2026-06-29,2026-09-11T01:25:48+02:00
45844467,Schwabing-West,Entire home/apt,405.0,2,0,0.0,179,Medium,False,2026-06-29,2026-09-11T01:25:48+02:00
45862794,Laim,Entire home/apt,140.0,2,31,0.79,152,Medium,True,2026-06-29,2026-09-11T01:25:48+02:00
45948634,Obergiesing,Entire home/apt,378.0,1,100,1.45,81,Medium,True,2026-06-29,2026-09-11T01:25:48+02:00
45953173,Sendling-Westpark,Entire home/apt,110.0,5,24,0.4,263,High,True,2026-06-29,2026-09-11T01:25:48+02:00
45964705,Schwabing-West,Entire home/apt,12.0,180,4,0.1,303,High,True,2026-06-29,2026-09-11T01:25:48+02:00
45997402,Au-Haidhausen,Entire home/apt,78.0,14,78,1.15,333,High,True,2026-06-29,2026-09-11T01:25:48+02:00
46008408,Moosach,Private room,175.0,2,11,0.43,266,High,True,2026-06-29,2026-09-11T01:25:48+02:00
46017222,Ludwigsvorstadt-Isarvorstadt,Entire home/apt,540.0,1,13,0.55,288,High,True,2026-06-29,2026-09-11T01:25:48+02:00
46018189,Ludwigsvorstadt-Isarvorstadt,Private room,315.0,1,3,0.14,360,High,True,2026-06-29,2026-09-11T01:25:48+02:00
46018348,Ludwigsvorstadt-Isarvorstadt,Entire home/apt,315.0,1,53,1.05,350,High,True,2026-06-29,2026-09-11T01:25:48+02:00
46018507,Ludwigsvorstadt-Isarvorstadt,Entire home/apt,270.0,1,20,0.44,349,High,True,2026-06-29,2026-09-11T01:25:48+02:00
46018708,Ludwigsvorstadt-Isarvorstadt,Entire home/apt,270.0,1,24,0.52,354,High,True,2026-06-29,2026-09-11T01:25:48+02:00
46018792,Ludwigsvorstadt-Isarvorstadt,Entire home/apt,405.0,1,25,1.04,283,High,True,2026-06-29,2026-09-11T01:25:48+02:00
46059066,Ludwigsvorstadt-Isarvorstadt,Entire home/apt,233.0,3,85,1.43,153,Medium,True,2026-06-29,2026-09-11T01:25:48+02:00
46152648,Moosach,Entire home/apt,55.0,1,66,1.16,258,High,True,2026-06-29,2026-09-11T01:25:48+02:00
46185956,Altstadt-Lehel,Entire home/apt,416.0,1,337,5.06,138,Medium,True,2026-06-29,2026-09-11T01:25:48+02:00
46196486,Ludwigsvorstadt-Isarvorstadt,Entire home/apt,60.0,3,6,0.09,4,Low,True,2026-06-29,2026-09-11T01:25:48+02:00
46479716,Au-Haidhausen,Entire home/apt,211.0,10,5,0.1,145,Medium,True,2026-06-29,2026-09-11T01:25:48+02:00
46500636,Pasing-Obermenzing,Entire home/apt,72.0,5,15,0.23,315,High,True,2026-06-29,2026-09-11T01:25:48+02:00
46501116,Schwabing-West,Entire home/apt,158.0,1,107,1.59,13,Low,True,2026-06-29,2026-09-11T01:25:48+02:00
46632415,Berg am Laim,Private room,75.0,2,12,0.26,361,High,True,2026-06-29,2026-09-11T01:25:48+02:00
46651624,Neuhausen-Nymphenburg,Entire home/apt,628.0,1,258,3.81,302,High,True,2026-06-29,2026-09-11T01:25:48+02:00
46671407,Altstadt-Lehel,Private room,203.0,10,7,0.12,343,High,True,2026-06-29,2026-09-11T01:25:48+02:00
46853436,Schwanthalerhöhe,Entire home/apt,90.0,6,0,0.0,222,High,False,2026-06-29,2026-09-11T01:25:48+02:00
46858868,Untergiesing-Harlaching,Entire home/apt,56.0,20,0,0.0,89,Medium,False,2026-06-29,2026-09-11T01:25:48+02:00
46863158,Tudering-Riem,Entire home/apt,92.0,1,8,0.12,12,Low,True,2026-06-29,2026-09-11T01:25:48+02:00
46913713,Sendling-Westpark,Entire home/apt,9.0,180,0,0.0,275,High,False,2026-06-29,2026-09-11T01:25:48+02:00
46957370,Ludwigsvorstadt-Isarvorstadt,Entire home/apt,84.0,14,8,0.13,330,High,True,2026-06-29,2026-09-11T01:25:48+02:00
47188283,Neuhausen-Nymphenburg,Entire home/apt,6.0,180,0,0.0,180,Medium,False,2026-06-29,2026-09-11T01:25:48+02:00
47514598,Laim,Entire home/apt,350.0,2,26,0.57,109,Medium,True,2026-06-29,2026-09-11T01:25:48+02:00
47714960,Ludwigsvorstadt-Isarvorstadt,Entire home/apt,248.0,1,26,0.4,25,Low,True,2026-06-29,2026-09-11T01:25:48+02:00
47867980,Ludwigsvorstadt-Isarvorstadt,Entire home/apt,183.0,1,295,4.49,110,Medium,True,2026-06-29,2026-09-11T01:25:48+02:00
47900822,Schwanthalerhöhe,Entire home/apt,662.0,2,18,0.73,345,High,True,2026-06-29,2026-09-11T01:25:48+02:00
48038492,Ludwigsvorstadt-Isarvorstadt,Entire home/apt,180.0,1,2781,44.1,343,High,True,2026-06-29,2026-09-11T01:25:48+02:00
48038552,Ludwigsvorstadt-Isarvorstadt,Entire home/apt,390.0,1,41,0.66,352,High,True,2026-06-29,2026-09-11T01:25:48+02:00
48038730,Ludwigsvorstadt-Isarvorstadt,Entire home/apt,167.0,1,33,0.71,194,High,True,2026-06-29,2026-09-11T01:25:48+02:00
48038797,Ludwigsvorstadt-Isarvorstadt,Entire home/apt,445.0,1,1,0.09,343,High,True,2026-06-29,2026-09-11T01:25:48+02:00
48077576,Schwabing-West,Entire home/apt,206.0,3,25,0.4,27,Low,True,2026-06-29,2026-09-11T01:25:48+02:00
48128355,Moosach,Entire home/apt,109.0,1,116,1.89,289,High,True,2026-06-29,2026-09-11T01:25:48+02:00
48142001,Moosach,Entire home/apt,121.0,1,121,2.18,292,High,True,2026-06-29,2026-09-11T01:25:48+02:00
48142596,Thalkirchen-Obersendling-Forstenried-Fürstenried-Solln,Entire home/apt,226.0,1,24,0.55,357,High,True,2026-06-29,2026-09-11T01:25:48+02:00
48142618,Thalkirchen-Obersendling-Forstenried-Fürstenried-Solln,Entire home/apt,189.0,1,854,16.9,357,High,True,2026-06-29,2026-09-11T01:25:48+02:00
48142852,Thalkirchen-Obersendling-Forstenried-Fürstenried-Solln,Entire home/apt,274.0,1,664,12.99,360,High,True,2026-06-29,2026-09-11T01:25:48+02:00
48142883,Thalkirchen-Obersendling-Forstenried-Fürstenried-Solln,Entire home/apt,211.0,1,84,1.65,336,High,True,2026-06-29,2026-09-11T01:25:48+02:00
48142885,Thalkirchen-Obersendling-Forstenried-Fürstenried-Solln,Entire home/apt,311.0,1,24,0.56,327,High,True,2026-06-29,2026-09-11T01:25:48+02:00
48276071,Tudering-Riem,Entire home/apt,44.0,45,14,0.24,280,High,True,2026-06-29,2026-09-11T01:25:48+02:00
48324716,Ludwigsvorstadt-Isarvorstadt,Entire home/apt,235.0,1,282,4.36,118,Medium,True,2026-06-29,2026-09-11T01:25:48+02:00
48354952,Sendling,Entire home/apt,368.0,1,10,0.17,130,Medium,True,2026-06-29,2026-09-11T01:25:48+02:00
48458370,Laim,Entire home/apt,290.0,2,170,3.28,258,High,True,2026-06-29,2026-09-11T01:25:48+02:00
48561630,Pasing-Obermenzing,Entire home/apt,213.0,2,47,0.87,346,High,True,2026-06-29,2026-09-11T01:25:48+02:00
48651893,Hadern,Private room,128.0,1,22,0.37,266,High,True,2026-06-29,2026-09-11T01:25:48+02:00
48695865,Ramersdorf-Perlach,Entire home/apt,140.0,1,10,0.16,354,High,True,2026-06-29,2026-09-11T01:25:48+02:00
48707270,Schwabing-Freimann,Entire home/apt,165.0,1,114,1.77,222,High,True,2026-06-29,2026-09-11T01:25:48+02:00
48711982,Ludwigsvorstadt-Isarvorstadt,Private room,144.0,1,14,0.24,321,High,True,2026-06-29,2026-09-11T01:25:48+02:00
48732688,Au-Haidhausen,Private room,112.0,2,86,1.35,2,Low,True,2026-06-29,2026-09-11T01:25:48+02:00
48761022,Ludwigsvorstadt-Isarvorstadt,Entire home/apt,769.0,4,23,0.39,283,High,True,2026-06-29,2026-09-11T01:25:48+02:00
48927082,Schwabing-West,Entire home/apt,93.0,30,7,0.11,127,Medium,True,2026-06-29,2026-09-11T01:25:48+02:00
49122824,Maxvorstadt,Entire home/apt,136.0,1,39,0.65,246,High,True,2026-06-29,2026-09-11T01:25:48+02:00
49187366,Ludwigsvorstadt-Isarvorstadt,Private room,413.0,1,7,0.13,269,High,True,2026-06-29,2026-09-11T01:25:48+02:00
49187678,Ludwigsvorstadt-Isarvorstadt,Private room,375.0,1,0,0.0,296,High,False,2026-06-29,2026-09-11T01:25:48+02:00
49187875,Ludwigsvorstadt-Isarvorstadt,Private room,350.0,1,0,0.0,264,High,False,2026-06-29,2026-09-11T01:25:48+02:00
49188012,Ludwigsvorstadt-Isarvorstadt,Private room,240.0,1,25,0.46,290,High,True,2026-06-29,2026-09-11T01:25:48+02:00
49188188,Ludwigsvorstadt-Isarvorstadt,Private room,184.0,1,0,0.0,300,High,False,2026-06-29,2026-09-11T01:25:48+02:00
49188375,Ludwigsvorstadt-Isarvorstadt,Private room,240.0,1,6,0.11,279,High,True,2026-06-29,2026-09-11T01:25:48+02:00
49188452,Ludwigsvorstadt-Isarvorstadt,Private room,210.0,1,1,0.02,310,High,True,2026-06-29,2026-09-11T01:25:48+02:00
49188546,Ludwigsvorstadt-Isarvorstadt,Private room,192.0,1,4,0.08,300,High,True,2026-06-29,2026-09-11T01:25:48+02:00
49188633,Ludwigsvorstadt-Isarvorstadt,Private room,144.0,1,2,0.03,292,High,True,2026-06-29,2026-09-11T01:25:48+02:00
49207253,Laim,Entire home/apt,69.0,2,11,0.17,26,Low,True,2026-06-29,2026-09-11T01:25:48+02:00
49286950,Thalkirchen-Obersendling-Forstenried-Fürstenried-Solln,Entire home/apt,101.0,1,0,0.0,336,High,False,2026-06-29,2026-09-11T01:25:48+02:00
49489760,Au-Haidhausen,Entire home/apt,131.0,13,10,0.27,176,Medium,True,2026-06-29,2026-09-11T01:25:48+02:00
49520770,Feldmoching-Hasenbergl,Private room,37.0,3,1,0.02,119,Medium,True,2026-06-29,2026-09-11T01:25:48+02:00
49599683,Milbertshofen-Am Hart,Entire home/apt,311.0,2,28,0.45,21,Low,True,2026-06-29,2026-09-11T01:25:48+02:00
49731325,Thalkirchen-Obersendling-Forstenried-Fürstenried-Solln,Entire home/apt,129.0,1,101,1.63,286,High,True,2026-06-29,2026-09-11T01:25:48+02:00
49746091,Moosach,Entire home/apt,94.0,1,2,0.15,249,High,True,2026-06-29,2026-09-11T01:25:48+02:00
49746415,Moosach,Entire home/apt,118.0,1,1,0.05,228,High,True,2026-06-29,2026-09-11T01:25:48+02:00
49846031,Ludwigsvorstadt-Isarvorstadt,Entire home/apt,334.0,4,22,0.38,47,Medium,True,2026-06-29,2026-09-11T01:25:48+02:00
49872391,Ludwigsvorstadt-Isarvorstadt,Private room,182.0,1,51,0.84,274,High,True,2026-06-29,2026-09-11T01:25:48+02:00
49872983,Ludwigsvorstadt-Isarvorstadt,Private room,192.0,1,92,1.54,292,High,True,2026-06-29,2026-09-11T01:25:48+02:00
49873252,Ludwigsvorstadt-Isarvorstadt,Private room,196.0,1,31,0.51,258,High,True,2026-06-29,2026-09-11T01:25:48+02:00
49873368,Ludwigsvorstadt-Isarvorstadt,Private room,264.0,1,82,1.35,233,High,True,2026-06-29,2026-09-11T01:25:48+02:00
49873685,Ludwigsvorstadt-Isarvorstadt,Private room,237.0,1,120,1.99,289,High,True,2026-06-29,2026-09-11T01:25:48+02:00
49873819,Ludwigsvorstadt-Isarvorstadt,Private room,281.0,1,50,0.83,226,High,True,2026-06-29,2026-09-11T01:25:48+02:00
49874015,Ludwigsvorstadt-Isarvorstadt,Private room,326.0,1,205,3.4,291,High,True,2026-06-29,2026-09-11T01:25:48+02:00
50026145,Bogenhausen,Entire home/apt,109.0,3,3,0.06,9,Low,True,2026-06-29,2026-09-11T01:25:48+02:00
50081202,Pasing-Obermenzing,Entire home/apt,210.0,4,12,0.54,19,Low,True,2026-06-29,2026-09-11T01:25:48+02:00
50098116,Maxvorstadt,Private room,104.0,1,7,0.15,153,Medium,True,2026-06-29,2026-09-11T01:25:48+02:00
50144061,Milbertshofen-Am Hart,Private room,85.0,1,133,2.18,350,High,True,2026-06-29,2026-09-11T01:25:48+02:00
50219998,Ludwigsvorstadt-Isarvorstadt,Entire home/apt,146.0,1,13,0.21,11,Low,True,2026-06-29,2026-09-11T01:25:48+02:00
50253250,Au-Haidhausen,Entire home/apt,208.0,2,51,0.84,87,Medium,True,2026-06-29,2026-09-11T01:25:48+02:00
50265732,Maxvorstadt,Entire home/apt,133.0,3,78,1.3,273,High,True,2026-06-29,2026-09-11T01:25:48+02:00
50277786,Au-Haidhausen,Private room,135.0,1,108,1.76,64,Medium,True,2026-06-29,2026-09-11T01:25:48+02:00
50278841,Untergiesing-Harlaching,Private room,61.0,4,66,1.09,187,High,True,2026-06-29,2026-09-11T01:25:48+02:00
50305670,Ludwigsvorstadt-Isarvorstadt,Entire home/apt,127.0,1,57,0.93,11,Low,True,2026-06-29,2026-09-11T01:25:48+02:00
50317859,Milbertshofen-Am Hart,Entire home/apt,235.0,1,81,1.4,78,Medium,True,2026-06-29,2026-09-11T01:25:48+02:00
50318161,Tudering-Riem,Private room,95.0,2,90,1.49,278,High,True,2026-06-29,2026-09-11T01:25:48+02:00
50369314,Neuhausen-Nymphenburg,Private room,266.0,1,37,0.61,157,Medium,True,2026-06-29,2026-09-11T01:25:48+02:00
50407308,Neuhausen-Nymphenburg,Private room,259.0,1,19,0.41,142,Medium,True,2026-06-29,2026-09-11T01:25:48+02:00
50466456,Schwabing-West,Entire home/apt,252.0,3,64,1.07,166,Medium,True,2026-06-29,2026-09-11T01:25:48+02:00
50560868,Maxvorstadt,Private room,300.0,1,42,0.84,283,High,True,2026-06-29,2026-09-11T01:25:48+02:00
50561204,Maxvorstadt,Private room,318.0,1,39,0.79,297,High,True,2026-06-29,2026-09-11T01:25:48+02:00
50561444,Maxvorstadt,Entire home/apt,421.0,1,132,2.66,246,High,True,2026-06-29,2026-09-11T01:25:48+02:00
50561722,Maxvorstadt,Private room,444.0,1,35,0.75,304,High,True,2026-06-29,2026-09-11T01:25:48+02:00
50605321,Sendling-Westpark,Entire home/apt,247.0,3,30,0.5,55,Medium,True,2026-06-29,2026-09-11T01:25:48+02:00
50751481,Schwabing-Freimann,Entire home/apt,172.0,10,31,0.52,15,Low,True,2026-06-29,2026-09-11T01:25:48+02:00
50827929,Altstadt-Lehel,Private room,103.0,1,190,3.19,315,High,True,2026-06-29,2026-09-11T01:25:48+02:00
50836484,Ludwigsvorstadt-Isarvorstadt,Private room,225.0,1,49,0.85,337,High,True,2026-06-29,2026-09-11T01:25:48+02:00
50836673,Ludwigsvorstadt-Isarvorstadt,Private room,354.0,1,28,0.49,331,High,True,2026-06-29,2026-09-11T01:25:48+02:00
50839889,Neuhausen-Nymphenburg,Private room,246.0,1,16,0.29,178,Medium,True,2026-06-29,2026-09-11T01:25:48+02:00
50863271,Ludwigsvorstadt-Isarvorstadt,Entire home/apt,112.0,1,42,0.7,13,Low,True,2026-06-29,2026-09-11T01:25:48+02:00
50951735,Ludwigsvorstadt-Isarvorstadt,Private room,159.0,1,58,0.97,243,High,True,2026-06-29,2026-09-11T01:25:48+02:00
50977241,Schwanthalerhöhe,Entire home/apt,594.0,1,127,2.13,16,Low,True,2026-06-29,2026-09-11T01:25:48+02:00
51037534,Aubing-Lochhausen-Langwied,Private room,57.0,14,16,0.27,292,High,True,2026-06-29,2026-09-11T01:25:48+02:00
51058679,Hadern,Private room,16.0,11,0,0.0,151,Medium,False,2026-06-29,2026-09-11T01:25:48+02:00
51081321,Ramersdorf-Perlach,Entire home/apt,11.0,180,13,0.35,303,High,True,2026-06-29,2026-09-11T01:25:48+02:00
51286077,Sendling,Private room,75.0,1,158,3.23,134,Medium,True,2026-06-29,2026-09-11T01:25:48+02:00
51336791,Au-Haidhausen,Entire home/apt,199.0,2,30,0.52,310,High,True,2026-06-29,2026-09-11T01:25:48+02:00
51364235,Schwabing-West,Entire home/apt,237.0,3,55,0.93,235,High,True,2026-06-29,2026-09-11T01:25:48+02:00
51390863,Obergiesing,Private room,43.0,22,9,0.15,319,High,True,2026-06-29,2026-09-11T01:25:48+02:00
51396953,Sendling-Westpark,Private room,94.0,1,81,1.36,18,Low,True,2026-06-29,2026-09-11T01:25:48+02:00
51441593,Tudering-Riem,Private room,142.0,1,41,0.92,25,Low,True,2026-06-29,2026-09-11T01:25:48+02:00
51452413,Bogenhausen,Entire home/apt,196.0,2,59,1.26,187,High,True,2026-06-29,2026-09-11T01:25:48+02:00
51496838,Tudering-Riem,Entire home/apt,97.0,1,12,0.2,125,Medium,True,2026-06-29,2026-09-11T01:25:48+02:00
51553423,Maxvorstadt,Private room,115.0,2,48,1.04,56,Medium,True,2026-06-29,2026-09-11T01:25:48+02:00
51577740,Milbertshofen-Am Hart,Entire home/apt,143.0,1,12,0.81,340,High,True,2026-06-29,2026-09-11T01:25:48+02:00
51700993,Laim,Private room,57.0,1,16,0.27,28,Low,True,2026-06-29,2026-09-11T01:25:48+02:00
51738160,Ludwigsvorstadt-Isarvorstadt,Entire home/apt,144.0,2,56,0.96,153,Medium,True,2026-06-29,2026-09-11T01:25:48+02:00
51799819,Neuhausen-Nymphenburg,Entire home/apt,124.0,2,83,1.75,269,High,True,2026-06-29,2026-09-11T01:25:48+02:00
51895527,Milbertshofen-Am Hart,Private room,101.0,2,4,0.07,169,Medium,True,2026-06-29,2026-09-11T01:25:48+02:00
51936792,Allach-Untermenzing,Entire home/apt,11.0,180,1,0.02,182,High,True,2026-06-29,2026-09-11T01:25:48+02:00
52141450,Altstadt-Lehel,Private room,99.0,1,223,3.93,44,Medium,True,2026-06-29,2026-09-11T01:25:48+02:00
52141999,Altstadt-Lehel,Private room,119.0,1,16,0.33,49,Medium,True,2026-06-29,2026-09-11T01:25:48+02:00
52142260,Altstadt-Lehel,Private room,299.0,1,135,2.38,35,Medium,True,2026-06-29,2026-09-11T01:25:48+02:00
52157344,Ludwigsvorstadt-Isarvorstadt,Entire home/apt,192.0,1,4,0.07,359,High,True,2026-06-29,2026-09-11T01:25:48+02:00
52292348,Altstadt-Lehel,Private room,128.0,1,66,1.34,56,Medium,True,2026-06-29,2026-09-11T01:25:48+02:00
52292896,Altstadt-Lehel,Private room,92.0,1,61,1.17,54,Medium,True,2026-06-29,2026-09-11T01:25:48+02:00
52293018,Altstadt-Lehel,Private room,139.0,1,0,0.0,55,Medium,False,2026-06-29,2026-09-11T01:25:48+02:00
52293182,Altstadt-Lehel,Private room,147.0,1,8,0.16,51,Medium,True,2026-06-29,2026-09-11T01:25:48+02:00
52293350,Altstadt-Lehel,Private room,174.0,1,4,0.1,56,Medium,True,2026-06-29,2026-09-11T01:25:48+02:00
52361667,Laim,Private room,250.0,1,1,0.07,365,High,True,2026-06-29,2026-09-11T01:25:48+02:00
52396615,Altstadt-Lehel,Entire home/apt,834.0,2,10,0.18,17,Low,True,2026-06-29,2026-09-11T01:25:48+02:00
52413181,Tudering-Riem,Private room,37.0,21,0,0.0,334,High,False,2026-06-29,2026-09-11T01:25:48+02:00
52560628,Obergiesing,Entire home/apt,76.0,10,10,0.18,57,Medium,True,2026-06-29,2026-09-11T01:25:48+02:00
52590648,Ramersdorf-Perlach,Private room,84.0,2,40,0.7,197,High,True,2026-06-29,2026-09-11T01:25:48+02:00
52591075,Laim,Private room,105.0,1,34,0.69,266,High,True,2026-06-29,2026-09-11T01:25:48+02:00
52666891,Sendling,Entire home/apt,166.0,1,33,0.58,5,Low,True,2026-06-29,2026-09-11T01:25:48+02:00
52732156,Berg am Laim,Private room,92.0,2,50,0.89,56,Medium,True,2026-06-29,2026-09-11T01:25:48+02:00
52766269,Schwabing-West,Private room,50.0,1,36,0.64,197,High,True,2026-06-29,2026-09-11T01:25:48+02:00
52801383,Altstadt-Lehel,Entire home/apt,789.0,2,13,0.23,11,Low,True,2026-06-29,2026-09-11T01:25:48+02:00
52808099,Thalkirchen-Obersendling-Forstenried-Fürstenried-Solln,Private room,73.0,1,99,1.73,2,Low,True,2026-06-29,2026-09-11T01:25:48+02:00
52823628,Schwabing-West,Entire home/apt,260.0,5,97,1.89,129,Medium,True,2026-06-29,2026-09-11T01:25:48+02:00
52837699,Ramersdorf-Perlach,Entire home/apt,103.0,4,0,0.0,274,High,False,2026-06-29,2026-09-11T01:25:48+02:00
52840109,Schwabing-West,Entire home/apt,800.0,3,2,0.08,16,Low,True,2026-06-29,2026-09-11T01:25:48+02:00
53004292,Schwanthalerhöhe,Entire home/apt,211.0,3,19,0.34,88,Medium,True,2026-06-29,2026-09-11T01:25:48+02:00
53100572,Thalkirchen-Obersendling-Forstenried-Fürstenried-Solln,Entire home/apt,159.0,1,563,10.21,269,High,True,2026-06-29,2026-09-11T01:25:48+02:00
53100610,Thalkirchen-Obersendling-Forstenried-Fürstenried-Solln,Entire home/apt,176.0,1,1,0.61,243,High,True,2026-06-29,2026-09-11T01:25:48+02:00
53100634,Thalkirchen-Obersendling-Forstenried-Fürstenried-Solln,Private room,299.0,1,44,0.99,182,High,True,2026-06-29,2026-09-11T01:25:48+02:00
53120985,Schwanthalerhöhe,Entire home/apt,300.0,2,21,0.38,114,Medium,True,2026-06-29,2026-09-11T01:25:48+02:00
53138474,Ludwigsvorstadt-Isarvorstadt,Entire home/apt,138.0,2,126,2.91,48,Medium,True,2026-06-29,2026-09-11T01:25:48+02:00
53141511,Neuhausen-Nymphenburg,Entire home/apt,100.0,3,0,0.0,300,High,False,2026-06-29,2026-09-11T01:25:48+02:00
53143867,Altstadt-Lehel,Entire home/apt,636.0,2,192,3.43,235,High,True,2026-06-29,2026-09-11T01:25:48+02:00
53169794,Altstadt-Lehel,Entire home/apt,82.0,30,0,0.0,301,High,False,2026-06-29,2026-09-11T01:25:48+02:00
53208131,Sendling-Westpark,Private room,80.0,1,83,1.48,17,Low,True,2026-06-29,2026-09-11T01:25:48+02:00
53276822,Pasing-Obermenzing,Private room,107.0,2,7,0.15,196,High,True,2026-06-29,2026-09-11T01:25:48+02:00
53287771,Obergiesing,Entire home/apt,98.0,1,67,1.21,359,High,True,2026-06-29,2026-09-11T01:25:48+02:00
53308158,Sendling,Entire home/apt,252.0,1,42,0.76,336,High,True,2026-06-29,2026-09-11T01:25:48+02:00
53310951,Obergiesing,Entire home/apt,103.0,1,87,1.57,359,High,True,2026-06-29,2026-09-11T01:25:48+02:00
53310968,Obergiesing,Entire home/apt,108.0,1,23,0.42,346,High,True,2026-06-29,2026-09-11T01:25:48+02:00
53310983,Obergiesing,Entire home/apt,96.0,1,60,1.08,347,High,True,2026-06-29,2026-09-11T01:25:48+02:00
53322131,Sendling,Entire home/apt,119.0,1,72,1.32,360,High,True,2026-06-29,2026-09-11T01:25:48+02:00
53327008,Sendling,Entire home/apt,107.0,1,73,1.32,358,High,True,2026-06-29,2026-09-11T01:25:48+02:00
53391485,Sendling,Entire home/apt,123.0,1,74,1.34,324,High,True,2026-06-29,2026-09-11T01:25:48+02:00
53408942,Moosach,Private room,102.0,1,4,0.43,359,High,True,2026-06-29,2026-09-11T01:25:48+02:00
53442604,Neuhausen-Nymphenburg,Entire home/apt,192.0,28,1,0.08,41,Medium,True,2026-06-29,2026-09-11T01:25:48+02:00
53485694,Obergiesing,Private room,260.0,1,5,0.22,177,Medium,True,2026-06-29,2026-09-11T01:25:48+02:00
53564663,Neuhausen-Nymphenburg,Entire home/apt,96.0,2,0,0.0,335,High,False,2026-06-29,2026-09-11T01:25:48+02:00
53607649,Bogenhausen,Entire home/apt,379.0,1,20,0.37,26,Low,True,2026-06-29,2026-09-11T01:25:48+02:00
53641383,Neuhausen-Nymphenburg,Entire home/apt,140.0,1,3,0.06,57,Medium,True,2026-06-29,2026-09-11T01:25:48+02:00
53644055,Laim,Entire home/apt,658.0,2,11,0.24,161,Medium,True,2026-06-29,2026-09-11T01:25:48+02:00
53730282,Ludwigsvorstadt-Isarvorstadt,Private room,59.0,28,8,0.16,123,Medium,True,2026-06-29,2026-09-11T01:25:48+02:00
53730521,Ludwigsvorstadt-Isarvorstadt,Private room,61.0,21,6,0.13,302,High,True,2026-06-29,2026-09-11T01:25:48+02:00
578060223913513005,Ludwigsvorstadt-Isarvorstadt,Entire home/apt,200.0,1,127,2.49,226,High,True,2026-06-29,2026-09-11T01:25:48+02:00
53732989,Thalkirchen-Obersendling-Forstenried-Fürstenried-Solln,Entire home/apt,183.0,1,195,3.83,350,High,True,2026-06-29,2026-09-11T01:25:48+02:00
53747279,Ramersdorf-Perlach,Entire home/apt,93.0,25,22,0.4,254,High,True,2026-06-29,2026-09-11T01:25:48+02:00
53777502,Thalkirchen-Obersendling-Forstenried-Fürstenried-Solln,Entire home/apt,320.0,3,7,0.14,90,Medium,True,2026-06-29,2026-09-11T01:25:48+02:00
53853951,Pasing-Obermenzing,Private room,95.0,5,8,0.16,344,High,True,2026-06-29,2026-09-11T01:25:48+02:00
53912168,Schwanthalerhöhe,Entire home/apt,202.0,2,35,1.41,27,Low,True,2026-06-29,2026-09-11T01:25:48+02:00
53932094,Ludwigsvorstadt-Isarvorstadt,Entire home/apt,153.0,1,82,1.5,13,Low,True,2026-06-29,2026-09-11T01:25:48+02:00
53933241,Ludwigsvorstadt-Isarvorstadt,Private room,57.0,28,7,0.14,94,Medium,True,2026-06-29,2026-09-11T01:25:48+02:00
53944836,Neuhausen-Nymphenburg,Entire home/apt,150.0,4,120,2.31,191,High,True,2026-06-29,2026-09-11T01:25:48+02:00
54013065,Sendling-Westpark,Entire home/apt,94.0,1,156,2.91,61,Medium,True,2026-06-29,2026-09-11T01:25:48+02:00
54016636,Ludwigsvorstadt-Isarvorstadt,Private room,158.0,1,14,0.27,261,High,True,2026-06-29,2026-09-11T01:25:48+02:00
54030960,Sendling,Entire home/apt,104.0,26,10,0.19,317,High,True,2026-06-29,2026-09-11T01:25:48+02:00
54105887,Ramersdorf-Perlach,Entire home/apt,73.0,14,30,0.56,170,Medium,True,2026-06-29,2026-09-11T01:25:48+02:00
54116929,Obergiesing,Entire home/apt,87.0,20,9,0.17,85,Medium,True,2026-06-29,2026-09-11T01:25:48+02:00
54152630,Ludwigsvorstadt-Isarvorstadt,Entire home/apt,63.0,28,4,0.09,296,High,True,2026-06-29,2026-09-11T01:25:48+02:00
54165229,Bogenhausen,Entire home/apt,148.0,2,16,0.65,174,Medium,True,2026-06-29,2026-09-11T01:25:48+02:00
54178180,Ludwigsvorstadt-Isarvorstadt,Private room,210.0,1,0,0.0,261,High,False,2026-06-29,2026-09-11T01:25:48+02:00
54178767,Ludwigsvorstadt-Isarvorstadt,Private room,160.0,1,1,0.02,274,High,True,2026-06-29,2026-09-11T01:25:48+02:00
54178975,Ludwigsvorstadt-Isarvorstadt,Private room,169.0,1,0,0.0,292,High,False,2026-06-29,2026-09-11T01:25:48+02:00
54179153,Ludwigsvorstadt-Isarvorstadt,Private room,235.0,1,0,0.0,300,High,False,2026-06-29,2026-09-11T01:25:48+02:00
54179385,Ludwigsvorstadt-Isarvorstadt,Private room,276.0,1,0,0.0,279,High,False,2026-06-29,2026-09-11T01:25:48+02:00
54179540,Ludwigsvorstadt-Isarvorstadt,Private room,301.0,1,0,0.0,290,High,False,2026-06-29,2026-09-11T01:25:48+02:00
54179717,Ludwigsvorstadt-Isarvorstadt,Private room,269.0,1,0,0.0,310,High,False,2026-06-29,2026-09-11T01:25:48+02:00
54179821,Ludwigsvorstadt-Isarvorstadt,Private room,211.0,1,0,0.0,300,High,False,2026-06-29,2026-09-11T01:25:48+02:00
54180056,Ludwigsvorstadt-Isarvorstadt,Private room,529.0,1,0,0.0,269,High,False,2026-06-29,2026-09-11T01:25:48+02:00
54180161,Ludwigsvorstadt-Isarvorstadt,Private room,404.0,1,0,0.0,264,High,False,2026-06-29,2026-09-11T01:25:48+02:00
54237579,Ludwigsvorstadt-Isarvorstadt,Private room,93.0,1,25,0.47,155,Medium,True,2026-06-29,2026-09-11T01:25:48+02:00
54289883,Bogenhausen,Entire home/apt,115.0,4,0,0.0,310,High,False,2026-06-29,2026-09-11T01:25:48+02:00
54333532,Bogenhausen,Entire home/apt,130.0,4,41,0.8,43,Medium,True,2026-06-29,2026-09-11T01:25:48+02:00
54343071,Obergiesing,Private room,109.0,1,37,1.02,111,Medium,True,2026-06-29,2026-09-11T01:25:48+02:00
54347693,Ramersdorf-Perlach,Private room,130.0,1,37,0.75,343,High,True,2026-06-29,2026-09-11T01:25:48+02:00
54352909,Moosach,Entire home/apt,100.0,1,50,0.93,286,High,True,2026-06-29,2026-09-11T01:25:48+02:00
54363526,Moosach,Entire home/apt,129.0,1,6,0.13,283,High,True,2026-06-29,2026-09-11T01:25:48+02:00
512180705246147427,Tudering-Riem,Private room,46.0,21,0,0.0,276,High,False,2026-06-29,2026-09-11T01:25:48+02:00
537488118145133694,Ludwigsvorstadt-Isarvorstadt,Private room,137.0,1,30,0.56,119,Medium,True,2026-06-29,2026-09-11T01:25:48+02:00
548360084175142009,Thalkirchen-Obersendling-Forstenried-Fürstenried-Solln,Entire home/apt,264.0,1,14,0.37,354,High,True,2026-06-29,2026-09-11T01:25:48+02:00
548390539359180723,Schwabing-West,Entire home/apt,7.0,240,0,0.0,365,High,False,2026-06-29,2026-09-11T01:25:48+02:00
558770988287860687,Bogenhausen,Private room,120.0,4,0,0.0,364,High,False,2026-06-29,2026-09-11T01:25:48+02:00
559383437015173348,Obergiesing,Private room,79.0,3,60,1.13,46,Medium,True,2026-06-29,2026-09-11T01:25:48+02:00
562811443013705157,Obergiesing,Private room,88.0,1,238,4.56,343,High,True,2026-06-29,2026-09-11T01:25:48+02:00
563615263522802173,Untergiesing-Harlaching,Entire home/apt,194.0,7,6,0.13,158,Medium,True,2026-06-29,2026-09-11T01:25:48+02:00
564872281313688822,Maxvorstadt,Entire home/apt,92.0,10,7,0.13,252,High,True,2026-06-29,2026-09-11T01:25:48+02:00
565069134749042939,Ludwigsvorstadt-Isarvorstadt,Entire home/apt,382.0,1,123,2.67,181,High,True,2026-06-29,2026-09-11T01:25:48+02:00
565148435260261648,Ludwigsvorstadt-Isarvorstadt,Entire home/apt,280.0,1,131,2.48,10,Low,True,2026-06-29,2026-09-11T01:25:48+02:00
566278327673262838,Maxvorstadt,Entire home/apt,412.0,1,96,2.07,171,Medium,True,2026-06-29,2026-09-11T01:25:48+02:00
567389345274342834,Obergiesing,Private room,116.0,2,8,0.24,241,High,True,2026-06-29,2026-09-11T01:25:48+02:00
569316432979654002,Pasing-Obermenzing,Private room,91.0,5,1,0.05,358,High,True,2026-06-29,2026-09-11T01:25:48+02:00
569411791929106557,Laim,Entire home/apt,107.0,14,2,0.08,95,Medium,True,2026-06-29,2026-09-11T01:25:48+02:00
570112533741382280,Neuhausen-Nymphenburg,Entire home/apt,249.0,1,256,4.87,344,High,True,2026-06-29,2026-09-11T01:25:48+02:00
571503186354619249,Neuhausen-Nymphenburg,Entire home/apt,597.0,3,65,1.29,48,Medium,True,2026-06-29,2026-09-11T01:25:48+02:00
571612771693772450,Sendling-Westpark,Entire home/apt,135.0,2,21,0.69,81,Medium,True,2026-06-29,2026-09-11T01:25:48+02:00
574361551287792827,Ramersdorf-Perlach,Private room,82.0,3,37,0.8,84,Medium,True,2026-06-29,2026-09-11T01:25:48+02:00
577162537802001304,Sendling-Westpark,Private room,77.0,1,13,0.25,334,High,True,2026-06-29,2026-09-11T01:25:48+02:00
578115417893039768,Ludwigsvorstadt-Isarvorstadt,Entire home/apt,250.0,3,25,0.59,19,Low,True,2026-06-29,2026-09-11T01:25:48+02:00
579830024865658337,Sendling-Westpark,Private room,550.0,1,0,0.0,365,High,False,2026-06-29,2026-09-11T01:25:48+02:00
580255648645094384,Laim,Entire home/apt,313.0,1,24,0.52,107,Medium,True,2026-06-29,2026-09-11T01:25:48+02:00
585470894169371759,Sendling-Westpark,Entire home/apt,185.0,21,1,0.02,358,High,True,2026-06-29,2026-09-11T01:25:48+02:00
587579749919567652,Obergiesing,Entire home/apt,104.0,2,12,0.45,223,High,True,2026-06-29,2026-09-11T01:25:48+02:00
588224296705272706,Sendling,Private room,106.0,1,106,2.35,2,Low,True,2026-06-29,2026-09-11T01:25:48+02:00
588357153425882216,Ludwigsvorstadt-Isarvorstadt,Entire home/apt,421.0,2,142,2.83,151,Medium,True,2026-06-29,2026-09-11T01:25:48+02:00
590436730348432253,Bogenhausen,Entire home/apt,68.0,1,22,0.43,117,Medium,True,2026-06-29,2026-09-11T01:25:48+02:00
591957992259591189,Laim,Private room,43.0,6,9,0.19,62,Medium,True,2026-06-29,2026-09-11T01:25:48+02:00
594008376655883856,Neuhausen-Nymphenburg,Entire home/apt,374.0,1,170,3.38,192,High,True,2026-06-29,2026-09-11T01:25:48+02:00
596047131791200539,Ludwigsvorstadt-Isarvorstadt,Entire home/apt,58.0,28,2,0.06,338,High,True,2026-06-29,2026-09-11T01:25:48+02:00
596047768098496121,Ludwigsvorstadt-Isarvorstadt,Entire home/apt,58.0,28,10,0.2,259,High,True,2026-06-29,2026-09-11T01:25:48+02:00
598105060825139785,Untergiesing-Harlaching,Entire home/apt,190.0,5,1,0.03,344,High,True,2026-06-29,2026-09-11T01:25:48+02:00
598458988194669392,Schwabing-West,Entire home/apt,14.0,180,7,0.14,267,High,True,2026-06-29,2026-09-11T01:25:48+02:00
600502056234369706,Obergiesing,Entire home/apt,322.0,2,0,0.0,341,High,False,2026-06-29,2026-09-11T01:25:48+02:00
601395918713976971,Schwabing-West,Private room,17.0,90,1,0.05,365,High,True,2026-06-29,2026-09-11T01:25:48+02:00
602133980245339931,Au-Haidhausen,Entire home/apt,166.0,2,35,0.74,141,Medium,True,2026-06-29,2026-09-11T01:25:48+02:00
603271920772579526,Hadern,Private room,264.0,2,95,1.95,73,Medium,True,2026-06-29,2026-09-11T01:25:48+02:00
604210636568243063,Aubing-Lochhausen-Langwied,Entire home/apt,100.0,5,13,0.26,259,High,True,2026-06-29,2026-09-11T01:25:48+02:00
604937049814744622,Neuhausen-Nymphenburg,Private room,61.0,1,172,3.36,65,Medium,True,2026-06-29,2026-09-11T01:25:48+02:00
606391035061973464,Sendling-Westpark,Entire home/apt,206.0,3,10,0.2,146,Medium,True,2026-06-29,2026-09-11T01:25:48+02:00
607044384590842280,Ludwigsvorstadt-Isarvorstadt,Entire home/apt,38.0,182,114,2.25,266,High,True,2026-06-29,2026-09-11T01:25:48+02:00
607208708749057215,Obergiesing,Private room,55.0,4,13,0.26,256,High,True,2026-06-29,2026-09-11T01:25:48+02:00
607724748492694457,Pasing-Obermenzing,Private room,107.0,1,29,0.62,1,Low,True,2026-06-29,2026-09-11T01:25:48+02:00
609134295224647219,Schwabing-West,Private room,20.0,90,6,0.12,365,High,True,2026-06-29,2026-09-11T01:25:48+02:00
610964368134388001,Tudering-Riem,Private room,147.0,2,4,0.27,363,High,True,2026-06-29,2026-09-11T01:25:48+02:00
612063565064615390,Tudering-Riem,Private room,136.0,1,25,0.53,268,High,True,2026-06-29,2026-09-11T01:25:48+02:00
613020591220661510,Sendling,Entire home/apt,261.0,2,26,0.56,238,High,True,2026-06-29,2026-09-11T01:25:48+02:00
613787499720392477,Au-Haidhausen,Entire home/apt,659.0,1,1,0.51,127,Medium,True,2026-06-29,2026-09-11T01:25:48+02:00
614145977592461090,Maxvorstadt,Entire home/apt,624.0,3,14,0.3,78,Medium,True,2026-06-29,2026-09-11T01:25:48+02:00
615258737023736417,Thalkirchen-Obersendling-Forstenried-Fürstenried-Solln,Private room,92.0,1,18,0.39,178,Medium,True,2026-06-29,2026-09-11T01:25:48+02:00
616307946510123733,Tudering-Riem,Private room,99.0,2,4,0.44,353,High,True,2026-06-29,2026-09-11T01:25:48+02:00
616557679781455297,Schwanthalerhöhe,Entire home/apt,120.0,2,24,1.08,52,Medium,True,2026-06-29,2026-09-11T01:25:48+02:00
617263324128322687,Tudering-Riem,Private room,120.0,1,17,0.34,108,Medium,True,2026-06-29,2026-09-11T01:25:48+02:00
618001486793926194,Ludwigsvorstadt-Isarvorstadt,Private room,118.0,1,46,1.99,57,Medium,True,2026-06-29,2026-09-11T01:25:48+02:00
618678086362290288,Sendling-Westpark,Entire home/apt,177.0,2,45,1.11,45,Medium,True,2026-06-29,2026-09-11T01:25:48+02:00
619465399740139813,Bogenhausen,Private room,83.0,30,137,2.72,202,High,True,2026-06-29,2026-09-11T01:25:48+02:00
619665058460527771,Ludwigsvorstadt-Isarvorstadt,Entire home/apt,555.0,1,28,0.56,303,High,True,2026-06-29,2026-09-11T01:25:48+02:00
620841822062021441,Bogenhausen,Entire home/apt,385.0,1,35,0.71,18,Low,True,2026-06-29,2026-09-11T01:25:48+02:00
621554404818454763,Maxvorstadt,Private room,163.0,1,79,1.61,20,Low,True,2026-06-29,2026-09-11T01:25:48+02:00
622386049266568255,Untergiesing-Harlaching,Entire home/apt,203.0,13,3,0.07,86,Medium,True,2026-06-29,2026-09-11T01:25:48+02:00
623963721992838175,Neuhausen-Nymphenburg,Private room,156.0,3,0,0.0,358,High,False,2026-06-29,2026-09-11T01:25:48+02:00
625836652071714887,Ramersdorf-Perlach,Entire home/apt,122.0,2,29,0.6,316,High,True,2026-06-29,2026-09-11T01:25:48+02:00
625838199883941505,Ramersdorf-Perlach,Entire home/apt,90.0,2,151,3.05,329,High,True,2026-06-29,2026-09-11T01:25:48+02:00
625839957237364688,Ramersdorf-Perlach,Entire home/apt,100.0,2,47,0.95,352,High,True,2026-06-29,2026-09-11T01:25:48+02:00
625841067467674022,Ramersdorf-Perlach,Entire home/apt,81.0,2,394,7.95,353,High,True,2026-06-29,2026-09-11T01:25:48+02:00
625841774684193666,Ramersdorf-Perlach,Entire home/apt,169.0,2,294,5.94,363,High,True,2026-06-29,2026-09-11T01:25:48+02:00
625843602851162888,Ramersdorf-Perlach,Entire home/apt,92.0,2,76,1.54,359,High,True,2026-06-29,2026-09-11T01:25:48+02:00
625963233596695814,Milbertshofen-Am Hart,Entire home/apt,450.0,1,0,0.0,362,High,False,2026-06-29,2026-09-11T01:25:48+02:00
627898666090203488,Ramersdorf-Perlach,Entire home/apt,140.0,2,64,1.44,250,High,True,2026-06-29,2026-09-11T01:25:48+02:00
629649833835346715,Thalkirchen-Obersendling-Forstenried-Fürstenried-Solln,Private room,65.0,2,40,0.87,204,High,True,2026-06-29,2026-09-11T01:25:48+02:00
630106977755573799,Allach-Untermenzing,Entire home/apt,190.0,1,0,0.0,133,Medium,False,2026-06-29,2026-09-11T01:25:48+02:00
631001835515578288,Thalkirchen-Obersendling-Forstenried-Fürstenried-Solln,Entire home/apt,180.0,1,5,0.11,358,High,True,2026-06-29,2026-09-11T01:25:48+02:00
631738737772834725,Laim,Entire home/apt,417.0,7,12,0.25,42,Medium,True,2026-06-29,2026-09-11T01:25:48+02:00
632612906357899523,Ludwigsvorstadt-Isarvorstadt,Entire home/apt,165.0,2,143,2.87,10,Low,True,2026-06-29,2026-09-11T01:25:48+02:00
633075110649397300,Schwanthalerhöhe,Entire home/apt,200.0,2,19,0.41,348,High,True,2026-06-29,2026-09-11T01:25:48+02:00
634483968249859660,Bogenhausen,Private room,62.0,1,145,3.03,335,High,True,2026-06-29,2026-09-11T01:25:48+02:00
635904152639441493,Sendling-Westpark,Private room,59.0,2,8,0.18,87,Medium,True,2026-06-29,2026-09-11T01:25:48+02:00
638055200106858218,Altstadt-Lehel,Entire home/apt,398.0,2,15,0.33,85,Medium,True,2026-06-29,2026-09-11T01:25:48+02:00
638216578651062262,Neuhausen-Nymphenburg,Private room,50.0,4,22,0.45,335,High,True,2026-06-29,2026-09-11T01:25:48+02:00
639020061145005956,Schwabing-West,Entire home/apt,380.0,2,0,0.0,263,High,False,2026-06-29,2026-09-11T01:25:48+02:00
639054627890156300,Neuhausen-Nymphenburg,Private room,182.0,4,5,0.1,18,Low,True,2026-06-29,2026-09-11T01:25:48+02:00
639077116548454902,Maxvorstadt,Entire home/apt,147.0,20,3,0.09,68,Medium,True,2026-06-29,2026-09-11T01:25:48+02:00
639573325293571834,Ludwigsvorstadt-Isarvorstadt,Entire home/apt,393.0,2,9,0.2,83,Medium,True,2026-06-29,2026-09-11T01:25:48+02:00
639776364358566361,Sendling,Entire home/apt,87.0,4,12,0.25,103,Medium,True,2026-06-29,2026-09-11T01:25:48+02:00
639919493009204114,Thalkirchen-Obersendling-Forstenried-Fürstenried-Solln,Private room,51.0,2,94,2.0,236,High,True,2026-06-29,2026-09-11T01:25:48+02:00
640367745831032271,Schwabing-West,Private room,67.0,5,12,0.24,12,Low,True,2026-06-29,2026-09-11T01:25:48+02:00
640963733727264669,Schwabing-Freimann,Entire home/apt,85.0,24,25,0.51,289,High,True,2026-06-29,2026-09-11T01:25:48+02:00
642367329537863181,Ludwigsvorstadt-Isarvorstadt,Entire home/apt,156.0,1,404,8.17,45,Medium,True,2026-06-29,2026-09-11T01:25:48+02:00
644614654180612564,Feldmoching-Hasenbergl,Entire home/apt,402.0,2,141,2.87,186,High,True,2026-06-29,2026-09-11T01:25:48+02:00
644615022041454113,Neuhausen-Nymphenburg,Entire home/apt,561.0,1,96,3.51,181,High,True,2026-06-29,2026-09-11T01:25:48+02:00
645292891511769266,Ramersdorf-Perlach,Entire home/apt,242.0,3,13,0.27,10,Low,True,2026-06-29,2026-09-11T01:25:48+02:00
646342681660157360,Schwanthalerhöhe,Entire home/apt,155.0,7,67,1.37,30,Low,True,2026-06-29,2026-09-11T01:25:48+02:00
646805525215314528,Maxvorstadt,Entire home/apt,530.0,4,12,0.24,352,High,True,2026-06-29,2026-09-11T01:25:48+02:00
647870573246439944,Maxvorstadt,Entire home/apt,224.0,20,24,0.58,270,High,True,2026-06-29,2026-09-11T01:25:48+02:00
649033829340099234,Ludwigsvorstadt-Isarvorstadt,Entire home/apt,273.0,4,24,0.52,175,Medium,True,2026-06-29,2026-09-11T01:25:48+02:00
649191063817185316,Moosach,Entire home/apt,91.0,14,0,0.0,81,Medium,False,2026-06-29,2026-09-11T01:25:48+02:00
649650126609199705,Ludwigsvorstadt-Isarvorstadt,Private room,61.0,21,8,0.18,285,High,True,2026-06-29,2026-09-11T01:25:48+02:00
649744364883499078,Aubing-Lochhausen-Langwied,Entire home/apt,119.0,4,16,0.33,81,Medium,True,2026-06-29,2026-09-11T01:25:48+02:00
650468147371364206,Neuhausen-Nymphenburg,Entire home/apt,192.0,3,31,0.64,98,Medium,True,2026-06-29,2026-09-11T01:25:48+02:00
650584952497875130,Aubing-Lochhausen-Langwied,Entire home/apt,107.0,6,5,0.11,76,Medium,True,2026-06-29,2026-09-11T01:25:48+02:00
651208320128628936,Aubing-Lochhausen-Langwied,Entire home/apt,110.0,5,10,0.21,267,High,True,2026-06-29,2026-09-11T01:25:48+02:00
651303485815881005,Maxvorstadt,Entire home/apt,324.0,3,18,0.39,10,Low,True,2026-06-29,2026-09-11T01:25:48+02:00
652073445061570411,Ludwigsvorstadt-Isarvorstadt,Private room,456.0,1,0,0.0,296,High,False,2026-06-29,2026-09-11T01:25:48+02:00
653608537785776864,Thalkirchen-Obersendling-Forstenried-Fürstenried-Solln,Private room,50.0,1,20,0.42,314,High,True,2026-06-29,2026-09-11T01:25:48+02:00
653620689605866032,Thalkirchen-Obersendling-Forstenried-Fürstenried-Solln,Entire home/apt,512.0,6,12,0.26,178,Medium,True,2026-06-29,2026-09-11T01:25:48+02:00
653782647196374568,Altstadt-Lehel,Entire home/apt,405.0,1,8,0.19,231,High,True,2026-06-29,2026-09-11T01:25:48+02:00
654029369241225654,Obergiesing,Entire home/apt,195.0,5,0,0.0,88,Medium,False,2026-06-29,2026-09-11T01:25:48+02:00
654210296880294225,Aubing-Lochhausen-Langwied,Entire home/apt,110.0,5,2,0.04,267,High,True,2026-06-29,2026-09-11T01:25:48+02:00
655420743091208524,Thalkirchen-Obersendling-Forstenried-Fürstenried-Solln,Private room,63.0,2,73,1.58,237,High,True,2026-06-29,2026-09-11T01:25:48+02:00
655743923182260348,Ramersdorf-Perlach,Private room,150.0,1,2,0.04,356,High,True,2026-06-29,2026-09-11T01:25:48+02:00
656124497264144027,Maxvorstadt,Entire home/apt,244.0,5,14,0.29,14,Low,True,2026-06-29,2026-09-11T01:25:48+02:00
656574540257593411,Pasing-Obermenzing,Private room,111.0,2,47,0.97,68,Medium,True,2026-06-29,2026-09-11T01:25:48+02:00
660670220329913455,Feldmoching-Hasenbergl,Entire home/apt,71.0,28,3,0.62,361,High,True,2026-06-29,2026-09-11T01:25:48+02:00
660672332789325289,Feldmoching-Hasenbergl,Entire home/apt,107.0,1,34,0.78,307,High,True,2026-06-29,2026-09-11T01:25:48+02:00
660676201671890762,Feldmoching-Hasenbergl,Entire home/apt,68.0,28,1,0.03,356,High,True,2026-06-29,2026-09-11T01:25:48+02:00
661466953652671736,Tudering-Riem,Entire home/apt,94.0,1,75,2.09,61,Medium,True,2026-06-29,2026-09-11T01:25:48+02:00
662431906530357593,Schwabing-West,Private room,237.0,1,50,1.04,66,Medium,True,2026-06-29,2026-09-11T01:25:48+02:00
662456079604301009,Schwabing-West,Entire home/apt,230.0,1,23,0.53,20,Low,True,2026-06-29,2026-09-11T01:25:48+02:00
662624201991316546,Sendling-Westpark,Entire home/apt,182.0,1,66,1.38,81,Medium,True,2026-06-29,2026-09-11T01:25:48+02:00
662793498552904867,Schwabing-Freimann,Entire home/apt,517.0,1,48,1.02,268,High,True,2026-06-29,2026-09-11T01:25:48+02:00
663386133076300285,Au-Haidhausen,Entire home/apt,135.0,1,56,1.16,76,Medium,True,2026-06-29,2026-09-11T01:25:48+02:00
663552797289764277,Berg am Laim,Private room,117.0,3,3,0.07,86,Medium,True,2026-06-29,2026-09-11T01:25:48+02:00
663827639070785498,Au-Haidhausen,Entire home/apt,193.0,3,14,0.31,169,Medium,True,2026-06-29,2026-09-11T01:25:48+02:00
664160735706482127,Laim,Private room,134.0,1,2,0.06,262,High,True,2026-06-29,2026-09-11T01:25:48+02:00
665041834462689115,Neuhausen-Nymphenburg,Private room,112.0,1,24,0.52,90,Medium,True,2026-06-29,2026-09-11T01:25:48+02:00
665058038016176894,Schwanthalerhöhe,Entire home/apt,18.0,180,0,0.0,358,High,False,2026-06-29,2026-09-11T01:25:48+02:00
665236285077358947,Sendling,Private room,70.0,1,148,3.23,88,Medium,True,2026-06-29,2026-09-11T01:25:48+02:00
666059250398677183,Milbertshofen-Am Hart,Private room,103.0,2,23,0.5,25,Low,True,2026-06-29,2026-09-11T01:25:48+02:00
666511391776593724,Ludwigsvorstadt-Isarvorstadt,Entire home/apt,193.0,3,95,2.0,206,High,True,2026-06-29,2026-09-11T01:25:48+02:00
666674827979735838,Bogenhausen,Entire home/apt,15.0,200,4,0.09,253,High,True,2026-06-29,2026-09-11T01:25:48+02:00
667890018320085702,Schwanthalerhöhe,Entire home/apt,633.0,2,10,0.22,282,High,True,2026-06-29,2026-09-11T01:25:48+02:00
668612191227491920,Pasing-Obermenzing,Private room,130.0,1,58,1.25,256,High,True,2026-06-29,2026-09-11T01:25:48+02:00
668684994432589763,Ludwigsvorstadt-Isarvorstadt,Entire home/apt,642.0,2,8,0.17,264,High,True,2026-06-29,2026-09-11T01:25:48+02:00
668793177240456615,Untergiesing-Harlaching,Entire home/apt,141.0,7,0,0.0,364,High,False,2026-06-29,2026-09-11T01:25:48+02:00
669271070006498094,Feldmoching-Hasenbergl,Entire home/apt,426.0,2,128,2.67,211,High,True,2026-06-29,2026-09-11T01:25:48+02:00
669856374083271026,Pasing-Obermenzing,Entire home/apt,71.0,3,5,0.11,47,Medium,True,2026-06-29,2026-09-11T01:25:48+02:00
669954685462252421,Pasing-Obermenzing,Entire home/apt,140.0,2,10,0.21,5,Low,True,2026-06-29,2026-09-11T01:25:48+02:00
670686350793482345,Laim,Private room,105.0,1,105,2.2,115,Medium,True,2026-06-29,2026-09-11T01:25:48+02:00
671177434271544588,Sendling-Westpark,Entire home/apt,109.0,7,11,0.24,65,Medium,True,2026-06-29,2026-09-11T01:25:48+02:00
672664148273626399,Ludwigsvorstadt-Isarvorstadt,Entire home/apt,247.0,1,37,0.81,163,Medium,True,2026-06-29,2026-09-11T01:25:48+02:00
673084932746290300,Ramersdorf-Perlach,Entire home/apt,128.0,10,1,0.02,315,High,True,2026-06-29,2026-09-11T01:25:48+02:00
673964287276447019,Sendling-Westpark,Private room,81.0,1,117,2.45,78,Medium,True,2026-06-29,2026-09-11T01:25:48+02:00
674490521866355983,Obergiesing,Entire home/apt,14.0,135,1,0.02,275,High,True,2026-06-29,2026-09-11T01:25:48+02:00
675015223477846292,Ludwigsvorstadt-Isarvorstadt,Entire home/apt,330.0,2,9,0.2,283,High,True,2026-06-29,2026-09-11T01:25:48+02:00
675664525995008309,Bogenhausen,Entire home/apt,302.0,1,170,3.65,250,High,True,2026-06-29,2026-09-11T01:25:48+02:00
677973794776972793,Hadern,Entire home/apt,81.0,14,5,0.1,44,Medium,True,2026-06-29,2026-09-11T01:25:48+02:00
678085095618818312,Allach-Untermenzing,Private room,118.0,1,7,0.15,119,Medium,True,2026-06-29,2026-09-11T01:25:48+02:00
678085419833647226,Allach-Untermenzing,Private room,101.0,1,9,0.19,153,Medium,True,2026-06-29,2026-09-11T01:25:48+02:00
678085581338303587,Allach-Untermenzing,Private room,118.0,1,19,0.4,143,Medium,True,2026-06-29,2026-09-11T01:25:48+02:00
679571008354602846,Ludwigsvorstadt-Isarvorstadt,Entire home/apt,942.0,1,6,0.13,12,Low,True,2026-06-29,2026-09-11T01:25:48+02:00
680280480155578420,Aubing-Lochhausen-Langwied,Entire home/apt,343.0,1,12,0.26,351,High,True,2026-06-29,2026-09-11T01:25:48+02:00
681028353622713149,Milbertshofen-Am Hart,Entire home/apt,191.0,7,3,0.06,247,High,True,2026-06-29,2026-09-11T01:25:48+02:00
681167154686249064,Maxvorstadt,Entire home/apt,278.0,2,183,3.84,4,Low,True,2026-06-29,2026-09-11T01:25:48+02:00
681609043999497384,Neuhausen-Nymphenburg,Entire home/apt,615.0,4,11,0.24,14,Low,True,2026-06-29,2026-09-11T01:25:48+02:00
681667416110895630,Ludwigsvorstadt-Isarvorstadt,Entire home/apt,143.0,1,21,0.46,11,Low,True,2026-06-29,2026-09-11T01:25:48+02:00
682422826489511023,Maxvorstadt,Private room,102.0,1,124,2.61,345,High,True,2026-06-29,2026-09-11T01:25:48+02:00
682444133137031830,Maxvorstadt,Private room,100.0,1,150,3.2,349,High,True,2026-06-29,2026-09-11T01:25:48+02:00
682580194680086257,Allach-Untermenzing,Private room,177.0,1,1,0.02,165,Medium,True,2026-06-29,2026-09-11T01:25:48+02:00
683002873845872545,Schwabing-Freimann,Entire home/apt,319.0,1,37,0.78,17,Low,True,2026-06-29,2026-09-11T01:25:48+02:00
683068910904406598,Ludwigsvorstadt-Isarvorstadt,Entire home/apt,562.0,2,7,0.15,19,Low,True,2026-06-29,2026-09-11T01:25:48+02:00
683259913103967588,Altstadt-Lehel,Private room,962.0,1,155,3.27,319,High,True,2026-06-29,2026-09-11T01:25:48+02:00
683412127324713177,Obergiesing,Private room,55.0,1,4,0.09,251,High,True,2026-06-29,2026-09-11T01:25:48+02:00
684423514116339521,Maxvorstadt,Entire home/apt,526.0,2,17,0.37,250,High,True,2026-06-29,2026-09-11T01:25:48+02:00
684482569864561487,Untergiesing-Harlaching,Entire home/apt,350.0,2,16,0.34,176,Medium,True,2026-06-29,2026-09-11T01:25:48+02:00
684653366807377770,Pasing-Obermenzing,Private room,75.0,2,2,2.0,181,High,True,2026-06-29,2026-09-11T01:25:48+02:00
684841146298103525,Feldmoching-Hasenbergl,Entire home/apt,135.0,3,25,0.53,167,Medium,True,2026-06-29,2026-09-11T01:25:48+02:00
686819016094075512,Milbertshofen-Am Hart,Entire home/apt,136.0,1,66,1.43,319,High,True,2026-06-29,2026-09-11T01:25:48+02:00
686916663792958327,Laim,Private room,60.0,1,48,1.02,8,Low,True,2026-06-29,2026-09-11T01:25:48+02:00
686974970656257449,Schwanthalerhöhe,Entire home/apt,189.0,2,32,0.7,18,Low,True,2026-06-29,2026-09-11T01:25:48+02:00
687331847606142096,Sendling,Entire home/apt,118.0,1,11,0.24,151,Medium,True,2026-06-29,2026-09-11T01:25:48+02:00
687745523977035372,Au-Haidhausen,Private room,114.0,1,66,1.45,231,High,True,2026-06-29,2026-09-11T01:25:48+02:00
688099158969955735,Schwabing-West,Entire home/apt,123.0,2,30,0.64,158,Medium,True,2026-06-29,2026-09-11T01:25:48+02:00
688115832976654973,Ramersdorf-Perlach,Entire home/apt,139.0,1,60,1.27,334,High,True,2026-06-29,2026-09-11T01:25:48+02:00
688294502317227946,Laim,Private room,94.0,5,13,0.28,64,Medium,True,2026-06-29,2026-09-11T01:25:48+02:00
688893432903046161,Au-Haidhausen,Private room,165.0,1,5,0.11,87,Medium,True,2026-06-29,2026-09-11T01:25:48+02:00
689645858660722141,Au-Haidhausen,Entire home/apt,239.0,5,0,0.0,178,Medium,False,2026-06-29,2026-09-11T01:25:48+02:00
689877258538771558,Tudering-Riem,Entire home/apt,305.0,2,6,0.13,148,Medium,True,2026-06-29,2026-09-11T01:25:48+02:00
690331522072477225,Au-Haidhausen,Entire home/apt,141.0,30,9,0.19,88,Medium,True,2026-06-29,2026-09-11T01:25:48+02:00
690382188053298375,Untergiesing-Harlaching,Entire home/apt,130.0,2,12,0.26,341,High,True,2026-06-29,2026-09-11T01:25:48+02:00
690413466249289852,Maxvorstadt,Entire home/apt,201.0,3,1,0.02,78,Medium,True,2026-06-29,2026-09-11T01:25:48+02:00
690468530641188230,Bogenhausen,Entire home/apt,177.0,1,12,0.27,179,Medium,True,2026-06-29,2026-09-11T01:25:48+02:00
691091051259663269,Au-Haidhausen,Entire home/apt,209.0,1,84,1.82,289,High,True,2026-06-29,2026-09-11T01:25:48+02:00
691305155300767202,Pasing-Obermenzing,Entire home/apt,143.0,1,17,0.37,329,High,True,2026-06-29,2026-09-11T01:25:48+02:00
691741663093969627,Maxvorstadt,Entire home/apt,570.0,1,13,0.28,29,Low,True,2026-06-29,2026-09-11T01:25:48+02:00
691816929731030371,Schwabing-Freimann,Entire home/apt,177.0,2,15,0.32,82,Medium,True,2026-06-29,2026-09-11T01:25:48+02:00
691834145184013698,Moosach,Entire home/apt,173.0,8,17,0.36,347,High,True,2026-06-29,2026-09-11T01:25:48+02:00
691940654210304477,Bogenhausen,Entire home/apt,494.0,1,120,2.72,157,Medium,True,2026-06-29,2026-09-11T01:25:48+02:00
693167070566352002,Altstadt-Lehel,Entire home/apt,279.0,3,41,0.89,208,High,True,2026-06-29,2026-09-11T01:25:48+02:00
693278821497321377,Untergiesing-Harlaching,Private room,111.0,1,70,1.5,324,High,True,2026-06-29,2026-09-11T01:25:48+02:00
693329205257742145,Laim,Entire home/apt,351.0,2,99,2.11,118,Medium,True,2026-06-29,2026-09-11T01:25:48+02:00
693373852390117745,Neuhausen-Nymphenburg,Private room,171.0,1,15,0.39,315,High,True,2026-06-29,2026-09-11T01:25:48+02:00
693943177179565277,Sendling-Westpark,Entire home/apt,340.0,1,22,0.48,32,Medium,True,2026-06-29,2026-09-11T01:25:48+02:00
694071866611341963,Untergiesing-Harlaching,Entire home/apt,152.0,1,57,1.22,126,Medium,True,2026-06-29,2026-09-11T01:25:48+02:00
694725580487544329,Untergiesing-Harlaching,Entire home/apt,58.0,1,0,0.0,251,High,False,2026-06-29,2026-09-11T01:25:48+02:00
694891546942678608,Sendling,Entire home/apt,113.0,1,13,0.29,86,Medium,True,2026-06-29,2026-09-11T01:25:48+02:00
695256500807515105,Maxvorstadt,Entire home/apt,400.0,1,1,0.02,360,High,True,2026-06-29,2026-09-11T01:25:48+02:00
695304762846281333,Sendling-Westpark,Private room,63.0,2,14,0.3,13,Low,True,2026-06-29,2026-09-11T01:25:48+02:00
695341053020233552,Ludwigsvorstadt-Isarvorstadt,Entire home/apt,236.0,1,61,1.32,4,Low,True,2026-06-29,2026-09-11T01:25:48+02:00
695485232873926125,Neuhausen-Nymphenburg,Private room,95.0,1,68,1.47,111,Medium,True,2026-06-29,2026-09-11T01:25:48+02:00
695501849352958176,Ludwigsvorstadt-Isarvorstadt,Entire home/apt,146.0,14,1,0.02,17,Low,True,2026-06-29,2026-09-11T01:25:48+02:00
696137033366599412,Aubing-Lochhausen-Langwied,Entire home/apt,107.0,6,17,0.37,75,Medium,True,2026-06-29,2026-09-11T01:25:48+02:00
696150541232012680,Aubing-Lochhausen-Langwied,Entire home/apt,105.0,6,13,0.33,72,Medium,True,2026-06-29,2026-09-11T01:25:48+02:00
696189590220701428,Ludwigsvorstadt-Isarvorstadt,Entire home/apt,191.0,3,9,0.19,25,Low,True,2026-06-29,2026-09-11T01:25:48+02:00
696877291342569596,Altstadt-Lehel,Entire home/apt,291.0,3,27,0.58,25,Low,True,2026-06-29,2026-09-11T01:25:48+02:00
697430348487556979,Moosach,Private room,87.0,1,29,0.63,175,Medium,True,2026-06-29,2026-09-11T01:25:48+02:00
697610818091899022,Ludwigsvorstadt-Isarvorstadt,Entire home/apt,233.0,3,0,0.0,336,High,False,2026-06-29,2026-09-11T01:25:48+02:00
698273767564570497,Maxvorstadt,Entire home/apt,130.0,1,12,0.49,234,High,True,2026-06-29,2026-09-11T01:25:48+02:00
698367448861811786,Feldmoching-Hasenbergl,Entire home/apt,183.0,3,0,0.0,342,High,False,2026-06-29,2026-09-11T01:25:48+02:00
698387757281300486,Bogenhausen,Entire home/apt,850.0,2,13,0.28,352,High,True,2026-06-29,2026-09-11T01:25:48+02:00
698568383281912104,Sendling,Entire home/apt,540.0,1,3,0.07,178,Medium,True,2026-06-29,2026-09-11T01:25:48+02:00
698804264950813765,Sendling,Entire home/apt,400.0,2,8,0.21,6,Low,True,2026-06-29,2026-09-11T01:25:48+02:00
698978815470951228,Ramersdorf-Perlach,Entire home/apt,195.0,5,0,0.0,90,Medium,False,2026-06-29,2026-09-11T01:25:48+02:00
699021373415422407,Sendling-Westpark,Private room,102.0,2,27,0.58,127,Medium,True,2026-06-29,2026-09-11T01:25:48+02:00
699307546485235746,Ludwigsvorstadt-Isarvorstadt,Entire home/apt,148.0,2,19,0.44,2,Low,True,2026-06-29,2026-09-11T01:25:48+02:00
699748530478265605,Ludwigsvorstadt-Isarvorstadt,Private room,79.0,1,1,0.65,23,Low,True,2026-06-29,2026-09-11T01:25:48+02:00
699845096194793531,Ramersdorf-Perlach,Entire home/apt,155.0,2,7,0.15,179,Medium,True,2026-06-29,2026-09-11T01:25:48+02:00
699927086469542434,Obergiesing,Private room,165.0,1,1,0.03,270,High,True,2026-06-29,2026-09-11T01:25:48+02:00
700019215450926726,Aubing-Lochhausen-Langwied,Entire home/apt,473.0,2,2,0.04,180,Medium,True,2026-06-29,2026-09-11T01:25:48+02:00
700052649141086047,Pasing-Obermenzing,Entire home/apt,50.0,90,15,0.32,332,High,True,2026-06-29,2026-09-11T01:25:48+02:00
700547799245195970,Aubing-Lochhausen-Langwied,Entire home/apt,11.0,180,0,0.0,364,High,False,2026-06-29,2026-09-11T01:25:48+02:00
700739242334334727,Sendling,Entire home/apt,364.0,4,4,0.09,303,High,True,2026-06-29,2026-09-11T01:25:48+02:00
701160313688450665,Ludwigsvorstadt-Isarvorstadt,Entire home/apt,67.0,21,11,0.26,250,High,True,2026-06-29,2026-09-11T01:25:48+02:00
701200998888750282,Neuhausen-Nymphenburg,Private room,115.0,1,126,2.74,35,Medium,True,2026-06-29,2026-09-11T01:25:48+02:00
701272811216526704,Bogenhausen,Private room,150.0,1,61,1.31,30,Low,True,2026-06-29,2026-09-11T01:25:48+02:00
701311457778384975,Schwabing-Freimann,Entire home/apt,313.0,4,0,0.0,159,Medium,False,2026-06-29,2026-09-11T01:25:48+02:00
702569876959787652,Maxvorstadt,Entire home/apt,338.0,7,0,0.0,240,High,False,2026-06-29,2026-09-11T01:25:48+02:00
702738438432728146,Ludwigsvorstadt-Isarvorstadt,Entire home/apt,202.0,2,27,0.59,347,High,True,2026-06-29,2026-09-11T01:25:48+02:00
702880342946745150,Tudering-Riem,Entire home/apt,166.0,2,15,0.33,166,Medium,True,2026-06-29,2026-09-11T01:25:48+02:00
703627063892969531,Neuhausen-Nymphenburg,Private room,151.0,1,2,0.04,289,High,True,2026-06-29,2026-09-11T01:25:48+02:00
704357827371231800,Sendling-Westpark,Private room,164.0,2,44,0.96,245,High,True,2026-06-29,2026-09-11T01:25:48+02:00
704689468710217202,Neuhausen-Nymphenburg,Entire home/apt,830.0,1,9,0.2,45,Medium,True,2026-06-29,2026-09-11T01:25:48+02:00
704773355713791100,Thalkirchen-Obersendling-Forstenried-Fürstenried-Solln,Entire home/apt,129.0,1,20,0.43,171,Medium,True,2026-06-29,2026-09-11T01:25:48+02:00
704904411623721965,Laim,Private room,95.0,1,40,0.86,74,Medium,True,2026-06-29,2026-09-11T01:25:48+02:00
705140153309238576,Sendling,Entire home/apt,112.0,1,22,0.48,231,High,True,2026-06-29,2026-09-11T01:25:48+02:00
705525787765110202,Maxvorstadt,Entire home/apt,315.0,3,6,0.13,123,Medium,True,2026-06-29,2026-09-11T01:25:48+02:00
705834667809569948,Schwabing-West,Private room,64.0,3,86,1.87,30,Low,True,2026-06-29,2026-09-11T01:25:48+02:00
706319502567300882,Ludwigsvorstadt-Isarvorstadt,Private room,110.0,1,14,0.32,87,Medium,True,2026-06-29,2026-09-11T01:25:48+02:00
706415229184395734,Allach-Untermenzing,Entire home/apt,237.0,1,87,1.9,217,High,True,2026-06-29,2026-09-11T01:25:48+02:00
707173026379442122,Schwabing-West,Private room,82.0,1,23,0.5,89,Medium,True,2026-06-29,2026-09-11T01:25:48+02:00
707267622726541111,Obergiesing,Private room,59.0,1,200,4.32,121,Medium,True,2026-06-29,2026-09-11T01:25:48+02:00
707718509401652660,Au-Haidhausen,Entire home/apt,178.0,3,113,2.46,213,High,True,2026-06-29,2026-09-11T01:25:48+02:00
707749222102625825,Obergiesing,Private room,61.0,1,200,4.31,68,Medium,True,2026-06-29,2026-09-11T01:25:48+02:00
707814204472395435,Schwabing-West,Private room,111.0,1,35,0.76,182,High,True,2026-06-29,2026-09-11T01:25:48+02:00
707866434286631908,Maxvorstadt,Entire home/apt,300.0,4,0,0.0,97,Medium,False,2026-06-29,2026-09-11T01:25:48+02:00
707881838901195531,Schwanthalerhöhe,Entire home/apt,863.0,1,14,0.3,188,High,True,2026-06-29,2026-09-11T01:25:48+02:00
707943659446890522,Berg am Laim,Entire home/apt,167.0,2,58,1.26,34,Medium,True,2026-06-29,2026-09-11T01:25:48+02:00
707966018517044256,Sendling-Westpark,Entire home/apt,156.0,1,2,0.04,316,High,True,2026-06-29,2026-09-11T01:25:48+02:00
708455798084394916,Schwabing-West,Private room,215.0,1,0,0.0,365,High,False,2026-06-29,2026-09-11T01:25:48+02:00
708548535736960964,Schwabing-West,Private room,215.0,1,1,0.02,365,High,True,2026-06-29,2026-09-11T01:25:48+02:00
708560362776220641,Schwabing-West,Entire home/apt,660.0,1,1,0.02,355,High,True,2026-06-29,2026-09-11T01:25:48+02:00
708593384636263136,Neuhausen-Nymphenburg,Entire home/apt,296.0,7,6,0.13,211,High,True,2026-06-29,2026-09-11T01:25:48+02:00
708614083576374858,Feldmoching-Hasenbergl,Private room,58.0,2,3,0.07,176,Medium,True,2026-06-29,2026-09-11T01:25:48+02:00
708669864587698599,Feldmoching-Hasenbergl,Private room,58.0,2,28,0.61,246,High,True,2026-06-29,2026-09-11T01:25:48+02:00
708693388575862359,Untergiesing-Harlaching,Entire home/apt,388.0,4,4,0.09,322,High,True,2026-06-29,2026-09-11T01:25:48+02:00
708840413498212109,Altstadt-Lehel,Entire home/apt,304.0,5,32,0.76,78,Medium,True,2026-06-29,2026-09-11T01:25:48+02:00
709286651556348060,Schwanthalerhöhe,Entire home/apt,417.0,3,1,0.03,362,High,True,2026-06-29,2026-09-11T01:25:48+02:00
709330602111597293,Milbertshofen-Am Hart,Private room,150.0,1,6,0.13,364,High,True,2026-06-29,2026-09-11T01:25:48+02:00
709359914282699853,Schwabing-West,Private room,97.0,1,247,5.34,122,Medium,True,2026-06-29,2026-09-11T01:25:48+02:00
709784334309884184,Obergiesing,Entire home/apt,402.0,3,11,0.24,140,Medium,True,2026-06-29,2026-09-11T01:25:48+02:00
709917667841580535,Schwanthalerhöhe,Entire home/apt,460.0,2,113,2.46,3,Low,True,2026-06-29,2026-09-11T01:25:48+02:00
709990799654609304,Schwanthalerhöhe,Entire home/apt,252.0,3,9,0.2,165,Medium,True,2026-06-29,2026-09-11T01:25:48+02:00
710288717041092923,Schwabing-Freimann,Entire home/apt,318.0,2,1,0.07,266,High,True,2026-06-29,2026-09-11T01:25:48+02:00
710478386849484041,Au-Haidhausen,Entire home/apt,195.0,2,43,0.93,245,High,True,2026-06-29,2026-09-11T01:25:48+02:00
710589083114119968,Laim,Private room,120.0,2,11,0.24,87,Medium,True,2026-06-29,2026-09-11T01:25:48+02:00
710765754007462839,Sendling-Westpark,Private room,58.0,1,26,0.56,49,Medium,True,2026-06-29,2026-09-11T01:25:48+02:00
710823823883270248,Sendling-Westpark,Entire home/apt,211.0,2,2,0.04,179,Medium,True,2026-06-29,2026-09-11T01:25:48+02:00
711200430750123152,Untergiesing-Harlaching,Private room,90.0,2,24,0.52,346,High,True,2026-06-29,2026-09-11T01:25:48+02:00
711223498069107789,Berg am Laim,Private room,270.0,1,3,0.08,365,High,True,2026-06-29,2026-09-11T01:25:48+02:00
712090803826596133,Laim,Entire home/apt,283.0,1,44,0.96,47,Medium,True,2026-06-29,2026-09-11T01:25:48+02:00
712145510609059121,Pasing-Obermenzing,Entire home/apt,101.0,2,37,0.81,94,Medium,True,2026-06-29,2026-09-11T01:25:48+02:00
712205639416305924,Aubing-Lochhausen-Langwied,Entire home/apt,170.0,15,0,0.0,179,Medium,False,2026-06-29,2026-09-11T01:25:48+02:00
712260737400314324,Allach-Untermenzing,Entire home/apt,87.0,2,59,1.32,63,Medium,True,2026-06-29,2026-09-11T01:25:48+02:00
712399771437821646,Ludwigsvorstadt-Isarvorstadt,Private room,141.0,2,17,0.4,49,Medium,True,2026-06-29,2026-09-11T01:25:48+02:00
712856155637445438,Thalkirchen-Obersendling-Forstenried-Fürstenried-Solln,Private room,58.0,1,297,6.42,60,Medium,True,2026-06-29,2026-09-11T01:25:48+02:00
712955221621858202,Pasing-Obermenzing,Entire home/apt,146.0,1,28,0.61,122,Medium,True,2026-06-29,2026-09-11T01:25:48+02:00
713089752039554424,Milbertshofen-Am Hart,Private room,120.0,1,14,0.31,243,High,True,2026-06-29,2026-09-11T01:25:48+02:00
713123884225278154,Ludwigsvorstadt-Isarvorstadt,Private room,106.0,4,19,0.49,231,High,True,2026-06-29,2026-09-11T01:25:48+02:00
713446895260147249,Ludwigsvorstadt-Isarvorstadt,Entire home/apt,182.0,58,6,0.13,364,High,True,2026-06-29,2026-09-11T01:25:48+02:00
713468136268013695,Tudering-Riem,Private room,77.0,2,1,0.02,240,High,True,2026-06-29,2026-09-11T01:25:48+02:00
713526524557501046,Schwanthalerhöhe,Entire home/apt,320.0,10,7,0.15,87,Medium,True,2026-06-29,2026-09-11T01:25:48+02:00
713527372319769668,Bogenhausen,Entire home/apt,110.0,1,56,1.22,190,High,True,2026-06-29,2026-09-11T01:25:48+02:00
713551138760903753,Ludwigsvorstadt-Isarvorstadt,Entire home/apt,61.0,30,0,0.0,297,High,False,2026-06-29,2026-09-11T01:25:48+02:00
713605649834149391,Ludwigsvorstadt-Isarvorstadt,Private room,99.0,1,18,0.39,90,Medium,True,2026-06-29,2026-09-11T01:25:48+02:00
713688388270509642,Bogenhausen,Private room,295.0,1,2,0.13,364,High,True,2026-06-29,2026-09-11T01:25:48+02:00
713759107162185518,Schwabing-Freimann,Entire home/apt,371.0,2,16,0.35,253,High,True,2026-06-29,2026-09-11T01:25:48+02:00
713831910908047117,Obergiesing,Entire home/apt,334.0,1,15,0.33,328,High,True,2026-06-29,2026-09-11T01:25:48+02:00
714225941932738563,Bogenhausen,Entire home/apt,166.0,3,13,0.28,102,Medium,True,2026-06-29,2026-09-11T01:25:48+02:00
714259941530149345,Schwabing-West,Entire home/apt,107.0,3,36,0.84,5,Low,True,2026-06-29,2026-09-11T01:25:48+02:00
714303993609674765,Milbertshofen-Am Hart,Private room,143.0,1,8,0.18,178,Medium,True,2026-06-29,2026-09-11T01:25:48+02:00
714399966126972853,Ludwigsvorstadt-Isarvorstadt,Entire home/apt,330.0,2,8,0.18,188,High,True,2026-06-29,2026-09-11T01:25:48+02:00
714401971296375239,Neuhausen-Nymphenburg,Entire home/apt,250.0,1,56,1.22,351,High,True,2026-06-29,2026-09-11T01:25:48+02:00
714538780100687224,Schwanthalerhöhe,Entire home/apt,319.0,2,4,0.1,16,Low,True,2026-06-29,2026-09-11T01:25:48+02:00
714899855911560470,Neuhausen-Nymphenburg,Entire home/apt,93.0,13,2,0.06,224,High,True,2026-06-29,2026-09-11T01:25:48+02:00
714918961999936285,Schwabing-Freimann,Entire home/apt,200.0,3,10,0.22,157,Medium,True,2026-06-29,2026-09-11T01:25:48+02:00
715102808579942682,Tudering-Riem,Entire home/apt,216.0,2,4,0.09,14,Low,True,2026-06-29,2026-09-11T01:25:48+02:00
715106542275805418,Ludwigsvorstadt-Isarvorstadt,Private room,101.0,1,154,3.44,30,Low,True,2026-06-29,2026-09-11T01:25:48+02:00
715594185280706679,Maxvorstadt,Entire home/apt,229.0,1,19,0.58,226,High,True,2026-06-29,2026-09-11T01:25:48+02:00
715952571311079953,Thalkirchen-Obersendling-Forstenried-Fürstenried-Solln,Entire home/apt,430.0,1,2,0.04,352,High,True,2026-06-29,2026-09-11T01:25:48+02:00
716533591846999470,Schwabing-Freimann,Entire home/apt,775.0,1,7,0.15,22,Low,True,2026-06-29,2026-09-11T01:25:48+02:00
716718495994900951,Maxvorstadt,Entire home/apt,178.0,2,47,1.02,13,Low,True,2026-06-29,2026-09-11T01:25:48+02:00
716988110721209611,Pasing-Obermenzing,Private room,127.0,1,4,0.09,364,High,True,2026-06-29,2026-09-11T01:25:48+02:00
717187821371657379,Sendling,Entire home/apt,270.0,1,2,0.09,179,Medium,True,2026-06-29,2026-09-11T01:25:48+02:00
717226957752339558,Au-Haidhausen,Private room,127.0,5,10,0.22,153,Medium,True,2026-06-29,2026-09-11T01:25:48+02:00
717322074189616028,Laim,Private room,651.0,1,13,0.29,357,High,True,2026-06-29,2026-09-11T01:25:48+02:00
717751409872697037,Schwabing-Freimann,Entire home/apt,227.0,3,45,0.98,14,Low,True,2026-06-29,2026-09-11T01:25:48+02:00
717853841988055690,Ludwigsvorstadt-Isarvorstadt,Entire home/apt,78.0,1,258,5.62,78,Medium,True,2026-06-29,2026-09-11T01:25:48+02:00
717910994699636306,Au-Haidhausen,Entire home/apt,303.0,5,0,0.0,365,High,False,2026-06-29,2026-09-11T01:25:48+02:00
717927505861662671,Neuhausen-Nymphenburg,Entire home/apt,48.0,30,0,0.0,90,Medium,False,2026-06-29,2026-09-11T01:25:48+02:00
717961031563062964,Tudering-Riem,Private room,80.0,1,25,0.55,141,Medium,True,2026-06-29,2026-09-11T01:25:48+02:00
718156749250610256,Ludwigsvorstadt-Isarvorstadt,Entire home/apt,144.0,1,9,1.0,75,Medium,True,2026-06-29,2026-09-11T01:25:48+02:00
718615382083772333,Sendling-Westpark,Private room,125.0,2,12,0.27,11,Low,True,2026-06-29,2026-09-11T01:25:48+02:00
719537671774242754,Milbertshofen-Am Hart,Entire home/apt,764.0,1,60,1.31,315,High,True,2026-06-29,2026-09-11T01:25:48+02:00
720052759369903812,Untergiesing-Harlaching,Private room,200.0,1,0,0.0,365,High,False,2026-06-29,2026-09-11T01:25:48+02:00
720584711393787713,Hadern,Private room,470.0,1,1,0.02,365,High,True,2026-06-29,2026-09-11T01:25:48+02:00
720706601218404060,Neuhausen-Nymphenburg,Entire home/apt,610.0,1,144,3.22,190,High,True,2026-06-29,2026-09-11T01:25:48+02:00
720963792956083839,Untergiesing-Harlaching,Entire home/apt,251.0,1,13,0.29,128,Medium,True,2026-06-29,2026-09-11T01:25:48+02:00
721050703837071496,Au-Haidhausen,Private room,110.0,2,9,0.2,192,High,True,2026-06-29,2026-09-11T01:25:48+02:00
722371640312231948,Ludwigsvorstadt-Isarvorstadt,Private room,154.0,1,160,3.51,182,High,True,2026-06-29,2026-09-11T01:25:48+02:00
722428199862525615,Ludwigsvorstadt-Isarvorstadt,Private room,110.0,1,295,6.45,168,Medium,True,2026-06-29,2026-09-11T01:25:48+02:00
723068370875452143,Tudering-Riem,Entire home/apt,98.0,2,42,0.93,83,Medium,True,2026-06-29,2026-09-11T01:25:48+02:00
723699132048210827,Ludwigsvorstadt-Isarvorstadt,Entire home/apt,330.0,1,43,1.11,15,Low,True,2026-06-29,2026-09-11T01:25:48+02:00
724533004783033609,Moosach,Private room,82.0,2,5,0.11,349,High,True,2026-06-29,2026-09-11T01:25:48+02:00
724590904777093769,Ludwigsvorstadt-Isarvorstadt,Private room,142.0,1,47,1.03,193,High,True,2026-06-29,2026-09-11T01:25:48+02:00
725256708410320041,Maxvorstadt,Private room,200.0,1,0,0.0,365,High,False,2026-06-29,2026-09-11T01:25:48+02:00
725723631739564344,Au-Haidhausen,Entire home/apt,114.0,1,3,0.15,148,Medium,True,2026-06-29,2026-09-11T01:25:48+02:00
725784393117774425,Ludwigsvorstadt-Isarvorstadt,Private room,154.0,1,1,1.0,181,High,True,2026-06-29,2026-09-11T01:25:48+02:00
726101669184270666,Sendling,Private room,165.0,1,4,0.1,353,High,True,2026-06-29,2026-09-11T01:25:48+02:00
727856568119440343,Ludwigsvorstadt-Isarvorstadt,Private room,154.0,1,0,0.0,176,Medium,False,2026-06-29,2026-09-11T01:25:48+02:00
731261426122689940,Maxvorstadt,Entire home/apt,246.0,6,2,0.05,77,Medium,True,2026-06-29,2026-09-11T01:25:48+02:00
732996685832764819,Ludwigsvorstadt-Isarvorstadt,Entire home/apt,260.0,1,7,0.16,89,Medium,True,2026-06-29,2026-09-11T01:25:48+02:00
733152026364770370,Milbertshofen-Am Hart,Private room,104.0,2,10,0.29,21,Low,True,2026-06-29,2026-09-11T01:25:48+02:00
736171971413557397,Tudering-Riem,Private room,200.0,1,11,0.25,285,High,True,2026-06-29,2026-09-11T01:25:48+02:00
739243075097596416,Ludwigsvorstadt-Isarvorstadt,Private room,110.0,1,25,0.6,176,Medium,True,2026-06-29,2026-09-11T01:25:48+02:00
739874797729608316,Aubing-Lochhausen-Langwied,Entire home/apt,393.0,2,88,2.06,272,High,True,2026-06-29,2026-09-11T01:25:48+02:00
740589053123401730,Tudering-Riem,Private room,194.0,2,11,0.25,89,Medium,True,2026-06-29,2026-09-11T01:25:48+02:00
740991868336012360,Untergiesing-Harlaching,Private room,107.0,1,1,0.57,359,High,True,2026-06-29,2026-09-11T01:25:48+02:00
741664230260558168,Untergiesing-Harlaching,Private room,76.0,2,14,0.63,88,Medium,True,2026-06-29,2026-09-11T01:25:48+02:00
742010867504964861,Obergiesing,Entire home/apt,294.0,1,60,1.37,167,Medium,True,2026-06-29,2026-09-11T01:25:48+02:00
742642855315098358,Tudering-Riem,Private room,194.0,2,12,0.27,89,Medium,True,2026-06-29,2026-09-11T01:25:48+02:00
742668681358631338,Bogenhausen,Entire home/apt,867.0,3,7,0.16,328,High,True,2026-06-29,2026-09-11T01:25:48+02:00
744099365113775744,Sendling,Entire home/apt,278.0,4,23,0.52,7,Low,True,2026-06-29,2026-09-11T01:25:48+02:00
744755886241486258,Au-Haidhausen,Private room,115.0,2,36,0.82,356,High,True,2026-06-29,2026-09-11T01:25:48+02:00
746082038368013068,Schwabing-West,Entire home/apt,135.0,7,32,0.78,21,Low,True,2026-06-29,2026-09-11T01:25:48+02:00
746827500593480670,Aubing-Lochhausen-Langwied,Entire home/apt,110.0,5,7,0.47,259,High,True,2026-06-29,2026-09-11T01:25:48+02:00
747571557876832363,Untergiesing-Harlaching,Entire home/apt,26.0,90,6,0.16,334,High,True,2026-06-29,2026-09-11T01:25:48+02:00
748224359511000454,Neuhausen-Nymphenburg,Private room,106.0,5,4,0.11,203,High,True,2026-06-29,2026-09-11T01:25:48+02:00
751176130220374883,Sendling-Westpark,Private room,113.0,2,21,0.48,346,High,True,2026-06-29,2026-09-11T01:25:48+02:00
751264749861370312,Ludwigsvorstadt-Isarvorstadt,Entire home/apt,332.0,1,58,1.35,26,Low,True,2026-06-29,2026-09-11T01:25:48+02:00
751850079975040767,Aubing-Lochhausen-Langwied,Entire home/apt,110.0,5,7,0.16,250,High,True,2026-06-29,2026-09-11T01:25:48+02:00
752697144996130312,Sendling-Westpark,Private room,88.0,1,42,1.11,172,Medium,True,2026-06-29,2026-09-11T01:25:48+02:00
752908465238260256,Moosach,Private room,128.0,1,23,0.59,124,Medium,True,2026-06-29,2026-09-11T01:25:48+02:00
754102953579590448,Schwabing-West,Entire home/apt,150.0,14,2,0.07,283,High,True,2026-06-29,2026-09-11T01:25:48+02:00
754800256462865679,Ludwigsvorstadt-Isarvorstadt,Private room,86.0,1,136,3.78,150,Medium,True,2026-06-29,2026-09-11T01:25:48+02:00
754803388528081503,Ludwigsvorstadt-Isarvorstadt,Private room,143.0,2,180,4.11,79,Medium,True,2026-06-29,2026-09-11T01:25:48+02:00
754857673164321882,Sendling-Westpark,Private room,39.0,1,0,0.0,276,High,False,2026-06-29,2026-09-11T01:25:48+02:00
755003996507775869,Tudering-Riem,Private room,194.0,2,12,0.27,89,Medium,True,2026-06-29,2026-09-11T01:25:48+02:00
756562186944889081,Maxvorstadt,Entire home/apt,73.0,10,5,0.13,210,High,True,2026-06-29,2026-09-11T01:25:48+02:00
756939211180207500,Pasing-Obermenzing,Private room,135.0,1,2,0.08,89,Medium,True,2026-06-29,2026-09-11T01:25:48+02:00
756941275289340543,Pasing-Obermenzing,Private room,165.0,1,6,0.14,89,Medium,True,2026-06-29,2026-09-11T01:25:48+02:00
756942241702809594,Allach-Untermenzing,Private room,188.0,1,3,0.07,89,Medium,True,2026-06-29,2026-09-11T01:25:48+02:00
757916720225914054,Ramersdorf-Perlach,Private room,50.0,30,1,0.05,365,High,True,2026-06-29,2026-09-11T01:25:48+02:00
758705802912159032,Aubing-Lochhausen-Langwied,Entire home/apt,110.0,5,2,0.05,229,High,True,2026-06-29,2026-09-11T01:25:48+02:00
759862564634363276,Aubing-Lochhausen-Langwied,Entire home/apt,110.0,4,4,0.11,257,High,True,2026-06-29,2026-09-11T01:25:48+02:00
759951581104157551,Laim,Entire home/apt,331.0,2,6,0.15,51,Medium,True,2026-06-29,2026-09-11T01:25:48+02:00
760531308650045376,Ludwigsvorstadt-Isarvorstadt,Entire home/apt,6.0,365,10,0.29,365,High,True,2026-06-29,2026-09-11T01:25:48+02:00
760608873023792666,Au-Haidhausen,Private room,77.0,7,0,0.0,338,High,False,2026-06-29,2026-09-11T01:25:48+02:00
760765730288226392,Aubing-Lochhausen-Langwied,Entire home/apt,110.0,5,5,0.13,264,High,True,2026-06-29,2026-09-11T01:25:48+02:00
760776031735055554,Aubing-Lochhausen-Langwied,Entire home/apt,110.0,5,6,0.14,267,High,True,2026-06-29,2026-09-11T01:25:48+02:00
760779875481882040,Aubing-Lochhausen-Langwied,Entire home/apt,110.0,5,4,0.09,267,High,True,2026-06-29,2026-09-11T01:25:48+02:00
760782381441449742,Aubing-Lochhausen-Langwied,Entire home/apt,114.0,6,3,0.08,256,High,True,2026-06-29,2026-09-11T01:25:48+02:00
760784848597033973,Aubing-Lochhausen-Langwied,Entire home/apt,116.0,6,2,0.05,88,Medium,True,2026-06-29,2026-09-11T01:25:48+02:00
762144768730889600,Maxvorstadt,Entire home/apt,289.0,7,13,0.39,333,High,True,2026-06-29,2026-09-11T01:25:48+02:00
764908886358748863,Maxvorstadt,Private room,105.0,2,89,2.05,233,High,True,2026-06-29,2026-09-11T01:25:48+02:00
766529516874623741,Schwabing-West,Entire home/apt,180.0,5,16,0.37,159,Medium,True,2026-06-29,2026-09-11T01:25:48+02:00
766745551071953122,Schwabing-West,Entire home/apt,568.0,2,28,0.74,267,High,True,2026-06-29,2026-09-11T01:25:48+02:00
767291382633678305,Aubing-Lochhausen-Langwied,Entire home/apt,110.0,5,5,0.15,267,High,True,2026-06-29,2026-09-11T01:25:48+02:00
768025425882710552,Schwabing-West,Entire home/apt,111.0,1,125,2.93,29,Low,True,2026-06-29,2026-09-11T01:25:48+02:00
769352063158113801,Thalkirchen-Obersendling-Forstenried-Fürstenried-Solln,Entire home/apt,100.0,2,5,0.12,262,High,True,2026-06-29,2026-09-11T01:25:48+02:00
769503203699949510,Obergiesing,Entire home/apt,161.0,1,2,0.05,31,Medium,True,2026-06-29,2026-09-11T01:25:48+02:00
769994856018400051,Neuhausen-Nymphenburg,Entire home/apt,129.0,6,19,0.44,10,Low,True,2026-06-29,2026-09-11T01:25:48+02:00
770139160651658183,Aubing-Lochhausen-Langwied,Entire home/apt,114.0,6,7,0.17,88,Medium,True,2026-06-29,2026-09-11T01:25:48+02:00
770205236156673593,Ludwigsvorstadt-Isarvorstadt,Entire home/apt,190.0,1,27,0.68,23,Low,True,2026-06-29,2026-09-11T01:25:48+02:00
770341022391792466,Au-Haidhausen,Entire home/apt,384.0,3,26,0.71,13,Low,True,2026-06-29,2026-09-11T01:25:48+02:00
770842623654321161,Aubing-Lochhausen-Langwied,Entire home/apt,110.0,5,3,0.07,267,High,True,2026-06-29,2026-09-11T01:25:48+02:00
773113219255110656,Pasing-Obermenzing,Entire home/apt,166.0,30,2,0.05,301,High,True,2026-06-29,2026-09-11T01:25:48+02:00
773605970223247326,Schwanthalerhöhe,Entire home/apt,24.0,60,0,0.0,172,Medium,False,2026-06-29,2026-09-11T01:25:48+02:00
774675192830246563,Allach-Untermenzing,Entire home/apt,251.0,1,16,0.43,345,High,True,2026-06-29,2026-09-11T01:25:48+02:00
774732977258062412,Untergiesing-Harlaching,Entire home/apt,172.0,1,7,0.16,89,Medium,True,2026-06-29,2026-09-11T01:25:48+02:00
775788218587646045,Aubing-Lochhausen-Langwied,Entire home/apt,114.0,6,11,0.27,201,High,True,2026-06-29,2026-09-11T01:25:48+02:00
776649766276525777,Aubing-Lochhausen-Langwied,Entire home/apt,110.0,5,3,0.09,267,High,True,2026-06-29,2026-09-11T01:25:48+02:00
776929049039107134,Schwabing-West,Entire home/apt,350.0,2,2,0.06,362,High,True,2026-06-29,2026-09-11T01:25:48+02:00
777205311137518539,Ramersdorf-Perlach,Entire home/apt,140.0,4,1,0.07,157,Medium,True,2026-06-29,2026-09-11T01:25:48+02:00
777995497406821242,Aubing-Lochhausen-Langwied,Entire home/apt,124.0,6,6,0.15,254,High,True,2026-06-29,2026-09-11T01:25:48+02:00
780331427422654587,Aubing-Lochhausen-Langwied,Entire home/apt,116.0,5,7,0.18,259,High,True,2026-06-29,2026-09-11T01:25:48+02:00
780823312405574557,Schwabing-Freimann,Entire home/apt,112.0,5,0,0.0,247,High,False,2026-06-29,2026-09-11T01:25:48+02:00
781832136701883229,Aubing-Lochhausen-Langwied,Entire home/apt,157.0,20,2,0.08,182,High,True,2026-06-29,2026-09-11T01:25:48+02:00
782029471945393499,Laim,Private room,165.0,1,4,0.19,186,High,True,2026-06-29,2026-09-11T01:25:48+02:00
782408382001361819,Maxvorstadt,Entire home/apt,236.0,2,4,0.09,54,Medium,True,2026-06-29,2026-09-11T01:25:48+02:00
782699965406220483,Ramersdorf-Perlach,Entire home/apt,187.0,3,55,1.3,215,High,True,2026-06-29,2026-09-11T01:25:48+02:00
783173958402335238,Aubing-Lochhausen-Langwied,Entire home/apt,107.0,6,6,0.14,256,High,True,2026-06-29,2026-09-11T01:25:48+02:00
783728815873765139,Altstadt-Lehel,Entire home/apt,322.0,1,55,3.7,169,Medium,True,2026-06-29,2026-09-11T01:25:48+02:00
784007563392700654,Thalkirchen-Obersendling-Forstenried-Fürstenried-Solln,Entire home/apt,270.0,3,14,0.38,339,High,True,2026-06-29,2026-09-11T01:25:48+02:00
785382475822138697,Ludwigsvorstadt-Isarvorstadt,Entire home/apt,23.0,182,29,1.16,262,High,True,2026-06-29,2026-09-11T01:25:48+02:00
786138928826421530,Schwabing-West,Entire home/apt,62.0,2,26,0.75,93,Medium,True,2026-06-29,2026-09-11T01:25:48+02:00
786505097269244976,Sendling-Westpark,Entire home/apt,138.0,2,9,0.36,35,Medium,True,2026-06-29,2026-09-11T01:25:48+02:00
786652729667916865,Aubing-Lochhausen-Langwied,Entire home/apt,100.0,5,6,0.15,249,High,True,2026-06-29,2026-09-11T01:25:48+02:00
787770038100472061,Aubing-Lochhausen-Langwied,Entire home/apt,110.0,5,2,0.05,267,High,True,2026-06-29,2026-09-11T01:25:48+02:00
788475175817338559,Aubing-Lochhausen-Langwied,Entire home/apt,110.0,5,4,0.11,259,High,True,2026-06-29,2026-09-11T01:25:48+02:00
788477891170883560,Aubing-Lochhausen-Langwied,Entire home/apt,110.0,5,6,0.14,267,High,True,2026-06-29,2026-09-11T01:25:48+02:00
789790293143454386,Aubing-Lochhausen-Langwied,Entire home/apt,103.0,6,19,0.46,205,High,True,2026-06-29,2026-09-11T01:25:48+02:00
789792809990701580,Aubing-Lochhausen-Langwied,Entire home/apt,119.0,6,3,0.07,268,High,True,2026-06-29,2026-09-11T01:25:48+02:00
791379595526743882,Au-Haidhausen,Entire home/apt,318.0,5,8,0.21,215,High,True,2026-06-29,2026-09-11T01:25:48+02:00
791858891780626480,Neuhausen-Nymphenburg,Private room,80.0,2,121,2.87,102,Medium,True,2026-06-29,2026-09-11T01:25:48+02:00
794791840179812213,Sendling,Entire home/apt,431.0,2,28,0.98,61,Medium,True,2026-06-29,2026-09-11T01:25:48+02:00
794796043090380407,Aubing-Lochhausen-Langwied,Entire home/apt,100.0,5,3,0.11,255,High,True,2026-06-29,2026-09-11T01:25:48+02:00
795063186266763097,Maxvorstadt,Entire home/apt,70.0,7,0,0.0,179,Medium,False,2026-06-29,2026-09-11T01:25:48+02:00
795517111111659841,Thalkirchen-Obersendling-Forstenried-Fürstenried-Solln,Entire home/apt,249.0,1,32,0.81,21,Low,True,2026-06-29,2026-09-11T01:25:48+02:00
795533321218370469,Schwabing-West,Entire home/apt,175.0,1,157,3.73,259,High,True,2026-06-29,2026-09-11T01:25:48+02:00
796867663393137450,Sendling-Westpark,Entire home/apt,276.0,3,32,0.88,114,Medium,True,2026-06-29,2026-09-11T01:25:48+02:00
798288627220761018,Ludwigsvorstadt-Isarvorstadt,Entire home/apt,124.0,30,2,0.08,182,High,True,2026-06-29,2026-09-11T01:25:48+02:00
799154297722713944,Ludwigsvorstadt-Isarvorstadt,Entire home/apt,175.0,5,0,0.0,166,Medium,False,2026-06-29,2026-09-11T01:25:48+02:00
799788877840522819,Neuhausen-Nymphenburg,Private room,70.0,4,2,0.05,52,Medium,True,2026-06-29,2026-09-11T01:25:48+02:00
800410449147523544,Aubing-Lochhausen-Langwied,Entire home/apt,110.0,5,6,0.15,267,High,True,2026-06-29,2026-09-11T01:25:48+02:00
800421854986974202,Aubing-Lochhausen-Langwied,Entire home/apt,110.0,5,2,0.05,267,High,True,2026-06-29,2026-09-11T01:25:48+02:00
801121209738524174,Aubing-Lochhausen-Langwied,Entire home/apt,114.0,6,14,0.34,232,High,True,2026-06-29,2026-09-11T01:25:48+02:00
801124582903849048,Aubing-Lochhausen-Langwied,Entire home/apt,114.0,6,10,0.26,262,High,True,2026-06-29,2026-09-11T01:25:48+02:00
801126319277115091,Aubing-Lochhausen-Langwied,Entire home/apt,103.0,6,11,0.28,256,High,True,2026-06-29,2026-09-11T01:25:48+02:00
802028167623958584,Schwabing-West,Private room,177.0,1,34,0.87,350,High,True,2026-06-29,2026-09-11T01:25:48+02:00
802047223661932754,Aubing-Lochhausen-Langwied,Entire home/apt,100.0,4,3,0.08,207,High,True,2026-06-29,2026-09-11T01:25:48+02:00
802051730496105463,Aubing-Lochhausen-Langwied,Entire home/apt,100.0,5,3,0.08,238,High,True,2026-06-29,2026-09-11T01:25:48+02:00
802054246162091904,Aubing-Lochhausen-Langwied,Entire home/apt,100.0,4,5,0.12,206,High,True,2026-06-29,2026-09-11T01:25:48+02:00
802570108673251585,Neuhausen-Nymphenburg,Entire home/apt,88.0,14,7,0.19,322,High,True,2026-06-29,2026-09-11T01:25:48+02:00
802670295638734405,Schwabing-West,Private room,187.0,1,0,0.0,347,High,False,2026-06-29,2026-09-11T01:25:48+02:00
802727927122036441,Neuhausen-Nymphenburg,Entire home/apt,75.0,28,5,0.19,329,High,True,2026-06-29,2026-09-11T01:25:48+02:00
802798750863311361,Schwabing-West,Private room,206.0,1,0,0.0,353,High,False,2026-06-29,2026-09-11T01:25:48+02:00
802806210099890095,Schwabing-West,Private room,199.0,1,1,0.06,343,High,True,2026-06-29,2026-09-11T01:25:48+02:00
803507715396515112,Maxvorstadt,Entire home/apt,445.0,3,139,3.46,172,Medium,True,2026-06-29,2026-09-11T01:25:48+02:00
804271628231155128,Ludwigsvorstadt-Isarvorstadt,Private room,96.0,2,65,1.61,69,Medium,True,2026-06-29,2026-09-11T01:25:48+02:00
805046333210727971,Ludwigsvorstadt-Isarvorstadt,Private room,110.0,1,1,0.08,174,Medium,True,2026-06-29,2026-09-11T01:25:48+02:00
805054695170029504,Ludwigsvorstadt-Isarvorstadt,Private room,110.0,1,1,0.1,162,Medium,True,2026-06-29,2026-09-11T01:25:48+02:00
806453576904944240,Tudering-Riem,Entire home/apt,184.0,2,22,0.57,70,Medium,True,2026-06-29,2026-09-11T01:25:48+02:00
807284837823522047,Ludwigsvorstadt-Isarvorstadt,Entire home/apt,600.0,1,0,0.0,259,High,False,2026-06-29,2026-09-11T01:25:48+02:00
807986473690200208,Schwabing-Freimann,Entire home/apt,130.0,6,8,0.26,83,Medium,True,2026-06-29,2026-09-11T01:25:48+02:00
808001757428089232,Ludwigsvorstadt-Isarvorstadt,Private room,152.0,3,6,0.18,86,Medium,True,2026-06-29,2026-09-11T01:25:48+02:00
809306164592908565,Maxvorstadt,Private room,75.0,2,30,0.75,7,Low,True,2026-06-29,2026-09-11T01:25:48+02:00
809382838743327115,Ludwigsvorstadt-Isarvorstadt,Entire home/apt,170.0,1,22,1.03,153,Medium,True,2026-06-29,2026-09-11T01:25:48+02:00
810201354943843579,Maxvorstadt,Entire home/apt,296.0,1,27,0.69,360,High,True,2026-06-29,2026-09-11T01:25:48+02:00
811677588441398914,Sendling-Westpark,Entire home/apt,83.0,5,19,0.47,17,Low,True,2026-06-29,2026-09-11T01:25:48+02:00
813535527264027340,Aubing-Lochhausen-Langwied,Entire home/apt,110.0,5,5,0.15,265,High,True,2026-06-29,2026-09-11T01:25:48+02:00
815233728241554915,Aubing-Lochhausen-Langwied,Entire home/apt,110.0,5,1,0.04,267,High,True,2026-06-29,2026-09-11T01:25:48+02:00
819274503060866757,Bogenhausen,Entire home/apt,304.0,2,107,2.61,299,High,True,2026-06-29,2026-09-11T01:25:48+02:00
819488038445400667,Schwanthalerhöhe,Entire home/apt,373.0,4,11,0.28,22,Low,True,2026-06-29,2026-09-11T01:25:48+02:00
821511342632506546,Obergiesing,Private room,200.0,2,1,0.03,80,Medium,True,2026-06-29,2026-09-11T01:25:48+02:00
822351687844704625,Sendling-Westpark,Private room,85.0,1,27,0.72,165,Medium,True,2026-06-29,2026-09-11T01:25:48+02:00
824523645450944816,Tudering-Riem,Private room,58.0,30,0,0.0,178,Medium,False,2026-06-29,2026-09-11T01:25:48+02:00
825923150443671063,Ludwigsvorstadt-Isarvorstadt,Private room,134.0,1,45,1.11,203,High,True,2026-06-29,2026-09-11T01:25:48+02:00
826501262267694057,Schwabing-West,Entire home/apt,170.0,10,0,0.0,329,High,False,2026-06-29,2026-09-11T01:25:48+02:00
829431292779598890,Sendling-Westpark,Private room,93.0,1,35,0.88,175,Medium,True,2026-06-29,2026-09-11T01:25:48+02:00
830210358116153299,Maxvorstadt,Entire home/apt,100.0,20,0,0.0,179,Medium,False,2026-06-29,2026-09-11T01:25:48+02:00
830878841532529436,Aubing-Lochhausen-Langwied,Entire home/apt,100.0,5,7,0.18,197,High,True,2026-06-29,2026-09-11T01:25:48+02:00
831940651635143732,Berg am Laim,Private room,70.0,2,35,0.92,238,High,True,2026-06-29,2026-09-11T01:25:48+02:00
833084050829104479,Aubing-Lochhausen-Langwied,Entire home/apt,110.0,5,3,0.08,267,High,True,2026-06-29,2026-09-11T01:25:48+02:00
833121503895325566,Ludwigsvorstadt-Isarvorstadt,Entire home/apt,185.0,5,5,0.25,219,High,True,2026-06-29,2026-09-11T01:25:48+02:00
833266576531688453,Bogenhausen,Entire home/apt,381.0,4,18,0.49,6,Low,True,2026-06-29,2026-09-11T01:25:48+02:00
835334595596290031,Altstadt-Lehel,Entire home/apt,532.0,1,47,1.17,110,Medium,True,2026-06-29,2026-09-11T01:25:48+02:00
835503163581679995,Schwabing-Freimann,Entire home/apt,196.0,1,8,0.42,322,High,True,2026-06-29,2026-09-11T01:25:48+02:00
835914308863360004,Aubing-Lochhausen-Langwied,Entire home/apt,110.0,5,10,0.27,115,Medium,True,2026-06-29,2026-09-11T01:25:48+02:00
837766419618557764,Moosach,Private room,105.0,3,7,0.19,124,Medium,True,2026-06-29,2026-09-11T01:25:48+02:00
838079293057954662,Ludwigsvorstadt-Isarvorstadt,Entire home/apt,60.0,24,6,0.18,272,High,True,2026-06-29,2026-09-11T01:25:48+02:00
840664866907764630,Au-Haidhausen,Entire home/apt,149.0,3,11,0.3,320,High,True,2026-06-29,2026-09-11T01:25:48+02:00
840719370414181835,Neuhausen-Nymphenburg,Entire home/apt,230.0,1,1,0.04,269,High,True,2026-06-29,2026-09-11T01:25:48+02:00
841012860609705053,Aubing-Lochhausen-Langwied,Entire home/apt,105.0,5,9,0.24,243,High,True,2026-06-29,2026-09-11T01:25:48+02:00
841324858741255317,Au-Haidhausen,Entire home/apt,126.0,3,13,0.33,43,Medium,True,2026-06-29,2026-09-11T01:25:48+02:00
841822996891229909,Thalkirchen-Obersendling-Forstenried-Fürstenried-Solln,Entire home/apt,80.0,12,1,0.03,19,Low,True,2026-06-29,2026-09-11T01:25:48+02:00
842533656984207033,Maxvorstadt,Entire home/apt,163.0,30,0,0.0,364,High,False,2026-06-29,2026-09-11T01:25:48+02:00
842535591692408792,Schwanthalerhöhe,Private room,42.0,2,83,2.17,306,High,True,2026-06-29,2026-09-11T01:25:48+02:00
843412332837421378,Schwabing-West,Entire home/apt,17.0,15,2,0.4,360,High,True,2026-06-29,2026-09-11T01:25:48+02:00
843799371383177523,Ludwigsvorstadt-Isarvorstadt,Entire home/apt,132.0,5,9,0.23,131,Medium,True,2026-06-29,2026-09-11T01:25:48+02:00
845509462151140477,Obergiesing,Private room,126.0,1,16,0.46,219,High,True,2026-06-29,2026-09-11T01:25:48+02:00
845543967582679077,Berg am Laim,Entire home/apt,600.0,2,18,0.47,257,High,True,2026-06-29,2026-09-11T01:25:48+02:00
845725483662665549,Schwabing-Freimann,Private room,69.0,2,77,1.93,12,Low,True,2026-06-29,2026-09-11T01:25:48+02:00
845831872436628401,Tudering-Riem,Private room,53.0,3,55,1.4,194,High,True,2026-06-29,2026-09-11T01:25:48+02:00
846106249795633732,Aubing-Lochhausen-Langwied,Entire home/apt,105.0,5,0,0.0,252,High,False,2026-06-29,2026-09-11T01:25:48+02:00
849039287277728757,Obergiesing,Entire home/apt,365.0,1,47,1.18,8,Low,True,2026-06-29,2026-09-11T01:25:48+02:00
849064586214909825,Tudering-Riem,Entire home/apt,294.0,1,17,0.44,212,High,True,2026-06-29,2026-09-11T01:25:48+02:00
851157158695962084,Tudering-Riem,Entire home/apt,799.0,2,19,0.49,177,Medium,True,2026-06-29,2026-09-11T01:25:48+02:00
851236846298649949,Au-Haidhausen,Entire home/apt,164.0,5,13,0.33,54,Medium,True,2026-06-29,2026-09-11T01:25:48+02:00
851256284200526033,Moosach,Private room,47.0,30,3,0.08,227,High,True,2026-06-29,2026-09-11T01:25:48+02:00
851321891029756938,Ludwigsvorstadt-Isarvorstadt,Entire home/apt,47.0,1,2,0.09,174,Medium,True,2026-06-29,2026-09-11T01:25:48+02:00
851324911528612990,Aubing-Lochhausen-Langwied,Entire home/apt,131.0,6,6,0.16,268,High,True,2026-06-29,2026-09-11T01:25:48+02:00
852068997333367272,Aubing-Lochhausen-Langwied,Entire home/apt,202.0,5,0,0.0,362,High,False,2026-06-29,2026-09-11T01:25:48+02:00
852072899601730145,Aubing-Lochhausen-Langwied,Entire home/apt,224.0,6,9,0.26,357,High,True,2026-06-29,2026-09-11T01:25:48+02:00
853383792329623819,Aubing-Lochhausen-Langwied,Entire home/apt,105.0,5,9,0.24,238,High,True,2026-06-29,2026-09-11T01:25:48+02:00
853455151517912746,Aubing-Lochhausen-Langwied,Entire home/apt,117.0,6,4,0.1,261,High,True,2026-06-29,2026-09-11T01:25:48+02:00
853531814089214982,Ludwigsvorstadt-Isarvorstadt,Entire home/apt,132.0,2,81,2.08,82,Medium,True,2026-06-29,2026-09-11T01:25:48+02:00
853743331769456603,Obergiesing,Private room,59.0,1,39,1.0,212,High,True,2026-06-29,2026-09-11T01:25:48+02:00
855750721676072905,Schwabing-Freimann,Entire home/apt,446.0,2,23,0.59,319,High,True,2026-06-29,2026-09-11T01:25:48+02:00
856260944534401666,Milbertshofen-Am Hart,Entire home/apt,116.0,1,12,0.33,263,High,True,2026-06-29,2026-09-11T01:25:48+02:00
856526962414212799,Ludwigsvorstadt-Isarvorstadt,Entire home/apt,621.0,2,0,0.0,22,Low,False,2026-06-29,2026-09-11T01:25:48+02:00
856562742323343657,Ludwigsvorstadt-Isarvorstadt,Private room,143.0,3,26,0.7,68,Medium,True,2026-06-29,2026-09-11T01:25:48+02:00
856928869223661788,Berg am Laim,Entire home/apt,208.0,2,97,2.49,105,Medium,True,2026-06-29,2026-09-11T01:25:48+02:00
857101119632248991,Aubing-Lochhausen-Langwied,Entire home/apt,114.0,6,3,0.08,268,High,True,2026-06-29,2026-09-11T01:25:48+02:00
857151982775023229,Tudering-Riem,Entire home/apt,348.0,2,78,2.12,252,High,True,2026-06-29,2026-09-11T01:25:48+02:00
857666166825813478,Milbertshofen-Am Hart,Private room,82.0,1,0,0.0,231,High,False,2026-06-29,2026-09-11T01:25:48+02:00
857725610451708833,Au-Haidhausen,Private room,340.0,1,13,0.34,32,Medium,True,2026-06-29,2026-09-11T01:25:48+02:00
858414161993741571,Aubing-Lochhausen-Langwied,Entire home/apt,114.0,6,18,0.47,261,High,True,2026-06-29,2026-09-11T01:25:48+02:00
858509887178160113,Schwabing-West,Entire home/apt,171.0,1,27,0.71,152,Medium,True,2026-06-29,2026-09-11T01:25:48+02:00
859102888164959635,Moosach,Entire home/apt,101.0,1,171,4.55,330,High,True,2026-06-29,2026-09-11T01:25:48+02:00
859102909188768934,Moosach,Entire home/apt,91.0,1,317,8.39,318,High,True,2026-06-29,2026-09-11T01:25:48+02:00
859144772098788582,Moosach,Entire home/apt,111.0,1,268,7.07,324,High,True,2026-06-29,2026-09-11T01:25:48+02:00
859148477509731484,Moosach,Entire home/apt,155.0,1,82,2.22,280,High,True,2026-06-29,2026-09-11T01:25:48+02:00
859159532280109599,Moosach,Entire home/apt,96.0,1,1604,42.28,330,High,True,2026-06-29,2026-09-11T01:25:48+02:00
859249139422880732,Aubing-Lochhausen-Langwied,Entire home/apt,103.0,6,7,0.19,235,High,True,2026-06-29,2026-09-11T01:25:48+02:00
859844614302340977,Au-Haidhausen,Private room,100.0,1,249,6.4,79,Medium,True,2026-06-29,2026-09-11T01:25:48+02:00
860543489928845597,Thalkirchen-Obersendling-Forstenried-Fürstenried-Solln,Entire home/apt,85.0,1,8,0.21,178,Medium,True,2026-06-29,2026-09-11T01:25:48+02:00
861439013626004958,Aubing-Lochhausen-Langwied,Entire home/apt,114.0,6,5,0.16,268,High,True,2026-06-29,2026-09-11T01:25:48+02:00
861454437373263685,Aubing-Lochhausen-Langwied,Entire home/apt,110.0,5,4,0.11,261,High,True,2026-06-29,2026-09-11T01:25:48+02:00
862720560052221253,Ludwigsvorstadt-Isarvorstadt,Private room,275.0,1,29,0.74,7,Low,True,2026-06-29,2026-09-11T01:25:48+02:00
862980272897152803,Laim,Private room,153.0,1,26,0.67,39,Medium,True,2026-06-29,2026-09-11T01:25:48+02:00
864627070467585448,Thalkirchen-Obersendling-Forstenried-Fürstenried-Solln,Entire home/apt,105.0,2,36,1.08,197,High,True,2026-06-29,2026-09-11T01:25:48+02:00
866091528799060389,Maxvorstadt,Private room,127.0,1,11,0.28,348,High,True,2026-06-29,2026-09-11T01:25:48+02:00
866456344573516859,Schwanthalerhöhe,Entire home/apt,598.0,2,11,0.33,246,High,True,2026-06-29,2026-09-11T01:25:48+02:00
867260850007805544,Aubing-Lochhausen-Langwied,Entire home/apt,116.0,5,3,0.08,266,High,True,2026-06-29,2026-09-11T01:25:48+02:00
867453079698608260,Au-Haidhausen,Entire home/apt,154.0,1,1,0.05,57,Medium,True,2026-06-29,2026-09-11T01:25:48+02:00
867525758017503207,Ludwigsvorstadt-Isarvorstadt,Private room,96.0,1,123,3.32,9,Low,True,2026-06-29,2026-09-11T01:25:48+02:00
867622568209107939,Ramersdorf-Perlach,Entire home/apt,308.0,3,6,0.49,144,Medium,True,2026-06-29,2026-09-11T01:25:48+02:00
868532886616701763,Neuhausen-Nymphenburg,Entire home/apt,120.0,3,13,0.58,140,Medium,True,2026-06-29,2026-09-11T01:25:48+02:00
868611816852645768,Schwabing-Freimann,Private room,65.0,28,1,0.05,345,High,True,2026-06-29,2026-09-11T01:25:48+02:00
870987321193169658,Bogenhausen,Entire home/apt,184.0,1,0,0.0,211,High,False,2026-06-29,2026-09-11T01:25:48+02:00
871062516903463575,Schwabing-Freimann,Entire home/apt,10.0,90,1,0.03,289,High,True,2026-06-29,2026-09-11T01:25:48+02:00
873866986597835201,Schwabing-West,Private room,126.0,1,17,0.45,79,Medium,True,2026-06-29,2026-09-11T01:25:48+02:00
873908268213117956,Pasing-Obermenzing,Entire home/apt,82.0,7,14,0.37,179,Medium,True,2026-06-29,2026-09-11T01:25:48+02:00
874563990745500077,Berg am Laim,Private room,670.0,1,14,0.4,23,Low,True,2026-06-29,2026-09-11T01:25:48+02:00
874578491770086384,Berg am Laim,Private room,711.0,1,9,0.32,23,Low,True,2026-06-29,2026-09-11T01:25:48+02:00
876703892625871039,Sendling,Private room,51.0,6,23,0.61,319,High,True,2026-06-29,2026-09-11T01:25:48+02:00
877321038543949371,Altstadt-Lehel,Private room,111.0,1,83,2.23,53,Medium,True,2026-06-29,2026-09-11T01:25:48+02:00
877524032506443520,Untergiesing-Harlaching,Entire home/apt,197.0,3,8,0.24,342,High,True,2026-06-29,2026-09-11T01:25:48+02:00
878680349296236307,Aubing-Lochhausen-Langwied,Entire home/apt,100.0,5,6,0.17,252,High,True,2026-06-29,2026-09-11T01:25:48+02:00
878683110349839141,Aubing-Lochhausen-Langwied,Entire home/apt,114.0,6,7,0.35,268,High,True,2026-06-29,2026-09-11T01:25:48+02:00
879004112484288139,Au-Haidhausen,Private room,80.0,1,170,4.46,113,Medium,True,2026-06-29,2026-09-11T01:25:48+02:00
879777824168196365,Schwabing-Freimann,Entire home/apt,288.0,1,136,3.54,272,High,True,2026-06-29,2026-09-11T01:25:48+02:00
880247981691886460,Aubing-Lochhausen-Langwied,Entire home/apt,119.0,6,6,0.16,268,High,True,2026-06-29,2026-09-11T01:25:48+02:00
880498917745474404,Aubing-Lochhausen-Langwied,Entire home/apt,114.0,6,9,0.24,268,High,True,2026-06-29,2026-09-11T01:25:48+02:00
881089189680789456,Hadern,Entire home/apt,75.0,1,89,2.36,185,High,True,2026-06-29,2026-09-11T01:25:48+02:00
882264130612155459,Aubing-Lochhausen-Langwied,Entire home/apt,110.0,5,1,0.06,267,High,True,2026-06-29,2026-09-11T01:25:48+02:00
882266617338178494,Aubing-Lochhausen-Langwied,Entire home/apt,110.0,5,6,0.16,267,High,True,2026-06-29,2026-09-11T01:25:48+02:00
882344456986371793,Aubing-Lochhausen-Langwied,Entire home/apt,116.0,5,4,0.11,266,High,True,2026-06-29,2026-09-11T01:25:48+02:00
883850404467587823,Bogenhausen,Entire home/apt,101.0,3,0,0.0,65,Medium,False,2026-06-29,2026-09-11T01:25:48+02:00
883872793456120820,Aubing-Lochhausen-Langwied,Entire home/apt,110.0,5,3,0.08,267,High,True,2026-06-29,2026-09-11T01:25:48+02:00
883895911729934277,Untergiesing-Harlaching,Private room,402.0,1,1,0.03,365,High,True,2026-06-29,2026-09-11T01:25:48+02:00
883905884251754171,Aubing-Lochhausen-Langwied,Entire home/apt,112.0,6,11,0.29,256,High,True,2026-06-29,2026-09-11T01:25:48+02:00
886703209327757757,Aubing-Lochhausen-Langwied,Entire home/apt,110.0,5,6,0.16,236,High,True,2026-06-29,2026-09-11T01:25:48+02:00
886705907851571508,Aubing-Lochhausen-Langwied,Entire home/apt,114.0,6,2,0.05,268,High,True,2026-06-29,2026-09-11T01:25:48+02:00
886765244079204751,Aubing-Lochhausen-Langwied,Entire home/apt,76.0,1,31,0.82,53,Medium,True,2026-06-29,2026-09-11T01:25:48+02:00
887505074044155454,Aubing-Lochhausen-Langwied,Entire home/apt,110.0,5,0,0.0,267,High,False,2026-06-29,2026-09-11T01:25:48+02:00
887748496625046214,Ludwigsvorstadt-Isarvorstadt,Entire home/apt,180.0,1,10,0.39,23,Low,True,2026-06-29,2026-09-11T01:25:48+02:00
888071303132130483,Aubing-Lochhausen-Langwied,Entire home/apt,114.0,6,1,0.05,268,High,True,2026-06-29,2026-09-11T01:25:48+02:00
888079076016935876,Aubing-Lochhausen-Langwied,Entire home/apt,114.0,6,7,0.24,251,High,True,2026-06-29,2026-09-11T01:25:48+02:00
888119742194162340,Milbertshofen-Am Hart,Entire home/apt,76.0,1,30,0.79,24,Low,True,2026-06-29,2026-09-11T01:25:48+02:00
888731603193488615,Au-Haidhausen,Entire home/apt,192.0,5,27,0.71,14,Low,True,2026-06-29,2026-09-11T01:25:48+02:00
888910883298342782,Obergiesing,Entire home/apt,81.0,1,259,6.82,329,High,True,2026-06-29,2026-09-11T01:25:48+02:00
888910953779759453,Obergiesing,Entire home/apt,77.0,1,140,3.7,305,High,True,2026-06-29,2026-09-11T01:25:48+02:00
888911044677128977,Obergiesing,Entire home/apt,137.0,1,33,0.87,288,High,True,2026-06-29,2026-09-11T01:25:48+02:00
889012750222247665,Untergiesing-Harlaching,Private room,278.0,1,8,0.22,363,High,True,2026-06-29,2026-09-11T01:25:48+02:00
889212402263634183,Feldmoching-Hasenbergl,Private room,65.0,1,3,1.76,262,High,True,2026-06-29,2026-09-11T01:25:48+02:00
889529767842162225,Aubing-Lochhausen-Langwied,Entire home/apt,110.0,5,2,0.06,267,High,True,2026-06-29,2026-09-11T01:25:48+02:00
891730010541166263,Untergiesing-Harlaching,Entire home/apt,600.0,4,0,0.0,360,High,False,2026-06-29,2026-09-11T01:25:48+02:00
892775148183457530,Altstadt-Lehel,Private room,53.0,14,7,0.2,309,High,True,2026-06-29,2026-09-11T01:25:48+02:00
893593136719840100,Sendling-Westpark,Private room,116.0,3,8,0.37,82,Medium,True,2026-06-29,2026-09-11T01:25:48+02:00
895844986428769623,Berg am Laim,Private room,100.0,1,21,0.61,149,Medium,True,2026-06-29,2026-09-11T01:25:48+02:00
896110690473659112,Ramersdorf-Perlach,Entire home/apt,230.0,3,18,0.5,202,High,True,2026-06-29,2026-09-11T01:25:48+02:00
896191840558564044,Pasing-Obermenzing,Private room,136.0,3,3,0.11,359,High,True,2026-06-29,2026-09-11T01:25:48+02:00
896281657708030036,Aubing-Lochhausen-Langwied,Entire home/apt,540.0,20,0,0.0,365,High,False,2026-06-29,2026-09-11T01:25:48+02:00
896733193965793576,Thalkirchen-Obersendling-Forstenried-Fürstenried-Solln,Entire home/apt,129.0,5,0,0.0,339,High,False,2026-06-29,2026-09-11T01:25:48+02:00
897544634927299467,Thalkirchen-Obersendling-Forstenried-Fürstenried-Solln,Private room,17.0,3,17,0.47,329,High,True,2026-06-29,2026-09-11T01:25:48+02:00
899131937188580515,Pasing-Obermenzing,Entire home/apt,137.0,14,0,0.0,288,High,False,2026-06-29,2026-09-11T01:25:48+02:00
900702509040588492,Obergiesing,Entire home/apt,749.0,3,6,0.18,362,High,True,2026-06-29,2026-09-11T01:25:48+02:00
903578452724894841,Neuhausen-Nymphenburg,Entire home/apt,199.0,2,0,0.0,349,High,False,2026-06-29,2026-09-11T01:25:48+02:00
904226377444095148,Neuhausen-Nymphenburg,Private room,161.0,2,6,0.18,62,Medium,True,2026-06-29,2026-09-11T01:25:48+02:00
904451528997778542,Au-Haidhausen,Entire home/apt,203.0,3,4,0.16,207,High,True,2026-06-29,2026-09-11T01:25:48+02:00
905692303290204668,Ludwigsvorstadt-Isarvorstadt,Private room,236.0,1,13,0.35,356,High,True,2026-06-29,2026-09-11T01:25:48+02:00
906547234154961787,Sendling-Westpark,Entire home/apt,201.0,2,32,0.86,187,High,True,2026-06-29,2026-09-11T01:25:48+02:00
906642379246699936,Moosach,Private room,94.0,1,102,2.79,38,Medium,True,2026-06-29,2026-09-11T01:25:48+02:00
907096371317712714,Schwabing-West,Private room,159.0,2,7,0.19,356,High,True,2026-06-29,2026-09-11T01:25:48+02:00
907755963789549889,Schwanthalerhöhe,Entire home/apt,415.0,2,11,0.32,13,Low,True,2026-06-29,2026-09-11T01:25:48+02:00
907792597888608024,Ramersdorf-Perlach,Private room,65.0,1,35,1.0,326,High,True,2026-06-29,2026-09-11T01:25:48+02:00
908463620542767087,Pasing-Obermenzing,Private room,496.0,1,0,0.0,365,High,False,2026-06-29,2026-09-11T01:25:48+02:00
908616675159586273,Sendling-Westpark,Entire home/apt,110.0,2,16,0.63,9,Low,True,2026-06-29,2026-09-11T01:25:48+02:00
908643992212779901,Au-Haidhausen,Entire home/apt,743.0,3,0,0.0,282,High,False,2026-06-29,2026-09-11T01:25:48+02:00
908684589147874430,Schwanthalerhöhe,Entire home/apt,85.0,1,9,0.25,25,Low,True,2026-06-29,2026-09-11T01:25:48+02:00
908781565268254705,Maxvorstadt,Entire home/apt,223.0,1,134,3.89,7,Low,True,2026-06-29,2026-09-11T01:25:48+02:00
909965738317430982,Ludwigsvorstadt-Isarvorstadt,Entire home/apt,137.0,2,83,2.27,152,Medium,True,2026-06-29,2026-09-11T01:25:48+02:00
911258213928672285,Pasing-Obermenzing,Entire home/apt,102.0,21,1,0.03,87,Medium,True,2026-06-29,2026-09-11T01:25:48+02:00
911954689907904673,Neuhausen-Nymphenburg,Entire home/apt,136.0,1,1,0.04,247,High,True,2026-06-29,2026-09-11T01:25:48+02:00
912002626552516067,Laim,Private room,98.0,3,16,0.47,18,Low,True,2026-06-29,2026-09-11T01:25:48+02:00
912150133501391274,Schwabing-West,Entire home/apt,138.0,4,18,0.5,236,High,True,2026-06-29,2026-09-11T01:25:48+02:00
912382363374401793,Ludwigsvorstadt-Isarvorstadt,Entire home/apt,137.0,2,79,2.14,82,Medium,True,2026-06-29,2026-09-11T01:25:48+02:00
912446506165380827,Neuhausen-Nymphenburg,Private room,73.0,2,49,1.42,37,Medium,True,2026-06-29,2026-09-11T01:25:48+02:00
914352696506959419,Au-Haidhausen,Entire home/apt,320.0,1,13,0.38,157,Medium,True,2026-06-29,2026-09-11T01:25:48+02:00
914976149325803158,Thalkirchen-Obersendling-Forstenried-Fürstenried-Solln,Entire home/apt,37.0,91,3,0.1,212,High,True,2026-06-29,2026-09-11T01:25:48+02:00
915728278631418221,Feldmoching-Hasenbergl,Entire home/apt,122.0,1,25,0.69,136,Medium,True,2026-06-29,2026-09-11T01:25:48+02:00
915833887441011735,Maxvorstadt,Entire home/apt,769.0,3,23,0.67,24,Low,True,2026-06-29,2026-09-11T01:25:48+02:00
916166460654647731,Untergiesing-Harlaching,Private room,89.0,2,7,0.21,166,Medium,True,2026-06-29,2026-09-11T01:25:48+02:00
916511012250763338,Schwanthalerhöhe,Entire home/apt,327.0,2,65,1.95,305,High,True,2026-06-29,2026-09-11T01:25:48+02:00
917843287606460495,Hadern,Entire home/apt,58.0,60,4,0.11,182,High,True,2026-06-29,2026-09-11T01:25:48+02:00
918643050845310830,Au-Haidhausen,Entire home/apt,228.0,3,15,0.42,344,High,True,2026-06-29,2026-09-11T01:25:48+02:00
918707194984221542,Bogenhausen,Entire home/apt,138.0,2,5,0.14,357,High,True,2026-06-29,2026-09-11T01:25:48+02:00
918940158941115038,Sendling-Westpark,Shared room,60.0,1,18,0.54,76,Medium,True,2026-06-29,2026-09-11T01:25:48+02:00
918940163629340328,Sendling-Westpark,Private room,60.0,1,17,0.5,88,Medium,True,2026-06-29,2026-09-11T01:25:48+02:00
918940169434297007,Sendling-Westpark,Private room,76.0,1,5,0.2,85,Medium,True,2026-06-29,2026-09-11T01:25:48+02:00
919456581111183464,Ludwigsvorstadt-Isarvorstadt,Entire home/apt,128.0,1,145,4.32,303,High,True,2026-06-29,2026-09-11T01:25:48+02:00
919601165418290290,Obergiesing,Private room,98.0,1,7,0.2,258,High,True,2026-06-29,2026-09-11T01:25:48+02:00
922399536708825965,Ludwigsvorstadt-Isarvorstadt,Entire home/apt,300.0,3,8,0.23,248,High,True,2026-06-29,2026-09-11T01:25:48+02:00
922583197723366367,Ludwigsvorstadt-Isarvorstadt,Entire home/apt,225.0,1,19,0.57,8,Low,True,2026-06-29,2026-09-11T01:25:48+02:00
923636365449883067,Thalkirchen-Obersendling-Forstenried-Fürstenried-Solln,Private room,270.0,1,21,0.59,310,High,True,2026-06-29,2026-09-11T01:25:48+02:00
923735830396656544,Untergiesing-Harlaching,Entire home/apt,150.0,12,7,0.2,210,High,True,2026-06-29,2026-09-11T01:25:48+02:00
924492697847098722,Berg am Laim,Entire home/apt,269.0,1,15,0.44,159,Medium,True,2026-06-29,2026-09-11T01:25:48+02:00
924517568683665917,Tudering-Riem,Entire home/apt,226.0,1,4,0.11,170,Medium,True,2026-06-29,2026-09-11T01:25:48+02:00
924686499407868569,Ramersdorf-Perlach,Entire home/apt,224.0,2,18,0.51,328,High,True,2026-06-29,2026-09-11T01:25:48+02:00
925852562363379780,Feldmoching-Hasenbergl,Private room,113.0,1,23,0.68,177,Medium,True,2026-06-29,2026-09-11T01:25:48+02:00
927123008718496797,Maxvorstadt,Entire home/apt,299.0,2,27,0.8,351,High,True,2026-06-29,2026-09-11T01:25:48+02:00
927199412682059968,Tudering-Riem,Private room,85.0,1,73,2.02,115,Medium,True,2026-06-29,2026-09-11T01:25:48+02:00
927405796565149608,Neuhausen-Nymphenburg,Entire home/apt,99.0,2,5,0.14,15,Low,True,2026-06-29,2026-09-11T01:25:48+02:00
927680560877220046,Pasing-Obermenzing,Entire home/apt,298.0,2,24,0.68,185,High,True,2026-06-29,2026-09-11T01:25:48+02:00
927946386427611984,Ludwigsvorstadt-Isarvorstadt,Entire home/apt,145.0,1,79,2.33,294,High,True,2026-06-29,2026-09-11T01:25:48+02:00
927951134598825378,Ludwigsvorstadt-Isarvorstadt,Entire home/apt,107.0,1,154,4.69,295,High,True,2026-06-29,2026-09-11T01:25:48+02:00
927963213067859995,Ludwigsvorstadt-Isarvorstadt,Entire home/apt,142.0,1,118,3.51,307,High,True,2026-06-29,2026-09-11T01:25:48+02:00
927970229613591209,Ludwigsvorstadt-Isarvorstadt,Entire home/apt,237.0,1,194,5.87,220,High,True,2026-06-29,2026-09-11T01:25:48+02:00
928218515090629339,Pasing-Obermenzing,Private room,80.0,1,79,2.19,27,Low,True,2026-06-29,2026-09-11T01:25:48+02:00
928360332566780262,Au-Haidhausen,Entire home/apt,280.0,4,7,0.56,39,Medium,True,2026-06-29,2026-09-11T01:25:48+02:00
928978221404956310,Milbertshofen-Am Hart,Entire home/apt,396.0,1,35,1.02,31,Medium,True,2026-06-29,2026-09-11T01:25:48+02:00
929480948079578706,Ludwigsvorstadt-Isarvorstadt,Entire home/apt,344.0,2,122,3.4,214,High,True,2026-06-29,2026-09-11T01:25:48+02:00
929507781260949025,Sendling,Entire home/apt,429.0,1,20,0.56,17,Low,True,2026-06-29,2026-09-11T01:25:48+02:00
930273994671050577,Schwabing-West,Entire home/apt,205.0,1,48,1.42,138,Medium,True,2026-06-29,2026-09-11T01:25:48+02:00
930973940237137971,Ludwigsvorstadt-Isarvorstadt,Entire home/apt,138.0,2,65,1.81,59,Medium,True,2026-06-29,2026-09-11T01:25:48+02:00
931610847629205579,Ludwigsvorstadt-Isarvorstadt,Entire home/apt,127.0,2,49,1.37,58,Medium,True,2026-06-29,2026-09-11T01:25:48+02:00
931700824964752918,Ludwigsvorstadt-Isarvorstadt,Entire home/apt,290.0,3,1,0.03,178,Medium,True,2026-06-29,2026-09-11T01:25:48+02:00
932457028533975974,Maxvorstadt,Entire home/apt,296.0,1,13,0.36,71,Medium,True,2026-06-29,2026-09-11T01:25:48+02:00
933169795339833700,Altstadt-Lehel,Private room,999.0,1,1,0.04,179,Medium,True,2026-06-29,2026-09-11T01:25:48+02:00
933188426506467226,Altstadt-Lehel,Private room,999.0,1,0,0.0,179,Medium,False,2026-06-29,2026-09-11T01:25:48+02:00
933195766333470241,Altstadt-Lehel,Private room,999.0,1,0,0.0,179,Medium,False,2026-06-29,2026-09-11T01:25:48+02:00
933204804064985979,Altstadt-Lehel,Private room,999.0,1,0,0.0,179,Medium,False,2026-06-29,2026-09-11T01:25:48+02:00
933214590735824054,Altstadt-Lehel,Private room,999.0,1,0,0.0,179,Medium,False,2026-06-29,2026-09-11T01:25:48+02:00
933222290972393748,Altstadt-Lehel,Private room,999.0,1,1,0.03,179,Medium,True,2026-06-29,2026-09-11T01:25:48+02:00
933901074643884517,Au-Haidhausen,Entire home/apt,328.0,2,65,1.83,12,Low,True,2026-06-29,2026-09-11T01:25:48+02:00
934164431271275535,Ludwigsvorstadt-Isarvorstadt,Entire home/apt,77.0,14,5,0.49,244,High,True,2026-06-29,2026-09-11T01:25:48+02:00
935205080617478409,Tudering-Riem,Entire home/apt,35.0,58,0,0.0,190,High,False,2026-06-29,2026-09-11T01:25:48+02:00
935336009289976467,Ludwigsvorstadt-Isarvorstadt,Entire home/apt,141.0,1,14,0.41,18,Low,True,2026-06-29,2026-09-11T01:25:48+02:00
936861759879412772,Aubing-Lochhausen-Langwied,Private room,57.0,14,6,0.17,179,Medium,True,2026-06-29,2026-09-11T01:25:48+02:00
936898941916152068,Ramersdorf-Perlach,Entire home/apt,159.0,1,20,0.56,348,High,True,2026-06-29,2026-09-11T01:25:48+02:00
937544342213846278,Thalkirchen-Obersendling-Forstenried-Fürstenried-Solln,Entire home/apt,108.0,14,7,0.2,60,Medium,True,2026-06-29,2026-09-11T01:25:48+02:00
937715320919542657,Tudering-Riem,Entire home/apt,172.0,2,26,0.96,222,High,True,2026-06-29,2026-09-11T01:25:48+02:00
938443935773388615,Ramersdorf-Perlach,Entire home/apt,116.0,5,6,0.18,157,Medium,True,2026-06-29,2026-09-11T01:25:48+02:00
938446802136708568,Ludwigsvorstadt-Isarvorstadt,Entire home/apt,136.0,2,59,1.65,67,Medium,True,2026-06-29,2026-09-11T01:25:48+02:00
938916315391156417,Tudering-Riem,Entire home/apt,148.0,1,5,0.34,116,Medium,True,2026-06-29,2026-09-11T01:25:48+02:00
939086574081449593,Ludwigsvorstadt-Isarvorstadt,Entire home/apt,124.0,2,66,1.86,68,Medium,True,2026-06-29,2026-09-11T01:25:48+02:00
939699698937062907,Ludwigsvorstadt-Isarvorstadt,Entire home/apt,253.0,1,17,0.66,343,High,True,2026-06-29,2026-09-11T01:25:48+02:00
939822968420114471,Sendling-Westpark,Entire home/apt,1000.0,3,0,0.0,88,Medium,False,2026-06-29,2026-09-11T01:25:48+02:00
939856308375995084,Bogenhausen,Entire home/apt,85.0,1,36,1.06,147,Medium,True,2026-06-29,2026-09-11T01:25:48+02:00
939903842716828373,Laim,Entire home/apt,120.0,1,66,1.86,66,Medium,True,2026-06-29,2026-09-11T01:25:48+02:00
940229753995073260,Maxvorstadt,Entire home/apt,202.0,1,83,2.34,169,Medium,True,2026-06-29,2026-09-11T01:25:48+02:00
940350089908401861,Altstadt-Lehel,Entire home/apt,480.0,1,11,0.33,363,High,True,2026-06-29,2026-09-11T01:25:48+02:00
941866477394359135,Schwabing-Freimann,Entire home/apt,83.0,14,2,0.07,250,High,True,2026-06-29,2026-09-11T01:25:48+02:00
941944295359479309,Laim,Private room,265.0,1,9,0.27,18,Low,True,2026-06-29,2026-09-11T01:25:48+02:00
942082578377100733,Schwabing-West,Private room,109.0,1,32,2.27,61,Medium,True,2026-06-29,2026-09-11T01:25:48+02:00
942455310395993428,Tudering-Riem,Private room,64.0,2,69,1.95,222,High,True,2026-06-29,2026-09-11T01:25:48+02:00
942616467836957158,Obergiesing,Private room,60.0,10,0,0.0,73,Medium,False,2026-06-29,2026-09-11T01:25:48+02:00
942658649303055510,Thalkirchen-Obersendling-Forstenried-Fürstenried-Solln,Entire home/apt,488.0,2,2,0.06,300,High,True,2026-06-29,2026-09-11T01:25:48+02:00
942728104094716983,Sendling,Entire home/apt,155.0,2,19,0.54,47,Medium,True,2026-06-29,2026-09-11T01:25:48+02:00
942801807279279510,Untergiesing-Harlaching,Private room,79.0,1,39,1.17,146,Medium,True,2026-06-29,2026-09-11T01:25:48+02:00
942848866844040150,Obergiesing,Entire home/apt,192.0,1,24,0.7,30,Low,True,2026-06-29,2026-09-11T01:25:48+02:00
944061163924828252,Milbertshofen-Am Hart,Private room,120.0,1,0,0.0,364,High,False,2026-06-29,2026-09-11T01:25:48+02:00
944361739802997584,Tudering-Riem,Private room,61.0,1,19,0.55,178,Medium,True,2026-06-29,2026-09-11T01:25:48+02:00
944923060129634944,Laim,Private room,78.0,30,0,0.0,301,High,False,2026-06-29,2026-09-11T01:25:48+02:00
945507137426111792,Aubing-Lochhausen-Langwied,Entire home/apt,110.0,5,3,0.09,267,High,True,2026-06-29,2026-09-11T01:25:48+02:00
945511308902727949,Aubing-Lochhausen-Langwied,Entire home/apt,101.0,4,5,0.2,255,High,True,2026-06-29,2026-09-11T01:25:48+02:00
946381360760782234,Ramersdorf-Perlach,Entire home/apt,25.0,90,0,0.0,159,Medium,False,2026-06-29,2026-09-11T01:25:48+02:00
946859143169238467,Pasing-Obermenzing,Private room,89.0,2,33,0.98,44,Medium,True,2026-06-29,2026-09-11T01:25:48+02:00
947216301895171618,Thalkirchen-Obersendling-Forstenried-Fürstenried-Solln,Entire home/apt,178.0,3,4,0.15,346,High,True,2026-06-29,2026-09-11T01:25:48+02:00
947636032427977918,Allach-Untermenzing,Entire home/apt,519.0,4,23,0.65,243,High,True,2026-06-29,2026-09-11T01:25:48+02:00
947654456388843602,Ludwigsvorstadt-Isarvorstadt,Entire home/apt,494.0,1,32,0.95,59,Medium,True,2026-06-29,2026-09-11T01:25:48+02:00
947848961285576234,Sendling,Entire home/apt,172.0,2,6,0.67,316,High,True,2026-06-29,2026-09-11T01:25:48+02:00
947942186969825644,Sendling,Entire home/apt,465.0,1,10,0.28,251,High,True,2026-06-29,2026-09-11T01:25:48+02:00
948299500374476052,Pasing-Obermenzing,Private room,118.0,2,3,0.12,142,Medium,True,2026-06-29,2026-09-11T01:25:48+02:00
948481786266995645,Allach-Untermenzing,Entire home/apt,83.0,6,23,0.68,258,High,True,2026-06-29,2026-09-11T01:25:48+02:00
948581674790320280,Ludwigsvorstadt-Isarvorstadt,Entire home/apt,622.0,2,14,0.41,93,Medium,True,2026-06-29,2026-09-11T01:25:48+02:00
948676099818226612,Altstadt-Lehel,Entire home/apt,559.0,1,177,5.05,149,Medium,True,2026-06-29,2026-09-11T01:25:48+02:00
948933616461087334,Obergiesing,Entire home/apt,182.0,1,17,0.5,309,High,True,2026-06-29,2026-09-11T01:25:48+02:00
949114195673325066,Au-Haidhausen,Entire home/apt,111.0,5,0,0.0,87,Medium,False,2026-06-29,2026-09-11T01:25:48+02:00
949682971945729686,Ramersdorf-Perlach,Entire home/apt,119.0,30,1,0.03,89,Medium,True,2026-06-29,2026-09-11T01:25:48+02:00
949943365843539390,Sendling-Westpark,Private room,88.0,1,37,1.08,90,Medium,True,2026-06-29,2026-09-11T01:25:48+02:00
950711529520916830,Tudering-Riem,Entire home/apt,92.0,1,50,2.6,109,Medium,True,2026-06-29,2026-09-11T01:25:48+02:00
950798267377022916,Milbertshofen-Am Hart,Entire home/apt,189.0,2,79,2.3,129,Medium,True,2026-06-29,2026-09-11T01:25:48+02:00
951121590519558532,Schwabing-West,Entire home/apt,192.0,1,4,0.12,187,High,True,2026-06-29,2026-09-11T01:25:48+02:00
951141273996818376,Sendling,Entire home/apt,361.0,3,5,0.15,34,Medium,True,2026-06-29,2026-09-11T01:25:48+02:00
952108863819377760,Ludwigsvorstadt-Isarvorstadt,Entire home/apt,224.0,1,21,0.6,43,Medium,True,2026-06-29,2026-09-11T01:25:48+02:00
952210572291926902,Schwabing-West,Entire home/apt,165.0,2,33,0.97,70,Medium,True,2026-06-29,2026-09-11T01:25:48+02:00
952513663534675678,Ludwigsvorstadt-Isarvorstadt,Entire home/apt,208.0,1,163,4.88,187,High,True,2026-06-29,2026-09-11T01:25:48+02:00
952927696060202306,Bogenhausen,Entire home/apt,428.0,5,3,0.09,26,Low,True,2026-06-29,2026-09-11T01:25:48+02:00
952979672689781859,Milbertshofen-Am Hart,Private room,45.0,4,16,0.47,20,Low,True,2026-06-29,2026-09-11T01:25:48+02:00
953374407953862260,Ramersdorf-Perlach,Entire home/apt,190.0,1,5,0.2,265,High,True,2026-06-29,2026-09-11T01:25:48+02:00
953376196233002477,Maxvorstadt,Entire home/apt,115.0,1,2,0.06,74,Medium,True,2026-06-29,2026-09-11T01:25:48+02:00
953458763431187495,Ludwigsvorstadt-Isarvorstadt,Entire home/apt,118.0,1,448,31.26,313,High,True,2026-06-29,2026-09-11T01:25:48+02:00
953507851517906165,Milbertshofen-Am Hart,Private room,328.0,2,32,0.94,125,Medium,True,2026-06-29,2026-09-11T01:25:48+02:00
953531585851754011,Ludwigsvorstadt-Isarvorstadt,Entire home/apt,137.0,1,15,1.05,295,High,True,2026-06-29,2026-09-11T01:25:48+02:00
953534900896207503,Ludwigsvorstadt-Isarvorstadt,Entire home/apt,145.0,1,16,1.15,301,High,True,2026-06-29,2026-09-11T01:25:48+02:00
953648269347096079,Maxvorstadt,Private room,71.0,3,3,0.2,17,Low,True,2026-06-29,2026-09-11T01:25:48+02:00
953760971623833409,Ludwigsvorstadt-Isarvorstadt,Entire home/apt,140.0,1,16,0.47,269,High,True,2026-06-29,2026-09-11T01:25:48+02:00
954237915368227874,Sendling,Entire home/apt,142.0,3,4,0.12,8,Low,True,2026-06-29,2026-09-11T01:25:48+02:00
954939328123410198,Ludwigsvorstadt-Isarvorstadt,Entire home/apt,560.0,3,0,0.0,269,High,False,2026-06-29,2026-09-11T01:25:48+02:00
955414492556349201,Tudering-Riem,Entire home/apt,160.0,2,38,1.09,290,High,True,2026-06-29,2026-09-11T01:25:48+02:00
955523215592397468,Ludwigsvorstadt-Isarvorstadt,Entire home/apt,272.0,3,16,0.48,77,Medium,True,2026-06-29,2026-09-11T01:25:48+02:00
956379788419290130,Ludwigsvorstadt-Isarvorstadt,Entire home/apt,218.0,1,88,3.02,111,Medium,True,2026-06-29,2026-09-11T01:25:48+02:00
956674305694162589,Schwabing-West,Entire home/apt,141.0,5,8,0.24,170,Medium,True,2026-06-29,2026-09-11T01:25:48+02:00
957125344233859899,Altstadt-Lehel,Entire home/apt,181.0,1,90,2.63,82,Medium,True,2026-06-29,2026-09-11T01:25:48+02:00
957183840498152042,Schwabing-West,Entire home/apt,332.0,1,163,5.35,233,High,True,2026-06-29,2026-09-11T01:25:48+02:00
957209015920973500,Schwabing-Freimann,Entire home/apt,86.0,1,0,0.0,343,High,False,2026-06-29,2026-09-11T01:25:48+02:00
957700683908201259,Au-Haidhausen,Private room,97.0,2,41,1.2,115,Medium,True,2026-06-29,2026-09-11T01:25:48+02:00
957832344978836307,Au-Haidhausen,Entire home/apt,621.0,4,2,0.07,191,High,True,2026-06-29,2026-09-11T01:25:48+02:00
958400915932761524,Ludwigsvorstadt-Isarvorstadt,Entire home/apt,438.0,3,3,0.09,88,Medium,True,2026-06-29,2026-09-11T01:25:48+02:00
958425580323245496,Tudering-Riem,Entire home/apt,129.0,2,63,1.87,99,Medium,True,2026-06-29,2026-09-11T01:25:48+02:00
958456825760379929,Altstadt-Lehel,Entire home/apt,200.0,5,0,0.0,344,High,False,2026-06-29,2026-09-11T01:25:48+02:00
958798178275776596,Neuhausen-Nymphenburg,Entire home/apt,280.0,1,20,0.59,134,Medium,True,2026-06-29,2026-09-11T01:25:48+02:00
959164672262573674,Ramersdorf-Perlach,Entire home/apt,414.0,3,4,0.12,89,Medium,True,2026-06-29,2026-09-11T01:25:48+02:00
959192471185574733,Obergiesing,Entire home/apt,495.0,2,19,0.56,89,Medium,True,2026-06-29,2026-09-11T01:25:48+02:00
959281546831726449,Ludwigsvorstadt-Isarvorstadt,Entire home/apt,144.0,3,6,0.18,29,Low,True,2026-06-29,2026-09-11T01:25:48+02:00
959471872420009286,Neuhausen-Nymphenburg,Entire home/apt,489.0,3,30,0.89,154,Medium,True,2026-06-29,2026-09-11T01:25:48+02:00
959496848648520171,Au-Haidhausen,Entire home/apt,295.0,2,20,0.58,33,Medium,True,2026-06-29,2026-09-11T01:25:48+02:00
959510062476486140,Ludwigsvorstadt-Isarvorstadt,Entire home/apt,792.0,7,2,0.06,358,High,True,2026-06-29,2026-09-11T01:25:48+02:00
959752962384130876,Obergiesing,Entire home/apt,110.0,15,2,0.09,222,High,True,2026-06-29,2026-09-11T01:25:48+02:00
960130998022160216,Ramersdorf-Perlach,Private room,100.0,1,25,0.74,155,Medium,True,2026-06-29,2026-09-11T01:25:48+02:00
960143797987680101,Maxvorstadt,Private room,250.0,1,0,0.0,269,High,False,2026-06-29,2026-09-11T01:25:48+02:00
960169988143024024,Tudering-Riem,Private room,124.0,1,30,0.89,308,High,True,2026-06-29,2026-09-11T01:25:48+02:00
960359119324078278,Obergiesing,Entire home/apt,190.0,1,11,0.32,88,Medium,True,2026-06-29,2026-09-11T01:25:48+02:00
960725546553067178,Allach-Untermenzing,Private room,60.0,4,32,1.17,79,Medium,True,2026-06-29,2026-09-11T01:25:48+02:00
961331251524767456,Ludwigsvorstadt-Isarvorstadt,Private room,95.0,1,4,4.0,173,Medium,True,2026-06-29,2026-09-11T01:25:48+02:00
961398105469635737,Bogenhausen,Entire home/apt,221.0,2,26,0.81,58,Medium,True,2026-06-29,2026-09-11T01:25:48+02:00
961399765066350060,Tudering-Riem,Entire home/apt,820.0,3,22,0.67,236,High,True,2026-06-29,2026-09-11T01:25:48+02:00
961578980021070610,Schwabing-Freimann,Private room,54.0,1,0,0.0,263,High,False,2026-06-29,2026-09-11T01:25:48+02:00
961633992601569410,Berg am Laim,Entire home/apt,367.0,5,9,0.26,269,High,True,2026-06-29,2026-09-11T01:25:48+02:00
962204303826114744,Sendling,Entire home/apt,668.0,1,4,0.12,23,Low,True,2026-06-29,2026-09-11T01:25:48+02:00
962205705042140483,Schwabing-West,Entire home/apt,278.0,2,142,4.2,272,High,True,2026-06-29,2026-09-11T01:25:48+02:00
962331541610105009,Neuhausen-Nymphenburg,Entire home/apt,399.0,3,4,0.12,159,Medium,True,2026-06-29,2026-09-11T01:25:48+02:00
962843863065830020,Thalkirchen-Obersendling-Forstenried-Fürstenried-Solln,Entire home/apt,177.0,2,16,0.47,36,Medium,True,2026-06-29,2026-09-11T01:25:48+02:00
962923528835750369,Aubing-Lochhausen-Langwied,Entire home/apt,78.0,2,71,2.13,141,Medium,True,2026-06-29,2026-09-11T01:25:48+02:00
963042974078143558,Milbertshofen-Am Hart,Entire home/apt,170.0,5,13,0.39,18,Low,True,2026-06-29,2026-09-11T01:25:48+02:00
963422061724288453,Schwabing-West,Entire home/apt,280.0,3,11,0.33,86,Medium,True,2026-06-29,2026-09-11T01:25:48+02:00
963542149240932904,Maxvorstadt,Private room,105.0,2,0,0.0,251,High,False,2026-06-29,2026-09-11T01:25:48+02:00
963596060483122398,Bogenhausen,Entire home/apt,23.0,180,0,0.0,269,High,False,2026-06-29,2026-09-11T01:25:48+02:00
963886222164328057,Maxvorstadt,Entire home/apt,379.0,1,9,0.27,100,Medium,True,2026-06-29,2026-09-11T01:25:48+02:00
964238925254873768,Sendling,Entire home/apt,148.0,2,6,0.27,77,Medium,True,2026-06-29,2026-09-11T01:25:48+02:00
964251483350851838,Ramersdorf-Perlach,Private room,118.0,1,7,0.21,59,Medium,True,2026-06-29,2026-09-11T01:25:48+02:00
964330620622239025,Pasing-Obermenzing,Entire home/apt,132.0,3,10,0.3,218,High,True,2026-06-29,2026-09-11T01:25:48+02:00
964393874175379248,Milbertshofen-Am Hart,Private room,113.0,3,12,0.36,67,Medium,True,2026-06-29,2026-09-11T01:25:48+02:00
964439794333929325,Maxvorstadt,Private room,153.0,3,15,0.44,115,Medium,True,2026-06-29,2026-09-11T01:25:48+02:00
964466976734339486,Schwabing-West,Entire home/apt,312.0,1,8,0.23,88,Medium,True,2026-06-29,2026-09-11T01:25:48+02:00
964480809220121050,Sendling,Entire home/apt,674.0,1,22,0.65,255,High,True,2026-06-29,2026-09-11T01:25:48+02:00
964601045939787389,Thalkirchen-Obersendling-Forstenried-Fürstenried-Solln,Entire home/apt,171.0,2,6,0.17,174,Medium,True,2026-06-29,2026-09-11T01:25:48+02:00
964911055494219036,Aubing-Lochhausen-Langwied,Entire home/apt,110.0,5,2,0.06,267,High,True,2026-06-29,2026-09-11T01:25:48+02:00
965017108785592680,Pasing-Obermenzing,Entire home/apt,104.0,7,0,0.0,236,High,False,2026-06-29,2026-09-11T01:25:48+02:00
965196722549892891,Berg am Laim,Private room,148.0,1,11,0.33,4,Low,True,2026-06-29,2026-09-11T01:25:48+02:00
965211999877062376,Berg am Laim,Private room,131.0,1,6,0.18,3,Low,True,2026-06-29,2026-09-11T01:25:48+02:00
965774669760102927,Sendling-Westpark,Entire home/apt,250.0,2,3,0.09,2,Low,True,2026-06-29,2026-09-11T01:25:48+02:00
965802837282148781,Neuhausen-Nymphenburg,Private room,150.0,1,27,0.8,87,Medium,True,2026-06-29,2026-09-11T01:25:48+02:00
966361424808707206,Ramersdorf-Perlach,Private room,84.0,1,10,0.3,86,Medium,True,2026-06-29,2026-09-11T01:25:48+02:00
966381738637282838,Sendling-Westpark,Entire home/apt,450.0,3,15,0.44,173,Medium,True,2026-06-29,2026-09-11T01:25:48+02:00
966409703008683119,Sendling-Westpark,Entire home/apt,180.0,1,17,0.5,83,Medium,True,2026-06-29,2026-09-11T01:25:48+02:00
967073270955815307,Obergiesing,Entire home/apt,532.0,2,4,0.12,60,Medium,True,2026-06-29,2026-09-11T01:25:48+02:00
967238442272496454,Au-Haidhausen,Entire home/apt,365.0,2,13,0.39,131,Medium,True,2026-06-29,2026-09-11T01:25:48+02:00
967327252047739121,Milbertshofen-Am Hart,Entire home/apt,88.0,7,0,0.0,269,High,False,2026-06-29,2026-09-11T01:25:48+02:00
967333525502636391,Sendling,Entire home/apt,201.0,2,12,0.36,247,High,True,2026-06-29,2026-09-11T01:25:48+02:00
967342011055913537,Maxvorstadt,Entire home/apt,999.0,2,2,0.06,205,High,True,2026-06-29,2026-09-11T01:25:48+02:00
967386467100997694,Ludwigsvorstadt-Isarvorstadt,Private room,170.0,2,23,0.68,351,High,True,2026-06-29,2026-09-11T01:25:48+02:00
967536018885037225,Tudering-Riem,Private room,129.0,2,16,0.48,87,Medium,True,2026-06-29,2026-09-11T01:25:48+02:00
967804610038790119,Bogenhausen,Entire home/apt,112.0,5,1,0.57,270,High,True,2026-06-29,2026-09-11T01:25:48+02:00
967892127975001865,Feldmoching-Hasenbergl,Entire home/apt,136.0,1,192,5.58,315,High,True,2026-06-29,2026-09-11T01:25:48+02:00
967995289417608298,Tudering-Riem,Private room,125.0,1,0,0.0,175,Medium,False,2026-06-29,2026-09-11T01:25:48+02:00
968225095205380153,Ramersdorf-Perlach,Private room,33.0,45,16,0.47,300,High,True,2026-06-29,2026-09-11T01:25:48+02:00
968302482924363850,Sendling-Westpark,Private room,60.0,1,162,4.78,73,Medium,True,2026-06-29,2026-09-11T01:25:48+02:00
968550433228968178,Altstadt-Lehel,Entire home/apt,25.0,181,0,0.0,360,High,False,2026-06-29,2026-09-11T01:25:48+02:00
968598904565424415,Maxvorstadt,Entire home/apt,224.0,1,40,1.17,26,Low,True,2026-06-29,2026-09-11T01:25:48+02:00
968767458701135038,Pasing-Obermenzing,Entire home/apt,130.0,1,74,2.19,234,High,True,2026-06-29,2026-09-11T01:25:48+02:00
969659408917615411,Sendling-Westpark,Entire home/apt,297.0,4,2,0.06,357,High,True,2026-06-29,2026-09-11T01:25:48+02:00
970108037411759105,Ludwigsvorstadt-Isarvorstadt,Entire home/apt,194.0,10,5,0.15,256,High,True,2026-06-29,2026-09-11T01:25:48+02:00
970157935925869766,Neuhausen-Nymphenburg,Entire home/apt,82.0,14,5,0.15,327,High,True,2026-06-29,2026-09-11T01:25:48+02:00
970185062938191247,Maxvorstadt,Entire home/apt,20.0,90,5,0.22,274,High,True,2026-06-29,2026-09-11T01:25:48+02:00
970791000623513030,Schwabing-West,Entire home/apt,150.0,1,0,0.0,219,High,False,2026-06-29,2026-09-11T01:25:48+02:00
970798024248789401,Schwanthalerhöhe,Entire home/apt,160.0,2,8,0.24,251,High,True,2026-06-29,2026-09-11T01:25:48+02:00
971452758470041433,Schwanthalerhöhe,Entire home/apt,925.0,1,8,0.24,14,Low,True,2026-06-29,2026-09-11T01:25:48+02:00
971580703523568100,Schwanthalerhöhe,Private room,83.0,1,56,1.66,240,High,True,2026-06-29,2026-09-11T01:25:48+02:00
971712210912782593,Laim,Private room,65.0,1,72,2.13,291,High,True,2026-06-29,2026-09-11T01:25:48+02:00
971723945920605505,Bogenhausen,Private room,132.0,1,90,2.66,9,Low,True,2026-06-29,2026-09-11T01:25:48+02:00
972161592655141632,Bogenhausen,Entire home/apt,199.0,1,137,4.03,221,High,True,2026-06-29,2026-09-11T01:25:48+02:00
972318773123901673,Schwanthalerhöhe,Private room,142.0,4,4,0.12,249,High,True,2026-06-29,2026-09-11T01:25:48+02:00
972327833931863907,Neuhausen-Nymphenburg,Private room,98.0,2,44,1.32,71,Medium,True,2026-06-29,2026-09-11T01:25:48+02:00
972363661970328620,Laim,Entire home/apt,217.0,3,18,0.53,87,Medium,True,2026-06-29,2026-09-11T01:25:48+02:00
972452585916640438,Berg am Laim,Entire home/apt,318.0,1,23,0.69,363,High,True,2026-06-29,2026-09-11T01:25:48+02:00
972999842946771499,Bogenhausen,Private room,87.0,1,46,1.43,140,Medium,True,2026-06-29,2026-09-11T01:25:48+02:00
973180263172777942,Untergiesing-Harlaching,Entire home/apt,248.0,2,7,0.21,13,Low,True,2026-06-29,2026-09-11T01:25:48+02:00
973206127420282223,Ramersdorf-Perlach,Entire home/apt,110.0,1,30,1.19,129,Medium,True,2026-06-29,2026-09-11T01:25:48+02:00
973267368897893537,Ludwigsvorstadt-Isarvorstadt,Entire home/apt,169.0,4,6,0.18,21,Low,True,2026-06-29,2026-09-11T01:25:48+02:00
973272690002577662,Untergiesing-Harlaching,Entire home/apt,111.0,1,81,2.4,175,Medium,True,2026-06-29,2026-09-11T01:25:48+02:00
973727273663330787,Sendling-Westpark,Entire home/apt,120.0,1,2,0.06,259,High,True,2026-06-29,2026-09-11T01:25:48+02:00
973820088790153770,Berg am Laim,Private room,101.0,2,26,0.77,14,Low,True,2026-06-29,2026-09-11T01:25:48+02:00
973892449114600891,Thalkirchen-Obersendling-Forstenried-Fürstenried-Solln,Private room,80.0,1,0,0.0,258,High,False,2026-06-29,2026-09-11T01:25:48+02:00
973916034067544327,Laim,Private room,77.0,2,44,1.3,76,Medium,True,2026-06-29,2026-09-11T01:25:48+02:00
974069927716140515,Sendling-Westpark,Private room,109.0,1,75,2.22,289,High,True,2026-06-29,2026-09-11T01:25:48+02:00
974355865329647538,Allach-Untermenzing,Entire home/apt,378.0,1,6,0.24,259,High,True,2026-06-29,2026-09-11T01:25:48+02:00
974729776643540799,Thalkirchen-Obersendling-Forstenried-Fürstenried-Solln,Private room,172.0,1,0,0.0,269,High,False,2026-06-29,2026-09-11T01:25:48+02:00
975024685506258314,Au-Haidhausen,Entire home/apt,138.0,3,15,0.44,253,High,True,2026-06-29,2026-09-11T01:25:48+02:00
975160065818005678,Laim,Entire home/apt,326.0,1,1,0.11,176,Medium,True,2026-06-29,2026-09-11T01:25:48+02:00
975233948124192703,Neuhausen-Nymphenburg,Entire home/apt,390.0,2,1,0.03,269,High,True,2026-06-29,2026-09-11T01:25:48+02:00
975263172180500620,Ludwigsvorstadt-Isarvorstadt,Entire home/apt,479.0,2,35,1.04,166,Medium,True,2026-06-29,2026-09-11T01:25:48+02:00
975290260129396432,Sendling,Private room,250.0,1,20,0.59,2,Low,True,2026-06-29,2026-09-11T01:25:48+02:00
975374531110002574,Ludwigsvorstadt-Isarvorstadt,Entire home/apt,330.0,2,12,0.35,22,Low,True,2026-06-29,2026-09-11T01:25:48+02:00
975447595094917209,Laim,Private room,81.0,1,54,1.59,166,Medium,True,2026-06-29,2026-09-11T01:25:48+02:00
975762711440984715,Schwabing-West,Private room,130.0,1,2,0.06,212,High,True,2026-06-29,2026-09-11T01:25:48+02:00
975806215051681522,Schwabing-West,Private room,200.0,2,0,0.0,259,High,False,2026-06-29,2026-09-11T01:25:48+02:00
975830586385087629,Neuhausen-Nymphenburg,Entire home/apt,318.0,2,29,0.86,119,Medium,True,2026-06-29,2026-09-11T01:25:48+02:00
976003178992066534,Maxvorstadt,Entire home/apt,443.0,1,160,4.75,109,Medium,True,2026-06-29,2026-09-11T01:25:48+02:00
976077743338067038,Ludwigsvorstadt-Isarvorstadt,Private room,180.0,1,4,0.12,266,High,True,2026-06-29,2026-09-11T01:25:48+02:00
976099492079850924,Untergiesing-Harlaching,Entire home/apt,499.0,4,8,0.24,76,Medium,True,2026-06-29,2026-09-11T01:25:48+02:00
976535174352655573,Sendling-Westpark,Shared room,73.0,15,12,0.52,252,High,True,2026-06-29,2026-09-11T01:25:48+02:00
976694376850306624,Schwabing-Freimann,Private room,154.0,2,6,0.28,85,Medium,True,2026-06-29,2026-09-11T01:25:48+02:00
977235947825015778,Laim,Entire home/apt,300.0,1,11,0.32,273,High,True,2026-06-29,2026-09-11T01:25:48+02:00
977241045562365313,Sendling,Entire home/apt,201.0,3,14,0.43,12,Low,True,2026-06-29,2026-09-11T01:25:48+02:00
977286567409966174,Neuhausen-Nymphenburg,Entire home/apt,148.0,1,0,0.0,261,High,False,2026-06-29,2026-09-11T01:25:48+02:00
977290873233443222,Neuhausen-Nymphenburg,Entire home/apt,148.0,1,0,0.0,261,High,False,2026-06-29,2026-09-11T01:25:48+02:00
977352828904307880,Milbertshofen-Am Hart,Private room,76.0,5,3,0.09,51,Medium,True,2026-06-29,2026-09-11T01:25:48+02:00
977369428455964079,Maxvorstadt,Entire home/apt,245.0,3,7,0.3,109,Medium,True,2026-06-29,2026-09-11T01:25:48+02:00
977435854755129819,Untergiesing-Harlaching,Entire home/apt,532.0,1,25,0.74,175,Medium,True,2026-06-29,2026-09-11T01:25:48+02:00
977442415112594417,Schwanthalerhöhe,Entire home/apt,621.0,3,17,0.5,221,High,True,2026-06-29,2026-09-11T01:25:48+02:00
977453320558596355,Schwabing-West,Private room,82.0,1,186,5.49,199,High,True,2026-06-29,2026-09-11T01:25:48+02:00
977533245316306284,Thalkirchen-Obersendling-Forstenried-Fürstenried-Solln,Private room,178.0,5,2,0.06,363,High,True,2026-06-29,2026-09-11T01:25:48+02:00
978160883046243871,Milbertshofen-Am Hart,Entire home/apt,136.0,3,19,0.56,242,High,True,2026-06-29,2026-09-11T01:25:48+02:00
978167905532825769,Schwabing-Freimann,Entire home/apt,405.0,1,6,0.18,64,Medium,True,2026-06-29,2026-09-11T01:25:48+02:00
978293986417743391,Schwabing-Freimann,Private room,130.0,2,1,0.03,87,Medium,True,2026-06-29,2026-09-11T01:25:48+02:00
978822862007278681,Neuhausen-Nymphenburg,Private room,95.0,1,13,0.39,252,High,True,2026-06-29,2026-09-11T01:25:48+02:00
978883415876359815,Allach-Untermenzing,Private room,239.0,3,1,0.11,89,Medium,True,2026-06-29,2026-09-11T01:25:48+02:00
978913371021691949,Bogenhausen,Entire home/apt,396.0,1,139,4.13,94,Medium,True,2026-06-29,2026-09-11T01:25:48+02:00
979427674328263247,Ludwigsvorstadt-Isarvorstadt,Entire home/apt,408.0,1,11,0.36,272,High,True,2026-06-29,2026-09-11T01:25:48+02:00
979464608406954749,Untergiesing-Harlaching,Entire home/apt,103.0,3,3,0.39,81,Medium,True,2026-06-29,2026-09-11T01:25:48+02:00
979511374656623971,Berg am Laim,Private room,50.0,4,6,0.18,6,Low,True,2026-06-29,2026-09-11T01:25:48+02:00
979565739489456860,Berg am Laim,Entire home/apt,180.0,3,1,0.03,85,Medium,True,2026-06-29,2026-09-11T01:25:48+02:00
979717375977963346,Laim,Private room,82.0,1,26,0.77,149,Medium,True,2026-06-29,2026-09-11T01:25:48+02:00
979769888637387737,Pasing-Obermenzing,Private room,182.0,1,36,1.06,102,Medium,True,2026-06-29,2026-09-11T01:25:48+02:00
979801035213182214,Au-Haidhausen,Entire home/apt,437.0,3,24,0.92,19,Low,True,2026-06-29,2026-09-11T01:25:48+02:00
979887938620562962,Altstadt-Lehel,Entire home/apt,180.0,1,2,0.22,347,High,True,2026-06-29,2026-09-11T01:25:48+02:00
980182791331967758,Ramersdorf-Perlach,Private room,163.0,1,8,0.24,88,Medium,True,2026-06-29,2026-09-11T01:25:48+02:00
980217842539656928,Ramersdorf-Perlach,Entire home/apt,39.0,1,18,0.53,54,Medium,True,2026-06-29,2026-09-11T01:25:48+02:00
980258037695395032,Tudering-Riem,Private room,71.0,2,20,0.61,86,Medium,True,2026-06-29,2026-09-11T01:25:48+02:00
980863634193927313,Altstadt-Lehel,Private room,126.0,2,34,1.01,233,High,True,2026-06-29,2026-09-11T01:25:48+02:00
980948312834069218,Obergiesing,Entire home/apt,95.0,1,13,0.41,102,Medium,True,2026-06-29,2026-09-11T01:25:48+02:00
981017810390228678,Ludwigsvorstadt-Isarvorstadt,Entire home/apt,352.0,2,139,4.12,339,High,True,2026-06-29,2026-09-11T01:25:48+02:00
981070585811176022,Ludwigsvorstadt-Isarvorstadt,Private room,250.0,1,16,0.47,76,Medium,True,2026-06-29,2026-09-11T01:25:48+02:00
981072653478862543,Neuhausen-Nymphenburg,Entire home/apt,217.0,3,1,0.11,332,High,True,2026-06-29,2026-09-11T01:25:48+02:00
981284882900445432,Sendling,Private room,93.0,1,6,0.18,269,High,True,2026-06-29,2026-09-11T01:25:48+02:00
981522545465749209,Ludwigsvorstadt-Isarvorstadt,Entire home/apt,101.0,21,2,0.07,126,Medium,True,2026-06-29,2026-09-11T01:25:48+02:00
981592416953940945,Moosach,Private room,60.0,1,309,9.15,132,Medium,True,2026-06-29,2026-09-11T01:25:48+02:00
981628117238949976,Moosach,Private room,183.0,1,2,0.13,353,High,True,2026-06-29,2026-09-11T01:25:48+02:00
981669074276750006,Neuhausen-Nymphenburg,Entire home/apt,140.0,1,0,0.0,259,High,False,2026-06-29,2026-09-11T01:25:48+02:00
981960706096511114,Neuhausen-Nymphenburg,Entire home/apt,116.0,2,18,0.53,11,Low,True,2026-06-29,2026-09-11T01:25:48+02:00
982273896075980508,Obergiesing,Entire home/apt,150.0,2,2,0.09,253,High,True,2026-06-29,2026-09-11T01:25:48+02:00
982505546755585820,Berg am Laim,Entire home/apt,603.0,5,1,0.03,87,Medium,True,2026-06-29,2026-09-11T01:25:48+02:00
982556643746196164,Pasing-Obermenzing,Private room,120.0,1,0,0.0,269,High,False,2026-06-29,2026-09-11T01:25:48+02:00
982939207687077871,Thalkirchen-Obersendling-Forstenried-Fürstenried-Solln,Entire home/apt,246.0,2,2,0.08,266,High,True,2026-06-29,2026-09-11T01:25:48+02:00
982990706851616291,Sendling,Private room,118.0,1,11,0.33,264,High,True,2026-06-29,2026-09-11T01:25:48+02:00
983091448956190827,Altstadt-Lehel,Entire home/apt,585.0,2,2,0.15,260,High,True,2026-06-29,2026-09-11T01:25:48+02:00
983106438342462895,Ludwigsvorstadt-Isarvorstadt,Entire home/apt,304.0,2,137,4.1,281,High,True,2026-06-29,2026-09-11T01:25:48+02:00
983772752818969494,Schwanthalerhöhe,Private room,119.0,1,85,2.53,354,High,True,2026-06-29,2026-09-11T01:25:48+02:00
983816060244436762,Berg am Laim,Private room,52.0,1,70,2.1,256,High,True,2026-06-29,2026-09-11T01:25:48+02:00
983904060684451636,Ludwigsvorstadt-Isarvorstadt,Entire home/apt,456.0,1,82,2.46,300,High,True,2026-06-29,2026-09-11T01:25:48+02:00
983908292320581815,Schwabing-Freimann,Private room,96.0,1,123,3.65,244,High,True,2026-06-29,2026-09-11T01:25:48+02:00
983917449355489608,Maxvorstadt,Entire home/apt,201.0,5,28,0.84,70,Medium,True,2026-06-29,2026-09-11T01:25:48+02:00
983970993929620608,Ramersdorf-Perlach,Private room,47.0,5,8,0.24,249,High,True,2026-06-29,2026-09-11T01:25:48+02:00
984526535633122289,Laim,Entire home/apt,400.0,2,4,0.19,175,Medium,True,2026-06-29,2026-09-11T01:25:48+02:00
984714484903551774,Ludwigsvorstadt-Isarvorstadt,Entire home/apt,129.0,2,60,1.78,167,Medium,True,2026-06-29,2026-09-11T01:25:48+02:00
984806708874957617,Au-Haidhausen,Private room,82.0,1,22,0.65,85,Medium,True,2026-06-29,2026-09-11T01:25:48+02:00
984891852944104681,Sendling-Westpark,Shared room,60.0,1,6,0.19,174,Medium,True,2026-06-29,2026-09-11T01:25:48+02:00
986127879673461330,Sendling,Private room,300.0,1,0,0.0,89,Medium,False,2026-06-29,2026-09-11T01:25:48+02:00
988297826581899279,Au-Haidhausen,Entire home/apt,177.0,1,25,0.96,10,Low,True,2026-06-29,2026-09-11T01:25:48+02:00
989680893446685560,Sendling,Private room,49.0,3,15,0.46,235,High,True,2026-06-29,2026-09-11T01:25:48+02:00
989883126234637133,Obergiesing,Private room,80.0,1,23,0.69,26,Low,True,2026-06-29,2026-09-11T01:25:48+02:00
990364942606760379,Altstadt-Lehel,Private room,138.0,1,86,2.61,84,Medium,True,2026-06-29,2026-09-11T01:25:48+02:00
991149484937390130,Bogenhausen,Private room,100.0,1,6,0.28,26,Low,True,2026-06-29,2026-09-11T01:25:48+02:00
991400956069626660,Tudering-Riem,Private room,123.0,1,36,1.08,334,High,True,2026-06-29,2026-09-11T01:25:48+02:00
991840660015360190,Maxvorstadt,Private room,126.0,3,32,0.98,32,Medium,True,2026-06-29,2026-09-11T01:25:48+02:00
992518811668735028,Untergiesing-Harlaching,Entire home/apt,189.0,2,12,0.38,53,Medium,True,2026-06-29,2026-09-11T01:25:48+02:00
993849621954292715,Milbertshofen-Am Hart,Entire home/apt,63.0,1,1,0.03,254,High,True,2026-06-29,2026-09-11T01:25:48+02:00
994130595547270510,Hadern,Entire home/apt,59.0,60,0,0.0,87,Medium,False,2026-06-29,2026-09-11T01:25:48+02:00
994724687674389862,Neuhausen-Nymphenburg,Entire home/apt,114.0,4,5,0.23,60,Medium,True,2026-06-29,2026-09-11T01:25:48+02:00
995000775067309681,Untergiesing-Harlaching,Private room,185.0,2,36,1.15,93,Medium,True,2026-06-29,2026-09-11T01:25:48+02:00
997336850551081208,Tudering-Riem,Private room,103.0,1,24,0.74,178,Medium,True,2026-06-29,2026-09-11T01:25:48+02:00
997757384374953439,Schwabing-West,Private room,77.0,1,60,1.87,203,High,True,2026-06-29,2026-09-11T01:25:48+02:00
998354513101210586,Obergiesing,Private room,141.0,2,2,0.22,177,Medium,True,2026-06-29,2026-09-11T01:25:48+02:00
998486656818846937,Schwabing-West,Entire home/apt,177.0,2,5,0.54,85,Medium,True,2026-06-29,2026-09-11T01:25:48+02:00
998510455451711513,Altstadt-Lehel,Entire home/apt,560.0,2,23,0.98,71,Medium,True,2026-06-29,2026-09-11T01:25:48+02:00
999900364421609129,Pasing-Obermenzing,Entire home/apt,172.0,1,28,0.92,30,Low,True,2026-06-29,2026-09-11T01:25:48+02:00
1002150496160135443,Aubing-Lochhausen-Langwied,Private room,115.0,1,130,3.97,98,Medium,True,2026-06-29,2026-09-11T01:25:48+02:00
1002893055811018750,Sendling-Westpark,Entire home/apt,127.0,2,4,0.18,3,Low,True,2026-06-29,2026-09-11T01:25:48+02:00
1003479597440155447,Milbertshofen-Am Hart,Private room,226.0,1,0,0.0,269,High,False,2026-06-29,2026-09-11T01:25:48+02:00
1005038216687157239,Tudering-Riem,Entire home/apt,74.0,1,75,2.36,211,High,True,2026-06-29,2026-09-11T01:25:48+02:00
1006450035939602017,Ludwigsvorstadt-Isarvorstadt,Private room,270.0,1,0,0.0,350,High,False,2026-06-29,2026-09-11T01:25:48+02:00
1006464876349900069,Ludwigsvorstadt-Isarvorstadt,Private room,270.0,1,0,0.0,357,High,False,2026-06-29,2026-09-11T01:25:48+02:00
1006473934012287230,Ludwigsvorstadt-Isarvorstadt,Entire home/apt,405.0,1,51,1.85,332,High,True,2026-06-29,2026-09-11T01:25:48+02:00
1006479486790826140,Ludwigsvorstadt-Isarvorstadt,Entire home/apt,450.0,1,65,2.43,305,High,True,2026-06-29,2026-09-11T01:25:48+02:00
1006482616299289328,Ludwigsvorstadt-Isarvorstadt,Private room,153.0,1,3,0.16,347,High,True,2026-06-29,2026-09-11T01:25:48+02:00
1006485514780863428,Ludwigsvorstadt-Isarvorstadt,Private room,153.0,1,19,0.82,359,High,True,2026-06-29,2026-09-11T01:25:48+02:00
1006487895375276012,Ludwigsvorstadt-Isarvorstadt,Private room,162.0,1,5,0.24,343,High,True,2026-06-29,2026-09-11T01:25:48+02:00
1006491342654543443,Ludwigsvorstadt-Isarvorstadt,Private room,153.0,1,7,0.34,351,High,True,2026-06-29,2026-09-11T01:25:48+02:00
1006494439259370842,Ludwigsvorstadt-Isarvorstadt,Entire home/apt,495.0,1,40,1.71,339,High,True,2026-06-29,2026-09-11T01:25:48+02:00
1006499184951656737,Ludwigsvorstadt-Isarvorstadt,Entire home/apt,162.0,1,18,0.78,362,High,True,2026-06-29,2026-09-11T01:25:48+02:00
1006501260321783830,Ludwigsvorstadt-Isarvorstadt,Entire home/apt,450.0,1,10,0.44,297,High,True,2026-06-29,2026-09-11T01:25:48+02:00
1006508597615755555,Ludwigsvorstadt-Isarvorstadt,Private room,171.0,1,1,0.04,362,High,True,2026-06-29,2026-09-11T01:25:48+02:00
1006967950995376267,Neuhausen-Nymphenburg,Private room,46.0,1,23,1.43,184,High,True,2026-06-29,2026-09-11T01:25:48+02:00
1008093686214808255,Thalkirchen-Obersendling-Forstenried-Fürstenried-Solln,Entire home/apt,170.0,1,2,0.06,258,High,True,2026-06-29,2026-09-11T01:25:48+02:00
1009166652275635485,Neuhausen-Nymphenburg,Entire home/apt,84.0,14,2,0.09,333,High,True,2026-06-29,2026-09-11T01:25:48+02:00
1010760867423516551,Thalkirchen-Obersendling-Forstenried-Fürstenried-Solln,Private room,115.0,20,0,0.0,270,High,False,2026-06-29,2026-09-11T01:25:48+02:00
1012240767325998354,Thalkirchen-Obersendling-Forstenried-Fürstenried-Solln,Entire home/apt,115.0,1,187,5.8,198,High,True,2026-06-29,2026-09-11T01:25:48+02:00
1014335978968146975,Laim,Entire home/apt,100.0,1,73,2.35,257,High,True,2026-06-29,2026-09-11T01:25:48+02:00
1014336533953598903,Laim,Entire home/apt,90.0,1,21,0.66,298,High,True,2026-06-29,2026-09-11T01:25:48+02:00
1015659315008773637,Laim,Private room,85.0,1,141,4.42,65,Medium,True,2026-06-29,2026-09-11T01:25:48+02:00
1017317850905318898,Milbertshofen-Am Hart,Entire home/apt,66.0,24,4,0.13,59,Medium,True,2026-06-29,2026-09-11T01:25:48+02:00
1017783797726576556,Untergiesing-Harlaching,Entire home/apt,124.0,2,13,0.41,3,Low,True,2026-06-29,2026-09-11T01:25:48+02:00
1017969455866526028,Obergiesing,Private room,114.0,1,20,0.94,2,Low,True,2026-06-29,2026-09-11T01:25:48+02:00
1018016312612828146,Maxvorstadt,Entire home/apt,136.0,2,21,0.68,56,Medium,True,2026-06-29,2026-09-11T01:25:48+02:00
1018094894411249779,Schwabing-West,Entire home/apt,189.0,1,28,1.14,176,Medium,True,2026-06-29,2026-09-11T01:25:48+02:00
1020262959545286497,Ramersdorf-Perlach,Entire home/apt,17.0,16,3,0.11,271,High,True,2026-06-29,2026-09-11T01:25:48+02:00
1020914439991659370,Ludwigsvorstadt-Isarvorstadt,Entire home/apt,120.0,3,37,1.18,343,High,True,2026-06-29,2026-09-11T01:25:48+02:00
1023986992334026212,Neuhausen-Nymphenburg,Private room,48.0,1,16,0.51,64,Medium,True,2026-06-29,2026-09-11T01:25:48+02:00
1024534991577541601,Au-Haidhausen,Entire home/apt,435.0,3,20,0.87,19,Low,True,2026-06-29,2026-09-11T01:25:48+02:00
1024657987533321817,Neuhausen-Nymphenburg,Entire home/apt,225.0,1,51,1.63,219,High,True,2026-06-29,2026-09-11T01:25:48+02:00
1024755826616569017,Allach-Untermenzing,Private room,63.0,2,13,0.41,331,High,True,2026-06-29,2026-09-11T01:25:48+02:00
1025462716783533408,Allach-Untermenzing,Private room,32.0,30,6,0.19,76,Medium,True,2026-06-29,2026-09-11T01:25:48+02:00
1025898888490198367,Maxvorstadt,Entire home/apt,103.0,2,15,0.48,64,Medium,True,2026-06-29,2026-09-11T01:25:48+02:00
1027244750880119299,Ramersdorf-Perlach,Private room,228.0,2,8,0.33,7,Low,True,2026-06-29,2026-09-11T01:25:48+02:00
1028309887079672072,Schwabing-West,Entire home/apt,600.0,5,7,0.33,151,Medium,True,2026-06-29,2026-09-11T01:25:48+02:00
1028843543263930075,Ramersdorf-Perlach,Private room,163.0,1,19,0.72,335,High,True,2026-06-29,2026-09-11T01:25:48+02:00
1029795974507887413,Ramersdorf-Perlach,Private room,86.0,1,0,0.0,256,High,False,2026-06-29,2026-09-11T01:25:48+02:00
1030328034104444382,Milbertshofen-Am Hart,Entire home/apt,180.0,1,20,0.65,167,Medium,True,2026-06-29,2026-09-11T01:25:48+02:00
1031712174004192315,Neuhausen-Nymphenburg,Private room,53.0,3,3,0.1,57,Medium,True,2026-06-29,2026-09-11T01:25:48+02:00
1031820378220809689,Schwabing-West,Entire home/apt,120.0,2,9,0.4,6,Low,True,2026-06-29,2026-09-11T01:25:48+02:00
1033075547892911039,Maxvorstadt,Entire home/apt,510.0,2,160,5.38,130,Medium,True,2026-06-29,2026-09-11T01:25:48+02:00
1033137906546807262,Schwabing-West,Entire home/apt,515.0,4,0,0.0,268,High,False,2026-06-29,2026-09-11T01:25:48+02:00
1033151267878824381,Milbertshofen-Am Hart,Entire home/apt,198.0,1,32,1.02,16,Low,True,2026-06-29,2026-09-11T01:25:48+02:00
1033867952073203025,Bogenhausen,Private room,121.0,2,16,0.51,42,Medium,True,2026-06-29,2026-09-11T01:25:48+02:00
1038967843074691643,Feldmoching-Hasenbergl,Private room,138.0,1,24,0.77,176,Medium,True,2026-06-29,2026-09-11T01:25:48+02:00
1038969680240860989,Feldmoching-Hasenbergl,Private room,138.0,1,4,0.13,180,Medium,True,2026-06-29,2026-09-11T01:25:48+02:00
1038974336208842289,Feldmoching-Hasenbergl,Private room,273.0,1,31,1.0,154,Medium,True,2026-06-29,2026-09-11T01:25:48+02:00
1039007525778382979,Feldmoching-Hasenbergl,Private room,200.0,1,21,0.76,160,Medium,True,2026-06-29,2026-09-11T01:25:48+02:00
1039031757886666389,Feldmoching-Hasenbergl,Private room,200.0,1,18,0.59,184,High,True,2026-06-29,2026-09-11T01:25:48+02:00
1039034317470705063,Feldmoching-Hasenbergl,Private room,200.0,1,9,0.32,184,High,True,2026-06-29,2026-09-11T01:25:48+02:00
1039036953897754764,Feldmoching-Hasenbergl,Private room,200.0,1,14,0.51,157,Medium,True,2026-06-29,2026-09-11T01:25:48+02:00
1039038540636705155,Altstadt-Lehel,Entire home/apt,355.0,1,33,1.23,17,Low,True,2026-06-29,2026-09-11T01:25:48+02:00
1039039654749161790,Feldmoching-Hasenbergl,Private room,200.0,1,4,0.15,181,High,True,2026-06-29,2026-09-11T01:25:48+02:00
1039682933545472125,Thalkirchen-Obersendling-Forstenried-Fürstenried-Solln,Entire home/apt,1000.0,1,5,0.19,364,High,True,2026-06-29,2026-09-11T01:25:48+02:00
1040519503057245579,Milbertshofen-Am Hart,Entire home/apt,319.0,4,4,0.16,256,High,True,2026-06-29,2026-09-11T01:25:48+02:00
1040678980734627697,Untergiesing-Harlaching,Entire home/apt,60.0,1,91,2.94,41,Medium,True,2026-06-29,2026-09-11T01:25:48+02:00
1043382841388323847,Milbertshofen-Am Hart,Private room,103.0,3,16,0.56,229,High,True,2026-06-29,2026-09-11T01:25:48+02:00
1044718148598268499,Ludwigsvorstadt-Isarvorstadt,Private room,142.0,1,1,0.03,167,Medium,True,2026-06-29,2026-09-11T01:25:48+02:00
1045010096378147469,Feldmoching-Hasenbergl,Private room,65.0,1,45,1.53,299,High,True,2026-06-29,2026-09-11T01:25:48+02:00
1045065312764707994,Bogenhausen,Entire home/apt,175.0,1,13,0.48,352,High,True,2026-06-29,2026-09-11T01:25:48+02:00
1046782719908151571,Bogenhausen,Entire home/apt,197.0,3,11,0.62,117,Medium,True,2026-06-29,2026-09-11T01:25:48+02:00
1048126433341903409,Feldmoching-Hasenbergl,Private room,95.0,2,29,1.12,297,High,True,2026-06-29,2026-09-11T01:25:48+02:00
1049229830527536083,Moosach,Private room,15.0,84,3,0.12,277,High,True,2026-06-29,2026-09-11T01:25:48+02:00
1049898136267242457,Schwabing-West,Entire home/apt,186.0,1,0,0.0,29,Low,False,2026-06-29,2026-09-11T01:25:48+02:00
1052732745430073822,Au-Haidhausen,Entire home/apt,228.0,1,25,0.89,266,High,True,2026-06-29,2026-09-11T01:25:48+02:00
1052856769192513660,Schwabing-Freimann,Entire home/apt,246.0,6,5,0.26,362,High,True,2026-06-29,2026-09-11T01:25:48+02:00
1054285444394009534,Allach-Untermenzing,Private room,71.0,2,83,3.04,222,High,True,2026-06-29,2026-09-11T01:25:48+02:00
1056291607005243622,Laim,Entire home/apt,102.0,3,0,0.0,270,High,False,2026-06-29,2026-09-11T01:25:48+02:00
1057628555659620849,Aubing-Lochhausen-Langwied,Entire home/apt,99.0,5,12,0.42,133,Medium,True,2026-06-29,2026-09-11T01:25:48+02:00
1057949217703853775,Thalkirchen-Obersendling-Forstenried-Fürstenried-Solln,Private room,65.0,1,69,3.5,236,High,True,2026-06-29,2026-09-11T01:25:48+02:00
1058117052588064267,Altstadt-Lehel,Entire home/apt,175.0,2,61,2.06,332,High,True,2026-06-29,2026-09-11T01:25:48+02:00
1059348162026251636,Maxvorstadt,Entire home/apt,276.0,1,81,2.7,67,Medium,True,2026-06-29,2026-09-11T01:25:48+02:00
1060010874162659049,Au-Haidhausen,Entire home/apt,168.0,5,0,0.0,309,High,False,2026-06-29,2026-09-11T01:25:48+02:00
1060142489827047490,Ludwigsvorstadt-Isarvorstadt,Entire home/apt,182.0,12,0,0.0,362,High,False,2026-06-29,2026-09-11T01:25:48+02:00
1062272075142645628,Ludwigsvorstadt-Isarvorstadt,Private room,64.0,2,9,0.37,181,High,True,2026-06-29,2026-09-11T01:25:48+02:00
1062373041121982164,Obergiesing,Entire home/apt,206.0,1,0,0.0,282,High,False,2026-06-29,2026-09-11T01:25:48+02:00
1063776450958027140,Ramersdorf-Perlach,Entire home/apt,41.0,60,8,0.27,304,High,True,2026-06-29,2026-09-11T01:25:48+02:00
1064512940553573878,Ludwigsvorstadt-Isarvorstadt,Entire home/apt,493.0,3,5,0.23,155,Medium,True,2026-06-29,2026-09-11T01:25:48+02:00
1064535835045450267,Ludwigsvorstadt-Isarvorstadt,Entire home/apt,29.0,32,15,0.52,281,High,True,2026-06-29,2026-09-11T01:25:48+02:00
1065795404474793898,Ludwigsvorstadt-Isarvorstadt,Entire home/apt,162.0,2,24,0.83,24,Low,True,2026-06-29,2026-09-11T01:25:48+02:00
1066043118686737429,Ludwigsvorstadt-Isarvorstadt,Entire home/apt,164.0,1,18,0.78,22,Low,True,2026-06-29,2026-09-11T01:25:48+02:00
1066078281576728077,Ramersdorf-Perlach,Entire home/apt,141.0,1,43,1.87,196,High,True,2026-06-29,2026-09-11T01:25:48+02:00
1066115521508971552,Schwabing-West,Entire home/apt,128.0,3,2,0.09,10,Low,True,2026-06-29,2026-09-11T01:25:48+02:00
1066231181873060183,Neuhausen-Nymphenburg,Private room,60.0,4,41,1.44,188,High,True,2026-06-29,2026-09-11T01:25:48+02:00
1068002673032002330,Untergiesing-Harlaching,Private room,45.0,1,1,0.03,255,High,True,2026-06-29,2026-09-11T01:25:48+02:00
1068218247042671770,Schwabing-West,Entire home/apt,80.0,1,8,0.31,47,Medium,True,2026-06-29,2026-09-11T01:25:48+02:00
1068668514690800139,Thalkirchen-Obersendling-Forstenried-Fürstenried-Solln,Entire home/apt,123.0,20,19,0.65,89,Medium,True,2026-06-29,2026-09-11T01:25:48+02:00
1069329545685727811,Hadern,Entire home/apt,100.0,3,3,0.11,67,Medium,True,2026-06-29,2026-09-11T01:25:48+02:00
1069603539329338945,Maxvorstadt,Entire home/apt,99.0,1,29,1.01,228,High,True,2026-06-29,2026-09-11T01:25:48+02:00
1069621617498375545,Ramersdorf-Perlach,Entire home/apt,168.0,1,313,12.64,305,High,True,2026-06-29,2026-09-11T01:25:48+02:00
1070418056771456135,Maxvorstadt,Entire home/apt,120.0,2,11,0.38,4,Low,True,2026-06-29,2026-09-11T01:25:48+02:00
1070792328075211614,Neuhausen-Nymphenburg,Entire home/apt,194.0,5,9,0.35,250,High,True,2026-06-29,2026-09-11T01:25:48+02:00
1070952433815016875,Ramersdorf-Perlach,Entire home/apt,104.0,1,159,5.6,317,High,True,2026-06-29,2026-09-11T01:25:48+02:00
1071084356614494155,Ramersdorf-Perlach,Private room,69.0,2,32,1.44,76,Medium,True,2026-06-29,2026-09-11T01:25:48+02:00
1071489647978607226,Ramersdorf-Perlach,Entire home/apt,132.0,1,89,3.06,255,High,True,2026-06-29,2026-09-11T01:25:48+02:00
1071567434417137477,Ramersdorf-Perlach,Entire home/apt,127.0,1,20,0.68,306,High,True,2026-06-29,2026-09-11T01:25:48+02:00
1071594315129071815,Thalkirchen-Obersendling-Forstenried-Fürstenried-Solln,Entire home/apt,129.0,1,588,21.94,330,High,True,2026-06-29,2026-09-11T01:25:48+02:00
1072448995599838221,Ludwigsvorstadt-Isarvorstadt,Entire home/apt,16.0,182,18,0.65,257,High,True,2026-06-29,2026-09-11T01:25:48+02:00
1073258355902791609,Laim,Private room,52.0,27,0,0.0,255,High,False,2026-06-29,2026-09-11T01:25:48+02:00
1074020527934813564,Neuhausen-Nymphenburg,Entire home/apt,283.0,3,13,0.51,23,Low,True,2026-06-29,2026-09-11T01:25:48+02:00
1074395847001930263,Thalkirchen-Obersendling-Forstenried-Fürstenried-Solln,Entire home/apt,110.0,1,201,7.72,323,High,True,2026-06-29,2026-09-11T01:25:48+02:00
1074421194952550455,Thalkirchen-Obersendling-Forstenried-Fürstenried-Solln,Entire home/apt,109.0,1,56,2.16,305,High,True,2026-06-29,2026-09-11T01:25:48+02:00
1074446278101972287,Thalkirchen-Obersendling-Forstenried-Fürstenried-Solln,Entire home/apt,110.0,1,156,5.96,297,High,True,2026-06-29,2026-09-11T01:25:48+02:00
1074448428326453696,Thalkirchen-Obersendling-Forstenried-Fürstenried-Solln,Entire home/apt,86.0,1,10,0.38,308,High,True,2026-06-29,2026-09-11T01:25:48+02:00
1074647893426356739,Maxvorstadt,Entire home/apt,119.0,1,177,6.15,92,Medium,True,2026-06-29,2026-09-11T01:25:48+02:00
1075266938268847692,Ludwigsvorstadt-Isarvorstadt,Entire home/apt,237.0,5,1,0.17,179,Medium,True,2026-06-29,2026-09-11T01:25:48+02:00
1075859579924098146,Ludwigsvorstadt-Isarvorstadt,Entire home/apt,216.0,1,5,0.55,114,Medium,True,2026-06-29,2026-09-11T01:25:48+02:00
1076823678839224100,Aubing-Lochhausen-Langwied,Private room,247.0,3,19,0.77,184,High,True,2026-06-29,2026-09-11T01:25:48+02:00
1077512219911025153,Thalkirchen-Obersendling-Forstenried-Fürstenried-Solln,Private room,300.0,1,13,0.51,242,High,True,2026-06-29,2026-09-11T01:25:48+02:00
1079047084866925993,Maxvorstadt,Entire home/apt,120.0,3,5,0.21,6,Low,True,2026-06-29,2026-09-11T01:25:48+02:00
1079083353850822984,Ramersdorf-Perlach,Entire home/apt,125.0,1,69,2.95,318,High,True,2026-06-29,2026-09-11T01:25:48+02:00
1079093498394211857,Ramersdorf-Perlach,Entire home/apt,139.0,1,114,4.61,325,High,True,2026-06-29,2026-09-11T01:25:48+02:00
1079610115798138506,Berg am Laim,Entire home/apt,110.0,14,1,0.04,238,High,True,2026-06-29,2026-09-11T01:25:48+02:00
1080166958448258061,Thalkirchen-Obersendling-Forstenried-Fürstenried-Solln,Private room,110.0,1,15,0.51,3,Low,True,2026-06-29,2026-09-11T01:25:48+02:00
1080387763740540842,Thalkirchen-Obersendling-Forstenried-Fürstenried-Solln,Entire home/apt,408.0,3,0,0.0,179,Medium,False,2026-06-29,2026-09-11T01:25:48+02:00
1080427692481809132,Feldmoching-Hasenbergl,Private room,91.0,1,96,3.87,178,Medium,True,2026-06-29,2026-09-11T01:25:48+02:00
1080461094422670337,Sendling-Westpark,Entire home/apt,343.0,1,28,0.97,119,Medium,True,2026-06-29,2026-09-11T01:25:48+02:00
1081213619029588350,Ramersdorf-Perlach,Entire home/apt,42.0,30,0,0.0,89,Medium,False,2026-06-29,2026-09-11T01:25:48+02:00
1081660770970326998,Maxvorstadt,Entire home/apt,224.0,5,0,0.0,84,Medium,False,2026-06-29,2026-09-11T01:25:48+02:00
1083839586131566914,Altstadt-Lehel,Entire home/apt,263.0,1,14,0.63,314,High,True,2026-06-29,2026-09-11T01:25:48+02:00
1083924288509767728,Maxvorstadt,Entire home/apt,100.0,1,4,0.15,232,High,True,2026-06-29,2026-09-11T01:25:48+02:00
1084548473647521444,Ludwigsvorstadt-Isarvorstadt,Entire home/apt,446.0,1,91,3.3,275,High,True,2026-06-29,2026-09-11T01:25:48+02:00
1084674240034131210,Sendling,Entire home/apt,591.0,2,10,0.38,68,Medium,True,2026-06-29,2026-09-11T01:25:48+02:00
1084829318186335108,Schwabing-Freimann,Entire home/apt,140.0,2,22,0.78,7,Low,True,2026-06-29,2026-09-11T01:25:48+02:00
1085316707151272748,Aubing-Lochhausen-Langwied,Entire home/apt,194.0,1,1,0.05,154,Medium,True,2026-06-29,2026-09-11T01:25:48+02:00
1086023658307001147,Schwabing-Freimann,Entire home/apt,103.0,1,48,1.83,364,High,True,2026-06-29,2026-09-11T01:25:48+02:00
1086026143694580248,Schwabing-Freimann,Entire home/apt,103.0,1,24,0.91,364,High,True,2026-06-29,2026-09-11T01:25:48+02:00
1086030052725882420,Schwabing-Freimann,Entire home/apt,103.0,1,5,0.27,364,High,True,2026-06-29,2026-09-11T01:25:48+02:00
1086034376192173825,Schwabing-Freimann,Entire home/apt,103.0,1,3,0.14,364,High,True,2026-06-29,2026-09-11T01:25:48+02:00
1086110977956805289,Schwanthalerhöhe,Private room,149.0,1,36,1.55,346,High,True,2026-06-29,2026-09-11T01:25:48+02:00
1086833832519460062,Tudering-Riem,Private room,236.0,1,20,0.83,15,Low,True,2026-06-29,2026-09-11T01:25:48+02:00
1087005074897691128,Schwabing-Freimann,Entire home/apt,176.0,3,10,0.35,113,Medium,True,2026-06-29,2026-09-11T01:25:48+02:00
1087584408787413659,Obergiesing,Private room,150.0,1,3,0.14,252,High,True,2026-06-29,2026-09-11T01:25:48+02:00
1087807832036039700,Ramersdorf-Perlach,Entire home/apt,144.0,1,162,6.86,331,High,True,2026-06-29,2026-09-11T01:25:48+02:00
1089001449870546287,Ludwigsvorstadt-Isarvorstadt,Entire home/apt,331.0,2,5,0.2,120,Medium,True,2026-06-29,2026-09-11T01:25:48+02:00
1089162930564495150,Milbertshofen-Am Hart,Entire home/apt,72.0,1,3,0.16,130,Medium,True,2026-06-29,2026-09-11T01:25:48+02:00
1089687500627130169,Schwabing-West,Entire home/apt,134.0,2,12,0.46,2,Low,True,2026-06-29,2026-09-11T01:25:48+02:00
1089840570948189414,Sendling,Entire home/apt,102.0,4,1,0.07,87,Medium,True,2026-06-29,2026-09-11T01:25:48+02:00
1091213552297498858,Tudering-Riem,Private room,50.0,1,143,4.97,4,Low,True,2026-06-29,2026-09-11T01:25:48+02:00
1091275818313541933,Neuhausen-Nymphenburg,Entire home/apt,198.0,2,1,0.21,173,Medium,True,2026-06-29,2026-09-11T01:25:48+02:00
1092687632325578155,Maxvorstadt,Entire home/apt,219.0,1,11,1.13,76,Medium,True,2026-06-29,2026-09-11T01:25:48+02:00
1093175490072609891,Ramersdorf-Perlach,Entire home/apt,69.0,1,0,0.0,262,High,False,2026-06-29,2026-09-11T01:25:48+02:00
1093423953616662957,Au-Haidhausen,Entire home/apt,190.0,3,17,0.69,21,Low,True,2026-06-29,2026-09-11T01:25:48+02:00
1093983101958400085,Untergiesing-Harlaching,Entire home/apt,315.0,5,1,0.08,68,Medium,True,2026-06-29,2026-09-11T01:25:48+02:00
1094697118816060229,Aubing-Lochhausen-Langwied,Entire home/apt,224.0,1,4,0.16,155,Medium,True,2026-06-29,2026-09-11T01:25:48+02:00
1094771831612268945,Feldmoching-Hasenbergl,Entire home/apt,106.0,1,10,0.41,156,Medium,True,2026-06-29,2026-09-11T01:25:48+02:00
1095492255612831411,Schwabing-Freimann,Entire home/apt,123.0,1,33,1.82,359,High,True,2026-06-29,2026-09-11T01:25:48+02:00
1096379956587376756,Schwabing-West,Entire home/apt,383.0,2,114,4.51,297,High,True,2026-06-29,2026-09-11T01:25:48+02:00
1096866756445460810,Ludwigsvorstadt-Isarvorstadt,Entire home/apt,137.0,2,58,2.07,52,Medium,True,2026-06-29,2026-09-11T01:25:48+02:00
1096965526699259630,Thalkirchen-Obersendling-Forstenried-Fürstenried-Solln,Private room,176.0,1,35,1.36,353,High,True,2026-06-29,2026-09-11T01:25:48+02:00
1097599694022356090,Schwabing-Freimann,Private room,24.0,1,60,2.12,85,Medium,True,2026-06-29,2026-09-11T01:25:48+02:00
1097932411596053389,Altstadt-Lehel,Private room,134.0,1,121,4.38,58,Medium,True,2026-06-29,2026-09-11T01:25:48+02:00
1098002018668207640,Au-Haidhausen,Entire home/apt,234.0,2,2,0.22,87,Medium,True,2026-06-29,2026-09-11T01:25:48+02:00
1098559696572705507,Feldmoching-Hasenbergl,Private room,64.0,1,1,0.05,87,Medium,True,2026-06-29,2026-09-11T01:25:48+02:00
1098664483932962623,Milbertshofen-Am Hart,Entire home/apt,71.0,13,18,0.68,139,Medium,True,2026-06-29,2026-09-11T01:25:48+02:00
1099736857176460144,Neuhausen-Nymphenburg,Entire home/apt,623.0,1,0,0.0,180,Medium,False,2026-06-29,2026-09-11T01:25:48+02:00
1099806976845152379,Thalkirchen-Obersendling-Forstenried-Fürstenried-Solln,Entire home/apt,214.0,1,37,1.32,48,Medium,True,2026-06-29,2026-09-11T01:25:48+02:00
1101568552755945376,Schwabing-West,Private room,80.0,2,14,0.65,75,Medium,True,2026-06-29,2026-09-11T01:25:48+02:00
1101984359691889244,Obergiesing,Entire home/apt,57.0,30,2,0.09,186,High,True,2026-06-29,2026-09-11T01:25:48+02:00
1104259670152870029,Tudering-Riem,Private room,97.0,2,34,1.26,103,Medium,True,2026-06-29,2026-09-11T01:25:48+02:00
1105143293438456429,Obergiesing,Entire home/apt,608.0,2,11,0.74,268,High,True,2026-06-29,2026-09-11T01:25:48+02:00
1106375206485662862,Schwabing-Freimann,Shared room,241.0,1,14,0.54,362,High,True,2026-06-29,2026-09-11T01:25:48+02:00
1106667620161053043,Altstadt-Lehel,Entire home/apt,428.0,2,20,0.88,343,High,True,2026-06-29,2026-09-11T01:25:48+02:00
1106763362675832848,Berg am Laim,Entire home/apt,71.0,9,17,0.63,112,Medium,True,2026-06-29,2026-09-11T01:25:48+02:00
1107290099381844972,Ludwigsvorstadt-Isarvorstadt,Entire home/apt,209.0,1,164,5.88,12,Low,True,2026-06-29,2026-09-11T01:25:48+02:00
1107861584726680491,Feldmoching-Hasenbergl,Entire home/apt,116.0,1,9,0.35,177,Medium,True,2026-06-29,2026-09-11T01:25:48+02:00
1108685500569310631,Allach-Untermenzing,Private room,91.0,2,8,0.35,237,High,True,2026-06-29,2026-09-11T01:25:48+02:00
1109940335567275239,Milbertshofen-Am Hart,Entire home/apt,218.0,5,7,0.39,36,Medium,True,2026-06-29,2026-09-11T01:25:48+02:00
1111620232416088178,Au-Haidhausen,Entire home/apt,753.0,2,13,0.52,344,High,True,2026-06-29,2026-09-11T01:25:48+02:00
1111726443368064278,Feldmoching-Hasenbergl,Entire home/apt,110.0,1,16,0.63,162,Medium,True,2026-06-29,2026-09-11T01:25:48+02:00
1112242255453836430,Tudering-Riem,Private room,125.0,1,14,0.6,273,High,True,2026-06-29,2026-09-11T01:25:48+02:00
1112764760937266222,Altstadt-Lehel,Entire home/apt,482.0,1,25,0.97,121,Medium,True,2026-06-29,2026-09-11T01:25:48+02:00
1113498842828396049,Milbertshofen-Am Hart,Private room,125.0,1,21,0.78,125,Medium,True,2026-06-29,2026-09-11T01:25:48+02:00
1113675332643113899,Altstadt-Lehel,Entire home/apt,733.0,1,6,0.28,336,High,True,2026-06-29,2026-09-11T01:25:48+02:00
1113692168437588921,Obergiesing,Private room,66.0,1,76,2.73,12,Low,True,2026-06-29,2026-09-11T01:25:48+02:00
1113781191003435925,Schwanthalerhöhe,Entire home/apt,136.0,3,11,0.47,26,Low,True,2026-06-29,2026-09-11T01:25:48+02:00
1113818931776988039,Neuhausen-Nymphenburg,Entire home/apt,38.0,90,3,0.18,205,High,True,2026-06-29,2026-09-11T01:25:48+02:00
1113944647675642971,Thalkirchen-Obersendling-Forstenried-Fürstenried-Solln,Private room,80.0,1,0,0.0,254,High,False,2026-06-29,2026-09-11T01:25:48+02:00
1114151959949578438,Allach-Untermenzing,Entire home/apt,130.0,1,50,2.0,219,High,True,2026-06-29,2026-09-11T01:25:48+02:00
1115147022098263919,Feldmoching-Hasenbergl,Private room,86.0,2,48,1.73,64,Medium,True,2026-06-29,2026-09-11T01:25:48+02:00
1115898879851556478,Obergiesing,Private room,81.0,1,46,1.76,149,Medium,True,2026-06-29,2026-09-11T01:25:48+02:00
1115943707329394376,Obergiesing,Entire home/apt,121.0,2,10,0.4,251,High,True,2026-06-29,2026-09-11T01:25:48+02:00
1116623815685599670,Berg am Laim,Entire home/apt,150.0,2,0,0.0,263,High,False,2026-06-29,2026-09-11T01:25:48+02:00
1116797783858179310,Altstadt-Lehel,Entire home/apt,302.0,2,16,0.62,145,Medium,True,2026-06-29,2026-09-11T01:25:48+02:00
1116821861631051181,Moosach,Entire home/apt,416.0,1,12,0.44,133,Medium,True,2026-06-29,2026-09-11T01:25:48+02:00
1116839716224377733,Laim,Private room,92.0,1,28,1.06,299,High,True,2026-06-29,2026-09-11T01:25:48+02:00
1117236862084159585,Schwabing-Freimann,Entire home/apt,546.0,2,55,2.26,144,Medium,True,2026-06-29,2026-09-11T01:25:48+02:00
1117365330458882327,Schwabing-Freimann,Entire home/apt,305.0,2,53,2.17,129,Medium,True,2026-06-29,2026-09-11T01:25:48+02:00
1117403226897476711,Schwabing-Freimann,Entire home/apt,203.0,2,63,2.53,138,Medium,True,2026-06-29,2026-09-11T01:25:48+02:00
1117947985439650038,Pasing-Obermenzing,Entire home/apt,233.0,2,6,0.22,336,High,True,2026-06-29,2026-09-11T01:25:48+02:00
1118113368764759172,Sendling,Private room,141.0,1,17,0.65,173,Medium,True,2026-06-29,2026-09-11T01:25:48+02:00
1118897271887391584,Thalkirchen-Obersendling-Forstenried-Fürstenried-Solln,Entire home/apt,149.0,1,17,0.69,260,High,True,2026-06-29,2026-09-11T01:25:48+02:00
1119419032986785367,Ludwigsvorstadt-Isarvorstadt,Entire home/apt,763.0,1,8,0.32,303,High,True,2026-06-29,2026-09-11T01:25:48+02:00
1119449548851778124,Tudering-Riem,Private room,70.0,1,120,4.44,118,Medium,True,2026-06-29,2026-09-11T01:25:48+02:00
1119455532387520249,Untergiesing-Harlaching,Entire home/apt,268.0,1,13,0.57,21,Low,True,2026-06-29,2026-09-11T01:25:48+02:00
1119469147406661631,Ramersdorf-Perlach,Private room,93.0,1,29,1.25,332,High,True,2026-06-29,2026-09-11T01:25:48+02:00
1120788515302561061,Schwabing-Freimann,Private room,73.0,1,258,10.29,305,High,True,2026-06-29,2026-09-11T01:25:48+02:00
1121875729174938307,Neuhausen-Nymphenburg,Entire home/apt,150.0,4,6,0.23,9,Low,True,2026-06-29,2026-09-11T01:25:48+02:00
1122973343931808853,Untergiesing-Harlaching,Entire home/apt,107.0,1,10,1.05,32,Medium,True,2026-06-29,2026-09-11T01:25:48+02:00
1123073978489192020,Neuhausen-Nymphenburg,Private room,105.0,1,6,0.22,220,High,True,2026-06-29,2026-09-11T01:25:48+02:00
1123422253928257234,Au-Haidhausen,Entire home/apt,105.0,2,14,0.52,8,Low,True,2026-06-29,2026-09-11T01:25:48+02:00
1124300321115014644,Milbertshofen-Am Hart,Private room,80.0,1,76,2.83,108,Medium,True,2026-06-29,2026-09-11T01:25:48+02:00
1124470789397194923,Sendling,Entire home/apt,100.0,1,0,0.0,253,High,False,2026-06-29,2026-09-11T01:25:48+02:00
1126143764874991857,Feldmoching-Hasenbergl,Entire home/apt,91.0,7,1,0.04,185,High,True,2026-06-29,2026-09-11T01:25:48+02:00
1126633599205030487,Maxvorstadt,Entire home/apt,186.0,1,15,0.59,301,High,True,2026-06-29,2026-09-11T01:25:48+02:00
1127448986804493958,Tudering-Riem,Entire home/apt,183.0,2,30,1.16,229,High,True,2026-06-29,2026-09-11T01:25:48+02:00
1127477919434154172,Tudering-Riem,Entire home/apt,500.0,2,82,3.22,229,High,True,2026-06-29,2026-09-11T01:25:48+02:00
1127549851731675726,Ludwigsvorstadt-Isarvorstadt,Entire home/apt,739.0,2,40,1.57,252,High,True,2026-06-29,2026-09-11T01:25:48+02:00
1129520422720204908,Ramersdorf-Perlach,Entire home/apt,437.0,1,109,4.44,316,High,True,2026-06-29,2026-09-11T01:25:48+02:00
1129546810362635347,Allach-Untermenzing,Private room,58.0,1,66,2.59,229,High,True,2026-06-29,2026-09-11T01:25:48+02:00
1129635983791211166,Ludwigsvorstadt-Isarvorstadt,Entire home/apt,270.0,3,0,0.0,66,Medium,False,2026-06-29,2026-09-11T01:25:48+02:00
1130459551613465983,Untergiesing-Harlaching,Private room,172.0,1,9,0.35,25,Low,True,2026-06-29,2026-09-11T01:25:48+02:00
1130509269515752590,Milbertshofen-Am Hart,Entire home/apt,119.0,7,6,0.28,90,Medium,True,2026-06-29,2026-09-11T01:25:48+02:00
1130965087329550986,Maxvorstadt,Entire home/apt,323.0,20,19,0.75,192,High,True,2026-06-29,2026-09-11T01:25:48+02:00
1132355435286189908,Feldmoching-Hasenbergl,Private room,118.0,1,54,2.08,59,Medium,True,2026-06-29,2026-09-11T01:25:48+02:00
1133075829748970581,Schwabing-Freimann,Entire home/apt,292.0,1,12,0.46,3,Low,True,2026-06-29,2026-09-11T01:25:48+02:00
1133117669652784941,Maxvorstadt,Entire home/apt,355.0,1,167,6.26,230,High,True,2026-06-29,2026-09-11T01:25:48+02:00
1134693565776538380,Obergiesing,Entire home/apt,190.0,2,12,0.47,314,High,True,2026-06-29,2026-09-11T01:25:48+02:00
1135299206667890279,Thalkirchen-Obersendling-Forstenried-Fürstenried-Solln,Private room,396.0,1,1,0.04,158,Medium,True,2026-06-29,2026-09-11T01:25:48+02:00
1135393130009051426,Schwabing-West,Entire home/apt,126.0,4,3,0.11,46,Medium,True,2026-06-29,2026-09-11T01:25:48+02:00
1135411273003265223,Neuhausen-Nymphenburg,Entire home/apt,119.0,2,15,0.58,148,Medium,True,2026-06-29,2026-09-11T01:25:48+02:00
1136357034774525247,Tudering-Riem,Entire home/apt,311.0,3,7,0.3,7,Low,True,2026-06-29,2026-09-11T01:25:48+02:00
1136672763378343417,Aubing-Lochhausen-Langwied,Entire home/apt,121.0,6,7,0.27,353,High,True,2026-06-29,2026-09-11T01:25:48+02:00
1137029009507014010,Au-Haidhausen,Entire home/apt,414.0,1,8,0.32,268,High,True,2026-06-29,2026-09-11T01:25:48+02:00
1137042338121807839,Neuhausen-Nymphenburg,Entire home/apt,250.0,1,3,0.13,269,High,True,2026-06-29,2026-09-11T01:25:48+02:00
1138133683175503585,Aubing-Lochhausen-Langwied,Entire home/apt,121.0,6,4,0.16,348,High,True,2026-06-29,2026-09-11T01:25:48+02:00
1138136265100737752,Aubing-Lochhausen-Langwied,Entire home/apt,122.0,5,9,0.35,344,High,True,2026-06-29,2026-09-11T01:25:48+02:00
1138552906958906602,Pasing-Obermenzing,Entire home/apt,300.0,3,3,0.12,245,High,True,2026-06-29,2026-09-11T01:25:48+02:00
1139226626274825250,Ludwigsvorstadt-Isarvorstadt,Entire home/apt,502.0,2,25,1.35,180,Medium,True,2026-06-29,2026-09-11T01:25:48+02:00
1139916396177590405,Neuhausen-Nymphenburg,Entire home/apt,414.0,2,6,0.24,81,Medium,True,2026-06-29,2026-09-11T01:25:48+02:00
1140334707338322007,Maxvorstadt,Entire home/apt,397.0,3,57,2.32,228,High,True,2026-06-29,2026-09-11T01:25:48+02:00
1140412412020705550,Maxvorstadt,Entire home/apt,249.0,1,36,1.57,300,High,True,2026-06-29,2026-09-11T01:25:48+02:00
1140753317635563117,Aubing-Lochhausen-Langwied,Entire home/apt,408.0,3,5,0.23,119,Medium,True,2026-06-29,2026-09-11T01:25:48+02:00
1141268861017517983,Maxvorstadt,Entire home/apt,278.0,1,140,5.68,160,Medium,True,2026-06-29,2026-09-11T01:25:48+02:00
1141727424852780395,Ludwigsvorstadt-Isarvorstadt,Private room,88.0,1,0,0.0,99,Medium,False,2026-06-29,2026-09-11T01:25:48+02:00
1142477989495237752,Bogenhausen,Entire home/apt,245.0,21,11,0.44,29,Low,True,2026-06-29,2026-09-11T01:25:48+02:00
1142482550080811807,Ludwigsvorstadt-Isarvorstadt,Entire home/apt,122.0,2,35,1.35,89,Medium,True,2026-06-29,2026-09-11T01:25:48+02:00
1143446878262621369,Neuhausen-Nymphenburg,Entire home/apt,23.0,90,9,0.35,213,High,True,2026-06-29,2026-09-11T01:25:48+02:00
1143638616242400123,Feldmoching-Hasenbergl,Private room,166.0,2,3,0.12,269,High,True,2026-06-29,2026-09-11T01:25:48+02:00
1144233772780314208,Sendling-Westpark,Private room,118.0,2,22,0.85,253,High,True,2026-06-29,2026-09-11T01:25:48+02:00
1144793467109336959,Bogenhausen,Private room,160.0,1,5,0.34,115,Medium,True,2026-06-29,2026-09-11T01:25:48+02:00
1144834282813309831,Tudering-Riem,Private room,190.0,1,15,0.61,17,Low,True,2026-06-29,2026-09-11T01:25:48+02:00
1145389045176692692,Moosach,Entire home/apt,323.0,3,21,0.8,73,Medium,True,2026-06-29,2026-09-11T01:25:48+02:00
1146118612820223971,Pasing-Obermenzing,Entire home/apt,216.0,1,89,3.71,209,High,True,2026-06-29,2026-09-11T01:25:48+02:00
1146412534276827021,Au-Haidhausen,Entire home/apt,112.0,2,37,1.6,54,Medium,True,2026-06-29,2026-09-11T01:25:48+02:00
1146455795825698746,Tudering-Riem,Entire home/apt,58.0,85,0,0.0,269,High,False,2026-06-29,2026-09-11T01:25:48+02:00
1147126064381147689,Tudering-Riem,Entire home/apt,209.0,2,36,1.39,20,Low,True,2026-06-29,2026-09-11T01:25:48+02:00
1148332399401702319,Altstadt-Lehel,Entire home/apt,500.0,7,1,0.04,175,Medium,True,2026-06-29,2026-09-11T01:25:48+02:00
1148589254253891091,Neuhausen-Nymphenburg,Private room,240.0,2,7,0.28,359,High,True,2026-06-29,2026-09-11T01:25:48+02:00
1149235392166516860,Tudering-Riem,Private room,91.0,1,17,0.7,362,High,True,2026-06-29,2026-09-11T01:25:48+02:00
1149371145860057284,Milbertshofen-Am Hart,Private room,131.0,1,22,0.86,53,Medium,True,2026-06-29,2026-09-11T01:25:48+02:00
1149685094074469827,Schwabing-West,Entire home/apt,72.0,1,1,0.23,255,High,True,2026-06-29,2026-09-11T01:25:48+02:00
1149900893770495877,Thalkirchen-Obersendling-Forstenried-Fürstenried-Solln,Entire home/apt,145.0,4,7,0.33,341,High,True,2026-06-29,2026-09-11T01:25:48+02:00
1150012952026183788,Neuhausen-Nymphenburg,Entire home/apt,137.0,2,1,1.0,113,Medium,True,2026-06-29,2026-09-11T01:25:48+02:00
1150018667840735321,Neuhausen-Nymphenburg,Private room,150.0,2,15,0.7,8,Low,True,2026-06-29,2026-09-11T01:25:48+02:00
1150066828075948751,Neuhausen-Nymphenburg,Entire home/apt,184.0,2,23,0.93,239,High,True,2026-06-29,2026-09-11T01:25:48+02:00
1150127999828725957,Sendling-Westpark,Entire home/apt,188.0,7,11,0.45,293,High,True,2026-06-29,2026-09-11T01:25:48+02:00
1150588263397770681,Schwabing-Freimann,Entire home/apt,150.0,1,14,0.61,261,High,True,2026-06-29,2026-09-11T01:25:48+02:00
1151566334432236517,Ludwigsvorstadt-Isarvorstadt,Entire home/apt,509.0,1,14,0.65,346,High,True,2026-06-29,2026-09-11T01:25:48+02:00
1152125039635537007,Schwabing-Freimann,Entire home/apt,300.0,2,0,0.0,117,Medium,False,2026-06-29,2026-09-11T01:25:48+02:00
1152165543045085487,Untergiesing-Harlaching,Entire home/apt,170.0,3,16,0.65,235,High,True,2026-06-29,2026-09-11T01:25:48+02:00
1152627462260387834,Obergiesing,Entire home/apt,154.0,1,76,2.95,309,High,True,2026-06-29,2026-09-11T01:25:48+02:00
1152753206866627479,Feldmoching-Hasenbergl,Private room,69.0,1,61,4.11,168,Medium,True,2026-06-29,2026-09-11T01:25:48+02:00
1153455796091872774,Bogenhausen,Private room,210.0,1,7,0.28,266,High,True,2026-06-29,2026-09-11T01:25:48+02:00
1156243916275172072,Tudering-Riem,Entire home/apt,364.0,3,26,1.11,243,High,True,2026-06-29,2026-09-11T01:25:48+02:00
1156358661909194458,Sendling,Private room,138.0,1,4,0.22,160,Medium,True,2026-06-29,2026-09-11T01:25:48+02:00
1156650390036237099,Sendling-Westpark,Entire home/apt,166.0,2,0,0.0,286,High,False,2026-06-29,2026-09-11T01:25:48+02:00
1157749542249090589,Maxvorstadt,Entire home/apt,236.0,2,56,2.62,200,High,True,2026-06-29,2026-09-11T01:25:48+02:00
1158449453116001694,Tudering-Riem,Entire home/apt,650.0,1,9,0.37,179,Medium,True,2026-06-29,2026-09-11T01:25:48+02:00
1158833301644831268,Ludwigsvorstadt-Isarvorstadt,Private room,140.0,1,57,2.24,164,Medium,True,2026-06-29,2026-09-11T01:25:48+02:00
1160651325412919947,Ludwigsvorstadt-Isarvorstadt,Entire home/apt,240.0,1,12,0.49,85,Medium,True,2026-06-29,2026-09-11T01:25:48+02:00
1160828810621337745,Ludwigsvorstadt-Isarvorstadt,Private room,119.0,1,4,0.16,19,Low,True,2026-06-29,2026-09-11T01:25:48+02:00
1160982765013393897,Ludwigsvorstadt-Isarvorstadt,Private room,65.0,1,57,2.27,11,Low,True,2026-06-29,2026-09-11T01:25:48+02:00
1161335253508980588,Ludwigsvorstadt-Isarvorstadt,Private room,65.0,1,45,1.81,11,Low,True,2026-06-29,2026-09-11T01:25:48+02:00
1161362382759323743,Ramersdorf-Perlach,Entire home/apt,130.0,2,7,0.28,130,Medium,True,2026-06-29,2026-09-11T01:25:48+02:00
1161420222675639710,Ludwigsvorstadt-Isarvorstadt,Private room,65.0,1,118,4.69,7,Low,True,2026-06-29,2026-09-11T01:25:48+02:00
1161531855890023587,Tudering-Riem,Private room,137.0,2,19,0.77,207,High,True,2026-06-29,2026-09-11T01:25:48+02:00
1161605558834195550,Neuhausen-Nymphenburg,Entire home/apt,119.0,1,6,0.27,122,Medium,True,2026-06-29,2026-09-11T01:25:48+02:00
1161728281232380853,Milbertshofen-Am Hart,Private room,86.0,1,71,2.86,31,Medium,True,2026-06-29,2026-09-11T01:25:48+02:00
1163688686188362557,Aubing-Lochhausen-Langwied,Private room,100.0,1,3,0.12,263,High,True,2026-06-29,2026-09-11T01:25:48+02:00
1163692414434986677,Obergiesing,Entire home/apt,196.0,1,25,1.14,342,High,True,2026-06-29,2026-09-11T01:25:48+02:00
1165102599140655420,Laim,Private room,97.0,1,14,0.57,64,Medium,True,2026-06-29,2026-09-11T01:25:48+02:00
1165138178044579746,Sendling,Entire home/apt,245.0,7,1,0.04,132,Medium,True,2026-06-29,2026-09-11T01:25:48+02:00
1166039375404919535,Pasing-Obermenzing,Entire home/apt,75.0,2,24,0.97,11,Low,True,2026-06-29,2026-09-11T01:25:48+02:00
1166366904383179268,Sendling,Entire home/apt,124.0,2,39,1.58,58,Medium,True,2026-06-29,2026-09-11T01:25:48+02:00
1166522433563880575,Moosach,Entire home/apt,19.0,107,0,0.0,173,Medium,False,2026-06-29,2026-09-11T01:25:48+02:00
1166597075613459064,Sendling,Entire home/apt,167.0,3,17,0.73,53,Medium,True,2026-06-29,2026-09-11T01:25:48+02:00
1166626527388088751,Milbertshofen-Am Hart,Entire home/apt,144.0,1,0,0.0,84,Medium,False,2026-06-29,2026-09-11T01:25:48+02:00
1166703319106212748,Bogenhausen,Entire home/apt,111.0,14,0,0.0,78,Medium,False,2026-06-29,2026-09-11T01:25:48+02:00
1166780996619138522,Ludwigsvorstadt-Isarvorstadt,Entire home/apt,304.0,1,0,0.0,350,High,False,2026-06-29,2026-09-11T01:25:48+02:00
1166789554694754558,Maxvorstadt,Entire home/apt,124.0,4,1,0.04,9,Low,True,2026-06-29,2026-09-11T01:25:48+02:00
1167247747569310002,Tudering-Riem,Entire home/apt,450.0,3,11,0.47,27,Low,True,2026-06-29,2026-09-11T01:25:48+02:00
1167344611067341710,Neuhausen-Nymphenburg,Entire home/apt,412.0,2,28,1.14,214,High,True,2026-06-29,2026-09-11T01:25:48+02:00
1167970808100448551,Laim,Entire home/apt,120.0,1,2,0.08,49,Medium,True,2026-06-29,2026-09-11T01:25:48+02:00
1168761560610256058,Pasing-Obermenzing,Entire home/apt,78.0,2,41,1.68,72,Medium,True,2026-06-29,2026-09-11T01:25:48+02:00
1168908859736816822,Ludwigsvorstadt-Isarvorstadt,Entire home/apt,385.0,1,2,0.21,29,Low,True,2026-06-29,2026-09-11T01:25:48+02:00
1168919420131609668,Schwabing-Freimann,Entire home/apt,208.0,2,22,0.89,141,Medium,True,2026-06-29,2026-09-11T01:25:48+02:00
1169430670237488648,Ludwigsvorstadt-Isarvorstadt,Entire home/apt,130.0,1,177,7.07,113,Medium,True,2026-06-29,2026-09-11T01:25:48+02:00
1170106606198740019,Altstadt-Lehel,Private room,101.0,1,174,6.96,326,High,True,2026-06-29,2026-09-11T01:25:48+02:00
1170204291537152977,Schwabing-Freimann,Private room,65.0,1,153,6.16,253,High,True,2026-06-29,2026-09-11T01:25:48+02:00
1170365125226020189,Sendling-Westpark,Entire home/apt,130.0,3,4,0.18,11,Low,True,2026-06-29,2026-09-11T01:25:48+02:00
1170402362090007056,Au-Haidhausen,Entire home/apt,195.0,21,1,0.08,28,Low,True,2026-06-29,2026-09-11T01:25:48+02:00
1170972048911580881,Neuhausen-Nymphenburg,Private room,148.0,1,3,0.16,210,High,True,2026-06-29,2026-09-11T01:25:48+02:00
1171477385135842139,Laim,Entire home/apt,81.0,7,2,0.08,32,Medium,True,2026-06-29,2026-09-11T01:25:48+02:00
1171481362349810081,Bogenhausen,Entire home/apt,256.0,1,40,1.61,85,Medium,True,2026-06-29,2026-09-11T01:25:48+02:00
1171718250172304222,Untergiesing-Harlaching,Entire home/apt,155.0,1,9,0.36,116,Medium,True,2026-06-29,2026-09-11T01:25:48+02:00
1171905949876119106,Feldmoching-Hasenbergl,Entire home/apt,98.0,2,26,1.05,101,Medium,True,2026-06-29,2026-09-11T01:25:48+02:00
1172358547686436959,Schwabing-West,Private room,53.0,3,96,3.87,168,Medium,True,2026-06-29,2026-09-11T01:25:48+02:00
1172598943291820607,Obergiesing,Private room,155.0,1,13,0.57,180,Medium,True,2026-06-29,2026-09-11T01:25:48+02:00
1173280838748952674,Sendling,Private room,80.0,2,0,0.0,82,Medium,False,2026-06-29,2026-09-11T01:25:48+02:00
1173856089019490554,Sendling-Westpark,Private room,149.0,2,19,0.77,351,High,True,2026-06-29,2026-09-11T01:25:48+02:00
1174606692890876914,Maxvorstadt,Entire home/apt,195.0,1,22,0.89,262,High,True,2026-06-29,2026-09-11T01:25:48+02:00
1174633155429288297,Thalkirchen-Obersendling-Forstenried-Fürstenried-Solln,Entire home/apt,246.0,10,1,0.04,148,Medium,True,2026-06-29,2026-09-11T01:25:48+02:00
1175144196728011090,Maxvorstadt,Entire home/apt,213.0,3,7,0.3,88,Medium,True,2026-06-29,2026-09-11T01:25:48+02:00
1175175955774439972,Ludwigsvorstadt-Isarvorstadt,Entire home/apt,394.0,1,24,1.03,147,Medium,True,2026-06-29,2026-09-11T01:25:48+02:00
1175228594351047159,Schwabing-Freimann,Private room,120.0,1,0,0.0,262,High,False,2026-06-29,2026-09-11T01:25:48+02:00
1175950557380042152,Pasing-Obermenzing,Entire home/apt,223.0,3,22,0.89,81,Medium,True,2026-06-29,2026-09-11T01:25:48+02:00
1175978513345695715,Thalkirchen-Obersendling-Forstenried-Fürstenried-Solln,Entire home/apt,360.0,3,26,1.11,174,Medium,True,2026-06-29,2026-09-11T01:25:48+02:00
1176148452114054394,Ramersdorf-Perlach,Private room,124.0,1,16,0.65,349,High,True,2026-06-29,2026-09-11T01:25:48+02:00
1176215050974507924,Hadern,Private room,44.0,1,7,0.3,1,Low,True,2026-06-29,2026-09-11T01:25:48+02:00
1176588898216192489,Tudering-Riem,Entire home/apt,220.0,2,0,0.0,42,Medium,False,2026-06-29,2026-09-11T01:25:48+02:00
1176692351715096535,Feldmoching-Hasenbergl,Entire home/apt,81.0,2,19,1.82,47,Medium,True,2026-06-29,2026-09-11T01:25:48+02:00
1176704243682931075,Milbertshofen-Am Hart,Private room,112.0,1,1,0.04,266,High,True,2026-06-29,2026-09-11T01:25:48+02:00
1176749600974297097,Untergiesing-Harlaching,Entire home/apt,123.0,2,18,0.75,323,High,True,2026-06-29,2026-09-11T01:25:48+02:00
1176751866067416723,Ramersdorf-Perlach,Private room,53.0,1,32,1.31,256,High,True,2026-06-29,2026-09-11T01:25:48+02:00
1177673072395725651,Schwabing-West,Private room,175.0,4,1,0.04,363,High,True,2026-06-29,2026-09-11T01:25:48+02:00
1177970646007571440,Ramersdorf-Perlach,Private room,77.0,1,41,1.67,360,High,True,2026-06-29,2026-09-11T01:25:48+02:00
1178019984587731797,Neuhausen-Nymphenburg,Entire home/apt,299.0,1,21,0.85,334,High,True,2026-06-29,2026-09-11T01:25:48+02:00
1178284120527543022,Bogenhausen,Entire home/apt,177.0,2,24,0.99,19,Low,True,2026-06-29,2026-09-11T01:25:48+02:00
1178758431880222372,Tudering-Riem,Private room,150.0,2,12,0.51,357,High,True,2026-06-29,2026-09-11T01:25:48+02:00
1179463652418541920,Bogenhausen,Entire home/apt,200.0,1,1,0.04,257,High,True,2026-06-29,2026-09-11T01:25:48+02:00
1179734271018261149,Obergiesing,Private room,89.0,1,51,2.06,50,Medium,True,2026-06-29,2026-09-11T01:25:48+02:00
1180318331765812529,Sendling,Entire home/apt,220.0,1,0,0.0,254,High,False,2026-06-29,2026-09-11T01:25:48+02:00
1181123174430206381,Tudering-Riem,Private room,111.0,1,16,0.7,266,High,True,2026-06-29,2026-09-11T01:25:48+02:00
1181213289191835640,Obergiesing,Entire home/apt,178.0,2,19,0.83,49,Medium,True,2026-06-29,2026-09-11T01:25:48+02:00
1181327921082383763,Schwanthalerhöhe,Entire home/apt,103.0,1,2,0.1,125,Medium,True,2026-06-29,2026-09-11T01:25:48+02:00
1181670699866317866,Altstadt-Lehel,Entire home/apt,100.0,1,0,0.0,319,High,False,2026-06-29,2026-09-11T01:25:48+02:00
1181757659958066393,Au-Haidhausen,Entire home/apt,170.0,1,5,0.23,163,Medium,True,2026-06-29,2026-09-11T01:25:48+02:00
1181798675328196126,Pasing-Obermenzing,Entire home/apt,159.0,4,21,0.89,229,High,True,2026-06-29,2026-09-11T01:25:48+02:00
1182368219859280878,Schwabing-West,Entire home/apt,197.0,1,2,0.21,248,High,True,2026-06-29,2026-09-11T01:25:48+02:00
1182393991866490005,Schwabing-West,Entire home/apt,89.0,1,3,0.13,41,Medium,True,2026-06-29,2026-09-11T01:25:48+02:00
1182558401257866655,Schwabing-West,Entire home/apt,136.0,4,22,0.92,25,Low,True,2026-06-29,2026-09-11T01:25:48+02:00
1183441738193312133,Schwabing-West,Entire home/apt,390.0,2,24,0.99,173,Medium,True,2026-06-29,2026-09-11T01:25:48+02:00
1184688859478017150,Au-Haidhausen,Entire home/apt,820.0,2,2,0.14,358,High,True,2026-06-29,2026-09-11T01:25:48+02:00
1184848321045123516,Milbertshofen-Am Hart,Entire home/apt,178.0,2,1,0.11,274,High,True,2026-06-29,2026-09-11T01:25:48+02:00
1185335493188422479,Neuhausen-Nymphenburg,Private room,80.0,1,6,0.26,174,Medium,True,2026-06-29,2026-09-11T01:25:48+02:00
1185396633775673493,Untergiesing-Harlaching,Private room,136.0,1,36,1.47,357,High,True,2026-06-29,2026-09-11T01:25:48+02:00
1185466808860472760,Maxvorstadt,Private room,113.0,1,26,1.13,343,High,True,2026-06-29,2026-09-11T01:25:48+02:00
1185622732009066922,Ludwigsvorstadt-Isarvorstadt,Entire home/apt,737.0,1,2,0.16,60,Medium,True,2026-06-29,2026-09-11T01:25:48+02:00
1185895419367126659,Schwabing-Freimann,Entire home/apt,145.0,5,7,0.35,232,High,True,2026-06-29,2026-09-11T01:25:48+02:00
1186205354499713334,Feldmoching-Hasenbergl,Private room,70.0,1,1,0.04,356,High,True,2026-06-29,2026-09-11T01:25:48+02:00
1186268132963391147,Ludwigsvorstadt-Isarvorstadt,Private room,66.0,5,1,0.23,203,High,True,2026-06-29,2026-09-11T01:25:48+02:00
1186733227616113083,Maxvorstadt,Entire home/apt,160.0,2,18,0.76,145,Medium,True,2026-06-29,2026-09-11T01:25:48+02:00
1186795197862234904,Maxvorstadt,Entire home/apt,253.0,2,28,1.16,19,Low,True,2026-06-29,2026-09-11T01:25:48+02:00
1187429280234086137,Sendling,Entire home/apt,148.0,3,1,0.05,288,High,True,2026-06-29,2026-09-11T01:25:48+02:00
1187457683406047546,Feldmoching-Hasenbergl,Entire home/apt,486.0,1,6,0.26,240,High,True,2026-06-29,2026-09-11T01:25:48+02:00
1187866425307226793,Ludwigsvorstadt-Isarvorstadt,Private room,69.0,1,53,2.25,9,Low,True,2026-06-29,2026-09-11T01:25:48+02:00
1188116392971777215,Bogenhausen,Entire home/apt,201.0,1,12,0.57,61,Medium,True,2026-06-29,2026-09-11T01:25:48+02:00
1190412671692800774,Sendling,Entire home/apt,198.0,3,4,0.17,22,Low,True,2026-06-29,2026-09-11T01:25:48+02:00
1190486064176752592,Feldmoching-Hasenbergl,Entire home/apt,297.0,1,5,0.22,2,Low,True,2026-06-29,2026-09-11T01:25:48+02:00
1190547197622276834,Sendling,Entire home/apt,355.0,1,8,0.37,161,Medium,True,2026-06-29,2026-09-11T01:25:48+02:00
1190956967848228282,Ludwigsvorstadt-Isarvorstadt,Entire home/apt,191.0,2,10,0.44,149,Medium,True,2026-06-29,2026-09-11T01:25:48+02:00
1191500363528964242,Maxvorstadt,Entire home/apt,154.0,1,8,0.33,207,High,True,2026-06-29,2026-09-11T01:25:48+02:00
1191885785742787870,Aubing-Lochhausen-Langwied,Private room,235.0,1,4,0.18,63,Medium,True,2026-06-29,2026-09-11T01:25:48+02:00
1191989667463262369,Neuhausen-Nymphenburg,Entire home/apt,87.0,1,3,0.12,57,Medium,True,2026-06-29,2026-09-11T01:25:48+02:00
1192677842989783048,Schwabing-Freimann,Entire home/apt,187.0,1,30,1.51,310,High,True,2026-06-29,2026-09-11T01:25:48+02:00
1193219236832726461,Ludwigsvorstadt-Isarvorstadt,Entire home/apt,163.0,2,7,0.33,55,Medium,True,2026-06-29,2026-09-11T01:25:48+02:00
1193578046798820861,Obergiesing,Entire home/apt,189.0,3,4,0.37,14,Low,True,2026-06-29,2026-09-11T01:25:48+02:00
1193858545787892856,Untergiesing-Harlaching,Entire home/apt,117.0,7,2,0.14,174,Medium,True,2026-06-29,2026-09-11T01:25:48+02:00
1193981966357786966,Schwabing-West,Private room,98.0,1,51,2.13,352,High,True,2026-06-29,2026-09-11T01:25:48+02:00
1194107148964457758,Sendling,Private room,151.0,2,5,0.23,137,Medium,True,2026-06-29,2026-09-11T01:25:48+02:00
1194240973323558957,Milbertshofen-Am Hart,Private room,77.0,1,59,2.46,20,Low,True,2026-06-29,2026-09-11T01:25:48+02:00
1194980285367581235,Schwabing-Freimann,Private room,74.0,3,18,0.78,119,Medium,True,2026-06-29,2026-09-11T01:25:48+02:00
1194996368377835528,Ramersdorf-Perlach,Private room,141.0,1,5,0.24,175,Medium,True,2026-06-29,2026-09-11T01:25:48+02:00
1195728108323438765,Tudering-Riem,Private room,75.0,2,41,1.77,176,Medium,True,2026-06-29,2026-09-11T01:25:48+02:00
1195825022634544755,Ludwigsvorstadt-Isarvorstadt,Private room,146.0,1,22,1.03,155,Medium,True,2026-06-29,2026-09-11T01:25:48+02:00
1195948096389244197,Bogenhausen,Private room,77.0,1,24,1.07,247,High,True,2026-06-29,2026-09-11T01:25:48+02:00
1196272016980787430,Ludwigsvorstadt-Isarvorstadt,Entire home/apt,243.0,2,14,0.63,254,High,True,2026-06-29,2026-09-11T01:25:48+02:00
1196284024154359458,Altstadt-Lehel,Entire home/apt,430.0,1,31,1.33,16,Low,True,2026-06-29,2026-09-11T01:25:48+02:00
1196777909121058554,Schwabing-West,Entire home/apt,259.0,1,14,0.6,240,High,True,2026-06-29,2026-09-11T01:25:48+02:00
1196925229327494611,Ludwigsvorstadt-Isarvorstadt,Entire home/apt,256.0,3,8,0.54,9,Low,True,2026-06-29,2026-09-11T01:25:48+02:00
1197005364403624388,Tudering-Riem,Private room,14.0,60,1,0.09,155,Medium,True,2026-06-29,2026-09-11T01:25:48+02:00
1197216707357102207,Schwabing-West,Private room,85.0,2,44,1.96,116,Medium,True,2026-06-29,2026-09-11T01:25:48+02:00
1197221353851731033,Thalkirchen-Obersendling-Forstenried-Fürstenried-Solln,Entire home/apt,222.0,1,3,0.67,60,Medium,True,2026-06-29,2026-09-11T01:25:48+02:00
1198387800418818828,Schwanthalerhöhe,Entire home/apt,108.0,1,5,0.21,1,Low,True,2026-06-29,2026-09-11T01:25:48+02:00
1198525314339265624,Pasing-Obermenzing,Private room,65.0,1,31,1.34,356,High,True,2026-06-29,2026-09-11T01:25:48+02:00
1199062786119420790,Ramersdorf-Perlach,Entire home/apt,114.0,7,5,0.21,94,Medium,True,2026-06-29,2026-09-11T01:25:48+02:00
1199174495515889489,Au-Haidhausen,Private room,114.0,1,1,1.0,163,Medium,True,2026-06-29,2026-09-11T01:25:48+02:00
1199442596370215708,Ramersdorf-Perlach,Entire home/apt,379.0,1,6,0.29,361,High,True,2026-06-29,2026-09-11T01:25:48+02:00
1199910758156787157,Schwanthalerhöhe,Entire home/apt,365.0,1,8,0.37,26,Low,True,2026-06-29,2026-09-11T01:25:48+02:00
1201099449094541454,Sendling,Entire home/apt,148.0,4,3,0.14,85,Medium,True,2026-06-29,2026-09-11T01:25:48+02:00
1201531605255047166,Milbertshofen-Am Hart,Entire home/apt,220.0,5,2,0.22,17,Low,True,2026-06-29,2026-09-11T01:25:48+02:00
1201553833465760715,Laim,Private room,183.0,1,4,0.19,85,Medium,True,2026-06-29,2026-09-11T01:25:48+02:00
1201908436826781819,Tudering-Riem,Entire home/apt,80.0,3,0,0.0,80,Medium,False,2026-06-29,2026-09-11T01:25:48+02:00
1202057654431549661,Schwabing-Freimann,Private room,118.0,1,26,1.12,79,Medium,True,2026-06-29,2026-09-11T01:25:48+02:00
1202173549719677101,Hadern,Entire home/apt,140.0,1,8,0.54,66,Medium,True,2026-06-29,2026-09-11T01:25:48+02:00
1203020592470708497,Milbertshofen-Am Hart,Entire home/apt,54.0,90,0,0.0,268,High,False,2026-06-29,2026-09-11T01:25:48+02:00
1203356745712072160,Ramersdorf-Perlach,Entire home/apt,167.0,1,15,0.7,360,High,True,2026-06-29,2026-09-11T01:25:48+02:00
1203395877087007426,Au-Haidhausen,Private room,309.0,2,2,0.09,180,Medium,True,2026-06-29,2026-09-11T01:25:48+02:00
1204154130404721469,Thalkirchen-Obersendling-Forstenried-Fürstenried-Solln,Entire home/apt,252.0,7,1,0.17,26,Low,True,2026-06-29,2026-09-11T01:25:48+02:00
1204294227201250264,Sendling,Entire home/apt,166.0,3,7,0.33,43,Medium,True,2026-06-29,2026-09-11T01:25:48+02:00
1204977607793648646,Aubing-Lochhausen-Langwied,Entire home/apt,420.0,1,14,0.6,82,Medium,True,2026-06-29,2026-09-11T01:25:48+02:00
1205690095864637177,Thalkirchen-Obersendling-Forstenried-Fürstenried-Solln,Entire home/apt,25.0,90,0,0.0,243,High,False,2026-06-29,2026-09-11T01:25:48+02:00
1205707719497006013,Milbertshofen-Am Hart,Entire home/apt,180.0,1,5,0.21,252,High,True,2026-06-29,2026-09-11T01:25:48+02:00
1205818852549395209,Sendling-Westpark,Entire home/apt,130.0,1,16,0.69,72,Medium,True,2026-06-29,2026-09-11T01:25:48+02:00
1205970204273748880,Bogenhausen,Entire home/apt,382.0,3,1,1.0,333,High,True,2026-06-29,2026-09-11T01:25:48+02:00
1206342351019433860,Bogenhausen,Entire home/apt,194.0,30,0,0.0,40,Medium,False,2026-06-29,2026-09-11T01:25:48+02:00
1207164588148305000,Moosach,Private room,71.0,2,27,1.18,97,Medium,True,2026-06-29,2026-09-11T01:25:48+02:00
1207259781852640494,Laim,Entire home/apt,194.0,3,35,1.56,136,Medium,True,2026-06-29,2026-09-11T01:25:48+02:00
1207362660581819554,Bogenhausen,Private room,152.0,1,19,0.82,343,High,True,2026-06-29,2026-09-11T01:25:48+02:00
1207705393881713157,Sendling,Entire home/apt,183.0,7,15,0.65,96,Medium,True,2026-06-29,2026-09-11T01:25:48+02:00
1207734299837769179,Sendling,Entire home/apt,285.0,1,5,0.3,115,Medium,True,2026-06-29,2026-09-11T01:25:48+02:00
1207742053591787081,Tudering-Riem,Private room,140.0,1,11,0.48,344,High,True,2026-06-29,2026-09-11T01:25:48+02:00
1207794123413647499,Untergiesing-Harlaching,Entire home/apt,241.0,2,5,0.22,86,Medium,True,2026-06-29,2026-09-11T01:25:48+02:00
1207794379644227631,Bogenhausen,Entire home/apt,331.0,2,11,0.52,251,High,True,2026-06-29,2026-09-11T01:25:48+02:00
1207842125219066096,Laim,Private room,189.0,1,3,0.33,91,Medium,True,2026-06-29,2026-09-11T01:25:48+02:00
1207970611086592445,Schwabing-West,Entire home/apt,296.0,4,0,0.0,81,Medium,False,2026-06-29,2026-09-11T01:25:48+02:00
1207992342797949757,Bogenhausen,Entire home/apt,150.0,7,0,0.0,344,High,False,2026-06-29,2026-09-11T01:25:48+02:00
1208126161798245687,Au-Haidhausen,Private room,201.0,2,4,0.19,52,Medium,True,2026-06-29,2026-09-11T01:25:48+02:00
1208522052503420543,Untergiesing-Harlaching,Entire home/apt,107.0,1,70,2.99,220,High,True,2026-06-29,2026-09-11T01:25:48+02:00
1208546999971680040,Ludwigsvorstadt-Isarvorstadt,Private room,195.0,2,34,1.48,245,High,True,2026-06-29,2026-09-11T01:25:48+02:00
1209241043691441603,Obergiesing,Private room,76.0,1,16,0.7,7,Low,True,2026-06-29,2026-09-11T01:25:48+02:00
1209268487930757234,Ludwigsvorstadt-Isarvorstadt,Entire home/apt,175.0,4,0,0.0,364,High,False,2026-06-29,2026-09-11T01:25:48+02:00
1209282410123086361,Au-Haidhausen,Private room,214.0,7,0,0.0,88,Medium,False,2026-06-29,2026-09-11T01:25:48+02:00
1209511974263343323,Sendling-Westpark,Entire home/apt,129.0,1,25,1.08,244,High,True,2026-06-29,2026-09-11T01:25:48+02:00
1210760282876986386,Untergiesing-Harlaching,Private room,167.0,2,3,0.32,206,High,True,2026-06-29,2026-09-11T01:25:48+02:00
1210770512205859189,Maxvorstadt,Entire home/apt,351.0,2,9,0.42,30,Low,True,2026-06-29,2026-09-11T01:25:48+02:00
1210855752983610258,Maxvorstadt,Entire home/apt,250.0,3,3,0.13,340,High,True,2026-06-29,2026-09-11T01:25:48+02:00
1210871400759466865,Ludwigsvorstadt-Isarvorstadt,Private room,260.0,2,7,0.31,5,Low,True,2026-06-29,2026-09-11T01:25:48+02:00
1210988518537241710,Tudering-Riem,Private room,116.0,1,26,1.12,173,Medium,True,2026-06-29,2026-09-11T01:25:48+02:00
1210994485536749555,Ludwigsvorstadt-Isarvorstadt,Entire home/apt,258.0,4,4,0.18,17,Low,True,2026-06-29,2026-09-11T01:25:48+02:00
1211011135893045674,Maxvorstadt,Entire home/apt,184.0,2,13,0.56,2,Low,True,2026-06-29,2026-09-11T01:25:48+02:00
1211384736018439375,Schwabing-Freimann,Private room,135.0,1,91,3.92,348,High,True,2026-06-29,2026-09-11T01:25:48+02:00
1211418795635476259,Pasing-Obermenzing,Entire home/apt,130.0,2,25,1.09,342,High,True,2026-06-29,2026-09-11T01:25:48+02:00
1211605668089832885,Au-Haidhausen,Entire home/apt,460.0,1,1,0.07,214,High,True,2026-06-29,2026-09-11T01:25:48+02:00
1212045374696172101,Maxvorstadt,Private room,160.0,1,2,0.09,25,Low,True,2026-06-29,2026-09-11T01:25:48+02:00
1212975675577882712,Milbertshofen-Am Hart,Entire home/apt,262.0,1,27,1.17,327,High,True,2026-06-29,2026-09-11T01:25:48+02:00
1213096163699335636,Ludwigsvorstadt-Isarvorstadt,Entire home/apt,526.0,1,84,3.97,239,High,True,2026-06-29,2026-09-11T01:25:48+02:00
1213151406483787619,Maxvorstadt,Entire home/apt,686.0,2,9,0.42,349,High,True,2026-06-29,2026-09-11T01:25:48+02:00
1213541660411196353,Sendling,Private room,162.0,2,1,0.56,323,High,True,2026-06-29,2026-09-11T01:25:48+02:00
1213783457791188199,Schwabing-West,Entire home/apt,827.0,1,3,0.14,81,Medium,True,2026-06-29,2026-09-11T01:25:48+02:00
1213928933065485214,Tudering-Riem,Private room,95.0,2,10,0.44,70,Medium,True,2026-06-29,2026-09-11T01:25:48+02:00
1213963021041414272,Schwanthalerhöhe,Entire home/apt,180.0,2,15,0.66,33,Medium,True,2026-06-29,2026-09-11T01:25:48+02:00
1214269082982154686,Thalkirchen-Obersendling-Forstenried-Fürstenried-Solln,Entire home/apt,222.0,2,58,2.53,347,High,True,2026-06-29,2026-09-11T01:25:48+02:00
1214315433657879934,Ludwigsvorstadt-Isarvorstadt,Entire home/apt,739.0,1,12,0.52,15,Low,True,2026-06-29,2026-09-11T01:25:48+02:00
1214400358713917454,Au-Haidhausen,Entire home/apt,436.0,3,0,0.0,283,High,False,2026-06-29,2026-09-11T01:25:48+02:00
1214511413734757171,Moosach,Entire home/apt,306.0,1,0,0.0,349,High,False,2026-06-29,2026-09-11T01:25:48+02:00
1215295525208812513,Tudering-Riem,Entire home/apt,149.0,5,7,0.54,178,Medium,True,2026-06-29,2026-09-11T01:25:48+02:00
1215659813411956784,Tudering-Riem,Private room,164.0,1,9,0.4,178,Medium,True,2026-06-29,2026-09-11T01:25:48+02:00
1215667950150473356,Bogenhausen,Entire home/apt,105.0,1,4,0.28,138,Medium,True,2026-06-29,2026-09-11T01:25:48+02:00
1215780480493053989,Berg am Laim,Entire home/apt,95.0,20,8,0.35,207,High,True,2026-06-29,2026-09-11T01:25:48+02:00
1216111929699057395,Milbertshofen-Am Hart,Private room,53.0,1,0,0.0,357,High,False,2026-06-29,2026-09-11T01:25:48+02:00
1216355776247392869,Tudering-Riem,Private room,79.0,2,0,0.0,361,High,False,2026-06-29,2026-09-11T01:25:48+02:00
1216596064603515749,Maxvorstadt,Entire home/apt,148.0,2,15,0.65,82,Medium,True,2026-06-29,2026-09-11T01:25:48+02:00
1216795501943591264,Obergiesing,Entire home/apt,100.0,1,0,0.0,51,Medium,False,2026-06-29,2026-09-11T01:25:48+02:00
1216871171672529393,Schwabing-West,Shared room,48.0,1,27,1.18,179,Medium,True,2026-06-29,2026-09-11T01:25:48+02:00
1217214615643241803,Obergiesing,Entire home/apt,123.0,4,0,0.0,202,High,False,2026-06-29,2026-09-11T01:25:48+02:00
1217291181504651879,Ramersdorf-Perlach,Entire home/apt,135.0,1,30,1.32,64,Medium,True,2026-06-29,2026-09-11T01:25:48+02:00
1217774109077066354,Untergiesing-Harlaching,Entire home/apt,267.0,3,0,0.0,87,Medium,False,2026-06-29,2026-09-11T01:25:48+02:00
1218086793392467681,Ramersdorf-Perlach,Private room,318.0,2,4,0.19,19,Low,True,2026-06-29,2026-09-11T01:25:48+02:00
1218265011208400285,Pasing-Obermenzing,Entire home/apt,242.0,10,2,0.09,268,High,True,2026-06-29,2026-09-11T01:25:48+02:00
1218593183559260973,Schwabing-West,Entire home/apt,216.0,1,30,1.4,276,High,True,2026-06-29,2026-09-11T01:25:48+02:00
1218616951301350253,Altstadt-Lehel,Entire home/apt,172.0,14,2,0.12,273,High,True,2026-06-29,2026-09-11T01:25:48+02:00
1218694480239730958,Moosach,Entire home/apt,204.0,1,41,1.86,70,Medium,True,2026-06-29,2026-09-11T01:25:48+02:00
1218927749135779652,Bogenhausen,Private room,103.0,2,0,0.0,179,Medium,False,2026-06-29,2026-09-11T01:25:48+02:00
1218958771714000885,Sendling,Entire home/apt,192.0,1,16,0.71,194,High,True,2026-06-29,2026-09-11T01:25:48+02:00
1219258436906076066,Sendling-Westpark,Private room,342.0,1,6,0.27,15,Low,True,2026-06-29,2026-09-11T01:25:48+02:00
1219353360316675985,Laim,Private room,156.0,3,2,0.15,356,High,True,2026-06-29,2026-09-11T01:25:48+02:00
1219527766044572414,Au-Haidhausen,Entire home/apt,465.0,3,24,1.08,83,Medium,True,2026-06-29,2026-09-11T01:25:48+02:00
1219611143392376108,Untergiesing-Harlaching,Private room,125.0,1,3,0.14,183,High,True,2026-06-29,2026-09-11T01:25:48+02:00
1220097682116236641,Tudering-Riem,Private room,106.0,3,5,0.23,210,High,True,2026-06-29,2026-09-11T01:25:48+02:00
1220153845347740223,Schwanthalerhöhe,Entire home/apt,225.0,1,1,0.11,85,Medium,True,2026-06-29,2026-09-11T01:25:48+02:00
1220872145671387592,Ludwigsvorstadt-Isarvorstadt,Private room,177.0,1,55,2.56,179,Medium,True,2026-06-29,2026-09-11T01:25:48+02:00
1221016806457409043,Ramersdorf-Perlach,Private room,177.0,1,0,0.0,120,Medium,False,2026-06-29,2026-09-11T01:25:48+02:00
1221610746103139093,Schwanthalerhöhe,Entire home/apt,591.0,1,8,0.37,13,Low,True,2026-06-29,2026-09-11T01:25:48+02:00
1221670183424317112,Schwabing-West,Private room,123.0,1,26,1.18,71,Medium,True,2026-06-29,2026-09-11T01:25:48+02:00
1221786049212151013,Ludwigsvorstadt-Isarvorstadt,Entire home/apt,151.0,21,0,0.0,291,High,False,2026-06-29,2026-09-11T01:25:48+02:00
1221789602840824608,Ludwigsvorstadt-Isarvorstadt,Entire home/apt,250.0,1,6,0.27,304,High,True,2026-06-29,2026-09-11T01:25:48+02:00
1221875114873165132,Sendling-Westpark,Private room,201.0,3,5,0.23,185,High,True,2026-06-29,2026-09-11T01:25:48+02:00
1222523356348837528,Schwanthalerhöhe,Entire home/apt,326.0,2,14,0.94,337,High,True,2026-06-29,2026-09-11T01:25:48+02:00
1222954557456374366,Sendling,Entire home/apt,168.0,3,25,1.1,147,Medium,True,2026-06-29,2026-09-11T01:25:48+02:00
1223021345905326049,Schwabing-West,Entire home/apt,177.0,1,13,0.6,316,High,True,2026-06-29,2026-09-11T01:25:48+02:00
1223162304270585199,Ludwigsvorstadt-Isarvorstadt,Private room,215.0,1,11,0.51,240,High,True,2026-06-29,2026-09-11T01:25:48+02:00
1223833312924419494,Schwabing-Freimann,Entire home/apt,230.0,3,3,0.14,17,Low,True,2026-06-29,2026-09-11T01:25:48+02:00
1224366479631906710,Sendling,Private room,108.0,1,20,0.88,7,Low,True,2026-06-29,2026-09-11T01:25:48+02:00
1224395722821436624,Maxvorstadt,Entire home/apt,355.0,1,2,0.13,363,High,True,2026-06-29,2026-09-11T01:25:48+02:00
1224452633865145763,Ludwigsvorstadt-Isarvorstadt,Entire home/apt,135.0,2,7,3.82,71,Medium,True,2026-06-29,2026-09-11T01:25:48+02:00
1224461248074877166,Ludwigsvorstadt-Isarvorstadt,Entire home/apt,149.0,5,6,0.41,339,High,True,2026-06-29,2026-09-11T01:25:48+02:00
1224731051689154490,Berg am Laim,Entire home/apt,183.0,3,0,0.0,81,Medium,False,2026-06-29,2026-09-11T01:25:48+02:00
1224820206004036129,Ramersdorf-Perlach,Private room,95.0,1,5,0.23,349,High,True,2026-06-29,2026-09-11T01:25:48+02:00
1225329501631342066,Schwanthalerhöhe,Entire home/apt,310.0,2,3,0.14,364,High,True,2026-06-29,2026-09-11T01:25:48+02:00
1225343319207522803,Altstadt-Lehel,Entire home/apt,178.0,1,30,1.35,120,Medium,True,2026-06-29,2026-09-11T01:25:48+02:00
1225926822451840918,Neuhausen-Nymphenburg,Entire home/apt,340.0,1,1,0.05,225,High,True,2026-06-29,2026-09-11T01:25:48+02:00
1225977307516176529,Sendling-Westpark,Entire home/apt,174.0,2,7,1.86,269,High,True,2026-06-29,2026-09-11T01:25:48+02:00
1226028224348626485,Ramersdorf-Perlach,Entire home/apt,7.0,1,14,0.62,181,High,True,2026-06-29,2026-09-11T01:25:48+02:00
1226109335776598480,Sendling,Private room,106.0,1,13,0.58,11,Low,True,2026-06-29,2026-09-11T01:25:48+02:00
1226214742199466926,Ludwigsvorstadt-Isarvorstadt,Entire home/apt,270.0,3,0,0.0,356,High,False,2026-06-29,2026-09-11T01:25:48+02:00
1226269127239423379,Schwabing-West,Entire home/apt,479.0,2,6,0.28,56,Medium,True,2026-06-29,2026-09-11T01:25:48+02:00
1226296044425747091,Thalkirchen-Obersendling-Forstenried-Fürstenried-Solln,Private room,110.0,1,5,0.23,1,Low,True,2026-06-29,2026-09-11T01:25:48+02:00
1226461612812489734,Aubing-Lochhausen-Langwied,Entire home/apt,270.0,1,8,0.38,133,Medium,True,2026-06-29,2026-09-11T01:25:48+02:00
1226555583171928960,Milbertshofen-Am Hart,Private room,122.0,1,39,1.81,25,Low,True,2026-06-29,2026-09-11T01:25:48+02:00
1226649021678894747,Ramersdorf-Perlach,Private room,58.0,5,2,0.09,240,High,True,2026-06-29,2026-09-11T01:25:48+02:00
1226657022663576381,Ludwigsvorstadt-Isarvorstadt,Entire home/apt,371.0,1,79,3.71,203,High,True,2026-06-29,2026-09-11T01:25:48+02:00
1226715896535476345,Sendling-Westpark,Private room,125.0,2,0,0.0,194,High,False,2026-06-29,2026-09-11T01:25:48+02:00
1226733640553620817,Tudering-Riem,Entire home/apt,315.0,2,6,0.27,57,Medium,True,2026-06-29,2026-09-11T01:25:48+02:00
1226733920156401999,Obergiesing,Entire home/apt,262.0,1,7,0.33,9,Low,True,2026-06-29,2026-09-11T01:25:48+02:00
1227240753168946021,Thalkirchen-Obersendling-Forstenried-Fürstenried-Solln,Entire home/apt,125.0,2,2,0.09,5,Low,True,2026-06-29,2026-09-11T01:25:48+02:00
1227293189349079171,Schwanthalerhöhe,Private room,97.0,30,10,0.45,83,Medium,True,2026-06-29,2026-09-11T01:25:48+02:00
1227565186942134539,Altstadt-Lehel,Entire home/apt,985.0,1,17,0.79,354,High,True,2026-06-29,2026-09-11T01:25:48+02:00
1228044482111341824,Bogenhausen,Entire home/apt,155.0,3,2,0.09,125,Medium,True,2026-06-29,2026-09-11T01:25:48+02:00
1228114911745001113,Au-Haidhausen,Private room,120.0,1,11,0.51,18,Low,True,2026-06-29,2026-09-11T01:25:48+02:00
1228168008018827708,Neuhausen-Nymphenburg,Entire home/apt,553.0,2,3,0.32,362,High,True,2026-06-29,2026-09-11T01:25:48+02:00
1228231522348196300,Untergiesing-Harlaching,Private room,320.0,1,0,0.0,362,High,False,2026-06-29,2026-09-11T01:25:48+02:00
1228354759394219623,Obergiesing,Entire home/apt,633.0,2,4,0.18,57,Medium,True,2026-06-29,2026-09-11T01:25:48+02:00
1228362383427283977,Sendling-Westpark,Entire home/apt,98.0,20,1,0.11,88,Medium,True,2026-06-29,2026-09-11T01:25:48+02:00
1228858071137204377,Ramersdorf-Perlach,Private room,89.0,2,9,0.42,171,Medium,True,2026-06-29,2026-09-11T01:25:48+02:00
1228893101905492126,Au-Haidhausen,Entire home/apt,172.0,1,12,0.54,1,Low,True,2026-06-29,2026-09-11T01:25:48+02:00
1228927368176447006,Laim,Entire home/apt,189.0,2,44,2.07,118,Medium,True,2026-06-29,2026-09-11T01:25:48+02:00
1229033049738054109,Thalkirchen-Obersendling-Forstenried-Fürstenried-Solln,Entire home/apt,242.0,2,34,1.58,36,Medium,True,2026-06-29,2026-09-11T01:25:48+02:00
1229091950332348905,Laim,Entire home/apt,640.0,3,1,0.05,42,Medium,True,2026-06-29,2026-09-11T01:25:48+02:00
1229127728968903400,Laim,Entire home/apt,183.0,4,7,0.33,284,High,True,2026-06-29,2026-09-11T01:25:48+02:00
1229450618285100155,Laim,Entire home/apt,163.0,3,7,0.33,140,Medium,True,2026-06-29,2026-09-11T01:25:48+02:00
1229505382413077179,Au-Haidhausen,Entire home/apt,83.0,14,20,0.94,324,High,True,2026-06-29,2026-09-11T01:25:48+02:00
1229513763160210064,Au-Haidhausen,Entire home/apt,70.0,28,5,0.27,333,High,True,2026-06-29,2026-09-11T01:25:48+02:00
1230566077973417546,Maxvorstadt,Entire home/apt,565.0,2,8,0.37,253,High,True,2026-06-29,2026-09-11T01:25:48+02:00
1230977227628490515,Ludwigsvorstadt-Isarvorstadt,Entire home/apt,432.0,2,11,0.51,235,High,True,2026-06-29,2026-09-11T01:25:48+02:00
1231062103113617984,Obergiesing,Entire home/apt,207.0,2,1,0.05,365,High,True,2026-06-29,2026-09-11T01:25:48+02:00
1231073660155161569,Ludwigsvorstadt-Isarvorstadt,Entire home/apt,286.0,1,85,4.02,218,High,True,2026-06-29,2026-09-11T01:25:48+02:00
1231134246551332981,Berg am Laim,Entire home/apt,130.0,1,3,0.14,263,High,True,2026-06-29,2026-09-11T01:25:48+02:00
1231141731515357144,Schwanthalerhöhe,Entire home/apt,533.0,2,4,0.19,11,Low,True,2026-06-29,2026-09-11T01:25:48+02:00
1231203572002310877,Aubing-Lochhausen-Langwied,Private room,138.0,1,1,0.05,179,Medium,True,2026-06-29,2026-09-11T01:25:48+02:00
1231246532381391901,Bogenhausen,Entire home/apt,493.0,3,14,0.65,42,Medium,True,2026-06-29,2026-09-11T01:25:48+02:00
1231876338805094962,Ludwigsvorstadt-Isarvorstadt,Entire home/apt,445.0,1,3,0.15,139,Medium,True,2026-06-29,2026-09-11T01:25:48+02:00
1231941167907689229,Ludwigsvorstadt-Isarvorstadt,Entire home/apt,150.0,2,3,0.14,179,Medium,True,2026-06-29,2026-09-11T01:25:48+02:00
1232390066983638788,Aubing-Lochhausen-Langwied,Private room,68.0,2,86,4.88,225,High,True,2026-06-29,2026-09-11T01:25:48+02:00
1232433475076833668,Feldmoching-Hasenbergl,Private room,115.0,1,11,0.54,106,Medium,True,2026-06-29,2026-09-11T01:25:48+02:00
1232446449371448262,Pasing-Obermenzing,Entire home/apt,360.0,1,2,0.09,365,High,True,2026-06-29,2026-09-11T01:25:48+02:00
1232538032949665444,Ludwigsvorstadt-Isarvorstadt,Entire home/apt,162.0,1,141,6.99,363,High,True,2026-06-29,2026-09-11T01:25:48+02:00
1232637518893608095,Bogenhausen,Private room,142.0,2,2,0.09,57,Medium,True,2026-06-29,2026-09-11T01:25:48+02:00
1232725750710187667,Obergiesing,Entire home/apt,213.0,2,2,0.09,59,Medium,True,2026-06-29,2026-09-11T01:25:48+02:00
1232909733778943258,Milbertshofen-Am Hart,Entire home/apt,118.0,1,2,0.14,356,High,True,2026-06-29,2026-09-11T01:25:48+02:00
1233125098734818651,Tudering-Riem,Entire home/apt,278.0,2,5,0.23,151,Medium,True,2026-06-29,2026-09-11T01:25:48+02:00
1233265323665862788,Thalkirchen-Obersendling-Forstenried-Fürstenried-Solln,Private room,150.0,1,0,0.0,364,High,False,2026-06-29,2026-09-11T01:25:48+02:00
1233944172655839683,Allach-Untermenzing,Entire home/apt,108.0,1,3,0.14,282,High,True,2026-06-29,2026-09-11T01:25:48+02:00
1234171071786502080,Pasing-Obermenzing,Private room,71.0,1,17,0.8,85,Medium,True,2026-06-29,2026-09-11T01:25:48+02:00
1235515135857067234,Maxvorstadt,Entire home/apt,246.0,1,15,0.71,7,Low,True,2026-06-29,2026-09-11T01:25:48+02:00
1235993147614805420,Untergiesing-Harlaching,Entire home/apt,254.0,5,0,0.0,34,Medium,False,2026-06-29,2026-09-11T01:25:48+02:00
1235999549809634083,Schwanthalerhöhe,Entire home/apt,428.0,1,1,0.07,263,High,True,2026-06-29,2026-09-11T01:25:48+02:00
1236028282395082966,Ludwigsvorstadt-Isarvorstadt,Entire home/apt,618.0,3,13,0.61,4,Low,True,2026-06-29,2026-09-11T01:25:48+02:00
1236072127564568295,Untergiesing-Harlaching,Entire home/apt,249.0,1,0,0.0,30,Low,False,2026-06-29,2026-09-11T01:25:48+02:00
1236090287679709147,Schwabing-West,Entire home/apt,363.0,2,3,0.14,2,Low,True,2026-06-29,2026-09-11T01:25:48+02:00
1236316747857602420,Thalkirchen-Obersendling-Forstenried-Fürstenried-Solln,Entire home/apt,250.0,1,2,0.09,357,High,True,2026-06-29,2026-09-11T01:25:48+02:00
1236751844613348366,Allach-Untermenzing,Private room,310.0,1,0,0.0,362,High,False,2026-06-29,2026-09-11T01:25:48+02:00
1236812451730266680,Obergiesing,Entire home/apt,99.0,2,7,0.33,44,Medium,True,2026-06-29,2026-09-11T01:25:48+02:00
1236918344269885998,Milbertshofen-Am Hart,Entire home/apt,350.0,9,5,0.23,85,Medium,True,2026-06-29,2026-09-11T01:25:48+02:00
1237037449120010923,Bogenhausen,Private room,95.0,7,0,0.0,90,Medium,False,2026-06-29,2026-09-11T01:25:48+02:00
1237085584551449826,Ludwigsvorstadt-Isarvorstadt,Entire home/apt,509.0,1,31,1.49,200,High,True,2026-06-29,2026-09-11T01:25:48+02:00
1237095147552033363,Ludwigsvorstadt-Isarvorstadt,Entire home/apt,581.0,1,77,3.62,244,High,True,2026-06-29,2026-09-11T01:25:48+02:00
1237112718915225941,Pasing-Obermenzing,Entire home/apt,83.0,2,24,1.13,179,Medium,True,2026-06-29,2026-09-11T01:25:48+02:00
1237444047868903037,Ludwigsvorstadt-Isarvorstadt,Private room,125.0,1,9,0.44,348,High,True,2026-06-29,2026-09-11T01:25:48+02:00
1237498570610642153,Obergiesing,Private room,110.0,1,20,0.95,79,Medium,True,2026-06-29,2026-09-11T01:25:48+02:00
1237502936249775968,Allach-Untermenzing,Private room,130.0,1,0,0.0,294,High,False,2026-06-29,2026-09-11T01:25:48+02:00
1237546766142342743,Allach-Untermenzing,Private room,120.0,1,1,0.07,284,High,True,2026-06-29,2026-09-11T01:25:48+02:00
1238138635974768144,Au-Haidhausen,Private room,400.0,1,0,0.0,365,High,False,2026-06-29,2026-09-11T01:25:48+02:00
1238168887332618130,Maxvorstadt,Entire home/apt,942.0,2,8,0.54,22,Low,True,2026-06-29,2026-09-11T01:25:48+02:00
1238286384819577563,Thalkirchen-Obersendling-Forstenried-Fürstenried-Solln,Entire home/apt,137.0,3,7,0.33,13,Low,True,2026-06-29,2026-09-11T01:25:48+02:00
1238383464079829315,Neuhausen-Nymphenburg,Entire home/apt,125.0,3,3,0.14,97,Medium,True,2026-06-29,2026-09-11T01:25:48+02:00
1238518909836681470,Altstadt-Lehel,Entire home/apt,354.0,1,11,0.61,323,High,True,2026-06-29,2026-09-11T01:25:48+02:00
1238820392358275006,Pasing-Obermenzing,Entire home/apt,110.0,5,27,1.3,26,Low,True,2026-06-29,2026-09-11T01:25:48+02:00
1239385287706414931,Thalkirchen-Obersendling-Forstenried-Fürstenried-Solln,Entire home/apt,169.0,1,12,0.56,312,High,True,2026-06-29,2026-09-11T01:25:48+02:00
1239409924327733740,Untergiesing-Harlaching,Entire home/apt,271.0,1,2,0.14,365,High,True,2026-06-29,2026-09-11T01:25:48+02:00
1239483000325656191,Untergiesing-Harlaching,Private room,62.0,1,42,1.95,18,Low,True,2026-06-29,2026-09-11T01:25:48+02:00
1239600215449802162,Schwabing-West,Private room,50.0,1,0,0.0,338,High,False,2026-06-29,2026-09-11T01:25:48+02:00
1239686800678514616,Au-Haidhausen,Entire home/apt,182.0,1,5,0.23,362,High,True,2026-06-29,2026-09-11T01:25:48+02:00
1239687539160682166,Allach-Untermenzing,Private room,45.0,1,166,7.77,107,Medium,True,2026-06-29,2026-09-11T01:25:48+02:00
1239858154357659628,Bogenhausen,Private room,105.0,2,9,0.42,4,Low,True,2026-06-29,2026-09-11T01:25:48+02:00
1239874155614684117,Ramersdorf-Perlach,Private room,125.0,1,3,0.14,361,High,True,2026-06-29,2026-09-11T01:25:48+02:00
1239934932347259159,Thalkirchen-Obersendling-Forstenried-Fürstenried-Solln,Entire home/apt,90.0,3,37,1.73,14,Low,True,2026-06-29,2026-09-11T01:25:48+02:00
1240512270856568804,Bogenhausen,Private room,151.0,1,11,0.51,96,Medium,True,2026-06-29,2026-09-11T01:25:48+02:00
1240557775546564100,Pasing-Obermenzing,Entire home/apt,331.0,1,5,0.23,28,Low,True,2026-06-29,2026-09-11T01:25:48+02:00
1240631660384340506,Ludwigsvorstadt-Isarvorstadt,Private room,70.0,6,0,0.0,342,High,False,2026-06-29,2026-09-11T01:25:48+02:00
1241080909315884092,Bogenhausen,Entire home/apt,340.0,1,3,0.14,4,Low,True,2026-06-29,2026-09-11T01:25:48+02:00
1241130201076350915,Ludwigsvorstadt-Isarvorstadt,Entire home/apt,212.0,2,4,0.26,72,Medium,True,2026-06-29,2026-09-11T01:25:48+02:00
1241169515657635139,Ramersdorf-Perlach,Private room,514.0,1,1,0.07,180,Medium,True,2026-06-29,2026-09-11T01:25:48+02:00
1241271103115905913,Bogenhausen,Private room,236.0,2,2,0.09,355,High,True,2026-06-29,2026-09-11T01:25:48+02:00
1241293341930558663,Moosach,Private room,60.0,1,41,1.91,358,High,True,2026-06-29,2026-09-11T01:25:48+02:00
1241400457163710222,Laim,Entire home/apt,128.0,1,7,0.33,327,High,True,2026-06-29,2026-09-11T01:25:48+02:00
1241782360426890894,Schwanthalerhöhe,Entire home/apt,331.0,3,2,0.09,165,Medium,True,2026-06-29,2026-09-11T01:25:48+02:00
1241857620046753609,Schwanthalerhöhe,Entire home/apt,355.0,1,16,0.74,351,High,True,2026-06-29,2026-09-11T01:25:48+02:00
1241968529181543140,Maxvorstadt,Entire home/apt,331.0,1,3,0.2,251,High,True,2026-06-29,2026-09-11T01:25:48+02:00
1241973354740241147,Neuhausen-Nymphenburg,Entire home/apt,125.0,3,12,0.56,87,Medium,True,2026-06-29,2026-09-11T01:25:48+02:00
1242006611226650723,Aubing-Lochhausen-Langwied,Private room,101.0,2,83,3.9,230,High,True,2026-06-29,2026-09-11T01:25:48+02:00
1242020237186784065,Bogenhausen,Entire home/apt,63.0,1,99,5.01,333,High,True,2026-06-29,2026-09-11T01:25:48+02:00
1242021404981243370,Ludwigsvorstadt-Isarvorstadt,Entire home/apt,627.0,5,1,0.11,346,High,True,2026-06-29,2026-09-11T01:25:48+02:00
1242513023786194085,Maxvorstadt,Entire home/apt,240.0,15,0,0.0,364,High,False,2026-06-29,2026-09-11T01:25:48+02:00
1242635099565660798,Altstadt-Lehel,Private room,90.0,2,2,0.13,75,Medium,True,2026-06-29,2026-09-11T01:25:48+02:00
1242681083551928227,Moosach,Entire home/apt,200.0,14,0,0.0,364,High,False,2026-06-29,2026-09-11T01:25:48+02:00
1242699446044658349,Neuhausen-Nymphenburg,Entire home/apt,459.0,2,31,1.47,128,Medium,True,2026-06-29,2026-09-11T01:25:48+02:00
1242723132051821622,Schwabing-West,Entire home/apt,317.0,3,0,0.0,295,High,False,2026-06-29,2026-09-11T01:25:48+02:00
1243249908138555880,Altstadt-Lehel,Private room,218.0,1,0,0.0,365,High,False,2026-06-29,2026-09-11T01:25:48+02:00
1243332060950945456,Moosach,Entire home/apt,343.0,1,4,0.19,295,High,True,2026-06-29,2026-09-11T01:25:48+02:00
1243473751862899867,Sendling,Entire home/apt,194.0,1,4,0.19,293,High,True,2026-06-29,2026-09-11T01:25:48+02:00
1243919285915728142,Sendling,Private room,100.0,3,2,0.09,98,Medium,True,2026-06-29,2026-09-11T01:25:48+02:00
1244049789732710255,Altstadt-Lehel,Private room,219.0,1,6,0.28,364,High,True,2026-06-29,2026-09-11T01:25:48+02:00
1244058084236514732,Milbertshofen-Am Hart,Private room,65.0,1,0,0.0,363,High,False,2026-06-29,2026-09-11T01:25:48+02:00
1244141750465560127,Sendling-Westpark,Private room,93.0,1,21,0.98,359,High,True,2026-06-29,2026-09-11T01:25:48+02:00
1244721177139851851,Thalkirchen-Obersendling-Forstenried-Fürstenried-Solln,Entire home/apt,121.0,2,126,5.83,212,High,True,2026-06-29,2026-09-11T01:25:48+02:00
1244756574432392472,Ludwigsvorstadt-Isarvorstadt,Private room,107.0,1,1,0.56,171,Medium,True,2026-06-29,2026-09-11T01:25:48+02:00
1244823321854632086,Sendling,Entire home/apt,350.0,1,9,0.42,24,Low,True,2026-06-29,2026-09-11T01:25:48+02:00
1244915333023887244,Tudering-Riem,Entire home/apt,99.0,1,2,0.1,151,Medium,True,2026-06-29,2026-09-11T01:25:48+02:00
1245366247729155545,Untergiesing-Harlaching,Entire home/apt,97.0,5,4,0.27,239,High,True,2026-06-29,2026-09-11T01:25:48+02:00
1245438225658705266,Sendling-Westpark,Entire home/apt,153.0,1,64,2.95,190,High,True,2026-06-29,2026-09-11T01:25:48+02:00
1245479363281567424,Maxvorstadt,Entire home/apt,152.0,1,4,0.19,305,High,True,2026-06-29,2026-09-11T01:25:48+02:00
1245526350733265518,Schwanthalerhöhe,Private room,245.0,1,3,0.14,9,Low,True,2026-06-29,2026-09-11T01:25:48+02:00
1245537499458626191,Ludwigsvorstadt-Isarvorstadt,Private room,176.0,1,0,0.0,352,High,False,2026-06-29,2026-09-11T01:25:48+02:00
1245606091396396927,Ramersdorf-Perlach,Entire home/apt,90.0,1,1,0.05,165,Medium,True,2026-06-29,2026-09-11T01:25:48+02:00
1245630521851125163,Sendling-Westpark,Entire home/apt,120.0,1,5,0.24,161,Medium,True,2026-06-29,2026-09-11T01:25:48+02:00
1245655535349152752,Au-Haidhausen,Private room,95.0,1,4,0.19,56,Medium,True,2026-06-29,2026-09-11T01:25:48+02:00
1245773670422624463,Au-Haidhausen,Private room,74.0,14,12,0.57,278,High,True,2026-06-29,2026-09-11T01:25:48+02:00
1246201171474675743,Sendling-Westpark,Entire home/apt,396.0,2,68,3.17,121,Medium,True,2026-06-29,2026-09-11T01:25:48+02:00
1246240885247568443,Ramersdorf-Perlach,Private room,87.0,1,7,0.33,364,High,True,2026-06-29,2026-09-11T01:25:48+02:00
1246347447577265853,Sendling,Entire home/apt,415.0,1,1,0.07,88,Medium,True,2026-06-29,2026-09-11T01:25:48+02:00
1246355886759914433,Neuhausen-Nymphenburg,Entire home/apt,285.0,1,49,2.33,149,Medium,True,2026-06-29,2026-09-11T01:25:48+02:00
1246355907889170167,Schwabing-Freimann,Entire home/apt,463.0,2,0,0.0,348,High,False,2026-06-29,2026-09-11T01:25:48+02:00
1246366079385038375,Obergiesing,Entire home/apt,148.0,1,18,0.85,44,Medium,True,2026-06-29,2026-09-11T01:25:48+02:00
1246533585755934888,Ludwigsvorstadt-Isarvorstadt,Entire home/apt,200.0,3,9,0.42,244,High,True,2026-06-29,2026-09-11T01:25:48+02:00
1246844958097133387,Ramersdorf-Perlach,Entire home/apt,250.0,1,5,0.23,349,High,True,2026-06-29,2026-09-11T01:25:48+02:00
1246890603958891765,Tudering-Riem,Entire home/apt,96.0,2,36,1.67,330,High,True,2026-06-29,2026-09-11T01:25:48+02:00
1247125925754612285,Ludwigsvorstadt-Isarvorstadt,Entire home/apt,140.0,2,31,1.47,64,Medium,True,2026-06-29,2026-09-11T01:25:48+02:00
1247135423979624728,Ludwigsvorstadt-Isarvorstadt,Entire home/apt,175.0,2,24,1.13,140,Medium,True,2026-06-29,2026-09-11T01:25:48+02:00
1247160256125960468,Laim,Private room,155.0,1,29,1.36,83,Medium,True,2026-06-29,2026-09-11T01:25:48+02:00
1247261387576629053,Bogenhausen,Entire home/apt,195.0,1,10,0.5,362,High,True,2026-06-29,2026-09-11T01:25:48+02:00
1247753799846535188,Thalkirchen-Obersendling-Forstenried-Fürstenried-Solln,Private room,206.0,1,5,0.23,359,High,True,2026-06-29,2026-09-11T01:25:48+02:00
1247780303756174515,Obergiesing,Private room,148.0,2,4,0.27,57,Medium,True,2026-06-29,2026-09-11T01:25:48+02:00
1247885317898888155,Ramersdorf-Perlach,Private room,177.0,1,17,0.8,362,High,True,2026-06-29,2026-09-11T01:25:48+02:00
1248595638536949816,Schwabing-West,Entire home/apt,89.0,1,0,0.0,74,Medium,False,2026-06-29,2026-09-11T01:25:48+02:00
1248606834082587869,Bogenhausen,Private room,65.0,1,0,0.0,351,High,False,2026-06-29,2026-09-11T01:25:48+02:00
1248622371696117756,Schwanthalerhöhe,Entire home/apt,420.0,2,1,0.05,252,High,True,2026-06-29,2026-09-11T01:25:48+02:00
1248667521752237741,Neuhausen-Nymphenburg,Entire home/apt,472.0,2,5,0.25,178,Medium,True,2026-06-29,2026-09-11T01:25:48+02:00
1248670939753456516,Altstadt-Lehel,Entire home/apt,150.0,2,12,0.56,73,Medium,True,2026-06-29,2026-09-11T01:25:48+02:00
1248709358168404954,Ramersdorf-Perlach,Private room,113.0,1,115,5.37,291,High,True,2026-06-29,2026-09-11T01:25:48+02:00
1249118788808284978,Au-Haidhausen,Entire home/apt,290.0,2,55,2.67,270,High,True,2026-06-29,2026-09-11T01:25:48+02:00
1249190933532552369,Untergiesing-Harlaching,Entire home/apt,186.0,1,5,0.23,4,Low,True,2026-06-29,2026-09-11T01:25:48+02:00
1249225160441616386,Schwabing-Freimann,Entire home/apt,120.0,2,1,0.11,217,High,True,2026-06-29,2026-09-11T01:25:48+02:00
1249312264337326064,Ludwigsvorstadt-Isarvorstadt,Private room,215.0,2,5,0.23,84,Medium,True,2026-06-29,2026-09-11T01:25:48+02:00
1249381111332339986,Ludwigsvorstadt-Isarvorstadt,Entire home/apt,156.0,5,1,0.05,30,Low,True,2026-06-29,2026-09-11T01:25:48+02:00
1249524804063322443,Aubing-Lochhausen-Langwied,Entire home/apt,188.0,2,1,0.07,335,High,True,2026-06-29,2026-09-11T01:25:48+02:00
1249546571375553180,Au-Haidhausen,Entire home/apt,402.0,3,10,0.76,79,Medium,True,2026-06-29,2026-09-11T01:25:48+02:00
1249757264275205094,Neuhausen-Nymphenburg,Private room,138.0,1,0,0.0,86,Medium,False,2026-06-29,2026-09-11T01:25:48+02:00
1249787390973586393,Schwanthalerhöhe,Private room,297.0,1,0,0.0,355,High,False,2026-06-29,2026-09-11T01:25:48+02:00
1249845231101442091,Hadern,Private room,84.0,1,81,4.1,150,Medium,True,2026-06-29,2026-09-11T01:25:48+02:00
1249920794873434526,Pasing-Obermenzing,Entire home/apt,133.0,5,3,0.16,28,Low,True,2026-06-29,2026-09-11T01:25:48+02:00
1250206903510765469,Ramersdorf-Perlach,Private room,90.0,1,85,3.96,295,High,True,2026-06-29,2026-09-11T01:25:48+02:00
1250473068019457039,Altstadt-Lehel,Entire home/apt,255.0,1,1,0.05,359,High,True,2026-06-29,2026-09-11T01:25:48+02:00
1250573059916955417,Neuhausen-Nymphenburg,Private room,142.0,1,16,0.75,360,High,True,2026-06-29,2026-09-11T01:25:48+02:00
1250625287623614510,Maxvorstadt,Entire home/apt,335.0,2,12,1.77,312,High,True,2026-06-29,2026-09-11T01:25:48+02:00
1250737441307018717,Schwabing-Freimann,Entire home/apt,156.0,2,9,0.42,43,Medium,True,2026-06-29,2026-09-11T01:25:48+02:00
1250832700645885000,Ludwigsvorstadt-Isarvorstadt,Private room,200.0,1,12,0.56,350,High,True,2026-06-29,2026-09-11T01:25:48+02:00
1251025972873611854,Bogenhausen,Private room,189.0,1,0,0.0,360,High,False,2026-06-29,2026-09-11T01:25:48+02:00
1251257269897053409,Altstadt-Lehel,Entire home/apt,186.0,5,1,0.05,83,Medium,True,2026-06-29,2026-09-11T01:25:48+02:00
1251305682731763662,Bogenhausen,Private room,250.0,1,0,0.0,89,Medium,False,2026-06-29,2026-09-11T01:25:48+02:00
1251675217203869466,Maxvorstadt,Entire home/apt,107.0,7,1,0.07,289,High,True,2026-06-29,2026-09-11T01:25:48+02:00
1251935690977585915,Bogenhausen,Private room,160.0,1,10,0.47,68,Medium,True,2026-06-29,2026-09-11T01:25:48+02:00
1252021798460165292,Obergiesing,Entire home/apt,177.0,1,1,0.11,349,High,True,2026-06-29,2026-09-11T01:25:48+02:00
1252144278919065091,Allach-Untermenzing,Private room,100.0,1,1,0.11,223,High,True,2026-06-29,2026-09-11T01:25:48+02:00
1252178359199278603,Sendling,Entire home/apt,400.0,3,2,0.22,5,Low,True,2026-06-29,2026-09-11T01:25:48+02:00
1252815253563342572,Au-Haidhausen,Private room,570.0,1,0,0.0,365,High,False,2026-06-29,2026-09-11T01:25:48+02:00
1252853673766040701,Ludwigsvorstadt-Isarvorstadt,Entire home/apt,850.0,1,4,0.19,96,Medium,True,2026-06-29,2026-09-11T01:25:48+02:00
1252959762723171455,Berg am Laim,Private room,181.0,1,6,0.28,26,Low,True,2026-06-29,2026-09-11T01:25:48+02:00
1252969260171354144,Berg am Laim,Private room,142.0,7,6,0.28,33,Medium,True,2026-06-29,2026-09-11T01:25:48+02:00
1252994356939227251,Thalkirchen-Obersendling-Forstenried-Fürstenried-Solln,Entire home/apt,100.0,2,23,1.08,179,Medium,True,2026-06-29,2026-09-11T01:25:48+02:00
1253422639390127583,Sendling,Entire home/apt,125.0,7,0,0.0,79,Medium,False,2026-06-29,2026-09-11T01:25:48+02:00
1253442450833615073,Schwabing-West,Private room,142.0,1,4,0.3,360,High,True,2026-06-29,2026-09-11T01:25:48+02:00
1253587828438992893,Sendling-Westpark,Entire home/apt,257.0,2,4,0.43,78,Medium,True,2026-06-29,2026-09-11T01:25:48+02:00
1253672229588934020,Pasing-Obermenzing,Private room,80.0,1,0,0.0,314,High,False,2026-06-29,2026-09-11T01:25:48+02:00
1254324272003378124,Altstadt-Lehel,Private room,60.0,1,0,0.0,323,High,False,2026-06-29,2026-09-11T01:25:48+02:00
1254593437296982051,Bogenhausen,Entire home/apt,89.0,5,1,0.05,314,High,True,2026-06-29,2026-09-11T01:25:48+02:00
1254764192415748925,Thalkirchen-Obersendling-Forstenried-Fürstenried-Solln,Entire home/apt,80.0,5,1,0.06,343,High,True,2026-06-29,2026-09-11T01:25:48+02:00
1254949167524316657,Allach-Untermenzing,Private room,95.0,1,17,0.8,84,Medium,True,2026-06-29,2026-09-11T01:25:48+02:00
1255051872580780190,Allach-Untermenzing,Entire home/apt,100.0,1,1,0.05,267,High,True,2026-06-29,2026-09-11T01:25:48+02:00
1255257021631943226,Schwabing-West,Entire home/apt,231.0,1,7,0.54,361,High,True,2026-06-29,2026-09-11T01:25:48+02:00
1255622684345349952,Maxvorstadt,Entire home/apt,244.0,2,1,0.07,328,High,True,2026-06-29,2026-09-11T01:25:48+02:00
1256490978042597102,Schwabing-Freimann,Entire home/apt,455.0,2,61,3.1,292,High,True,2026-06-29,2026-09-11T01:25:48+02:00
1256996151258606797,Obergiesing,Entire home/apt,350.0,2,14,0.66,61,Medium,True,2026-06-29,2026-09-11T01:25:48+02:00
1257112083410509468,Berg am Laim,Private room,85.0,1,36,1.7,13,Low,True,2026-06-29,2026-09-11T01:25:48+02:00
1257120544844311004,Ramersdorf-Perlach,Entire home/apt,128.0,1,12,0.68,134,Medium,True,2026-06-29,2026-09-11T01:25:48+02:00
1257690073691978232,Sendling-Westpark,Private room,65.0,1,33,2.21,2,Low,True,2026-06-29,2026-09-11T01:25:48+02:00
1257771975286867157,Neuhausen-Nymphenburg,Private room,118.0,1,70,3.34,285,High,True,2026-06-29,2026-09-11T01:25:48+02:00
1257891603175819590,Allach-Untermenzing,Private room,65.0,1,0,0.0,310,High,False,2026-06-29,2026-09-11T01:25:48+02:00
1258096144743562146,Pasing-Obermenzing,Entire home/apt,220.0,2,14,0.67,88,Medium,True,2026-06-29,2026-09-11T01:25:48+02:00
1258401303504077216,Schwabing-Freimann,Private room,45.0,30,0,0.0,283,High,False,2026-06-29,2026-09-11T01:25:48+02:00
1259211761140515236,Neuhausen-Nymphenburg,Entire home/apt,125.0,3,1,0.05,97,Medium,True,2026-06-29,2026-09-11T01:25:48+02:00
1259245844809253924,Schwanthalerhöhe,Private room,154.0,1,15,0.71,51,Medium,True,2026-06-29,2026-09-11T01:25:48+02:00
1259262529438219703,Schwanthalerhöhe,Entire home/apt,242.0,1,23,1.1,30,Low,True,2026-06-29,2026-09-11T01:25:48+02:00
1259310181015932297,Allach-Untermenzing,Private room,64.0,1,1,0.05,312,High,True,2026-06-29,2026-09-11T01:25:48+02:00
1259395525211869126,Bogenhausen,Private room,25.0,45,0,0.0,274,High,False,2026-06-29,2026-09-11T01:25:48+02:00
1259453154816357932,Obergiesing,Entire home/apt,142.0,2,8,0.44,11,Low,True,2026-06-29,2026-09-11T01:25:48+02:00
1259930453761891984,Milbertshofen-Am Hart,Private room,150.0,2,0,0.0,23,Low,False,2026-06-29,2026-09-11T01:25:48+02:00
1260785035554240422,Tudering-Riem,Entire home/apt,275.0,3,5,0.25,358,High,True,2026-06-29,2026-09-11T01:25:48+02:00
1262176739022011577,Tudering-Riem,Entire home/apt,190.0,2,11,0.62,245,High,True,2026-06-29,2026-09-11T01:25:48+02:00
1262378074947475694,Altstadt-Lehel,Private room,620.0,1,0,0.0,170,Medium,False,2026-06-29,2026-09-11T01:25:48+02:00
1262426520832668475,Altstadt-Lehel,Private room,976.0,1,0,0.0,174,Medium,False,2026-06-29,2026-09-11T01:25:48+02:00
1263092208137904135,Ramersdorf-Perlach,Private room,69.0,5,0,0.0,242,High,False,2026-06-29,2026-09-11T01:25:48+02:00
1265084227062593056,Schwabing-Freimann,Entire home/apt,20.0,150,0,0.0,358,High,False,2026-06-29,2026-09-11T01:25:48+02:00
1265858569782057138,Maxvorstadt,Entire home/apt,157.0,2,9,0.46,45,Medium,True,2026-06-29,2026-09-11T01:25:48+02:00
1265868616456718680,Ludwigsvorstadt-Isarvorstadt,Entire home/apt,167.0,2,13,0.94,225,High,True,2026-06-29,2026-09-11T01:25:48+02:00
1266831216665563298,Sendling-Westpark,Private room,130.0,1,0,0.0,364,High,False,2026-06-29,2026-09-11T01:25:48+02:00
1267482403545634676,Berg am Laim,Private room,350.0,1,6,0.3,125,Medium,True,2026-06-29,2026-09-11T01:25:48+02:00
1268118207308191997,Au-Haidhausen,Entire home/apt,77.0,20,2,0.1,228,High,True,2026-06-29,2026-09-11T01:25:48+02:00
1268291682620085085,Milbertshofen-Am Hart,Entire home/apt,392.0,1,0,0.0,365,High,False,2026-06-29,2026-09-11T01:25:48+02:00
1268902203377754328,Schwanthalerhöhe,Entire home/apt,490.0,1,5,0.25,126,Medium,True,2026-06-29,2026-09-11T01:25:48+02:00
1270199466158317733,Bogenhausen,Entire home/apt,128.0,2,34,1.69,71,Medium,True,2026-06-29,2026-09-11T01:25:48+02:00
1270349350676412679,Ramersdorf-Perlach,Private room,120.0,3,1,0.07,88,Medium,True,2026-06-29,2026-09-11T01:25:48+02:00
1271182800026385308,Sendling-Westpark,Entire home/apt,148.0,3,6,0.4,346,High,True,2026-06-29,2026-09-11T01:25:48+02:00
1271601606069601551,Tudering-Riem,Private room,86.0,1,54,2.73,315,High,True,2026-06-29,2026-09-11T01:25:48+02:00
1271683252063117431,Thalkirchen-Obersendling-Forstenried-Fürstenried-Solln,Entire home/apt,380.0,1,1,0.07,137,Medium,True,2026-06-29,2026-09-11T01:25:48+02:00
1271878876587924078,Schwanthalerhöhe,Private room,85.0,5,2,0.1,25,Low,True,2026-06-29,2026-09-11T01:25:48+02:00
1273060106808956433,Au-Haidhausen,Entire home/apt,238.0,2,8,0.4,5,Low,True,2026-06-29,2026-09-11T01:25:48+02:00
1273138314773532830,Ramersdorf-Perlach,Entire home/apt,99.0,1,1,0.05,319,High,True,2026-06-29,2026-09-11T01:25:48+02:00
1274706912335109005,Ludwigsvorstadt-Isarvorstadt,Entire home/apt,350.0,1,68,3.39,294,High,True,2026-06-29,2026-09-11T01:25:48+02:00
1275220121843871373,Ramersdorf-Perlach,Entire home/apt,73.0,1,0,0.0,331,High,False,2026-06-29,2026-09-11T01:25:48+02:00
1275247914262742964,Ramersdorf-Perlach,Entire home/apt,103.0,1,0,0.0,290,High,False,2026-06-29,2026-09-11T01:25:48+02:00
1275998469576071891,Laim,Private room,209.0,1,5,0.26,29,Low,True,2026-06-29,2026-09-11T01:25:48+02:00
1277500156846068490,Ramersdorf-Perlach,Entire home/apt,83.0,1,0,0.0,197,High,False,2026-06-29,2026-09-11T01:25:48+02:00
1277544871901666168,Ramersdorf-Perlach,Entire home/apt,99.0,1,0,0.0,326,High,False,2026-06-29,2026-09-11T01:25:48+02:00
1277666437323637634,Ludwigsvorstadt-Isarvorstadt,Entire home/apt,350.0,1,9,0.72,27,Low,True,2026-06-29,2026-09-11T01:25:48+02:00
1278078346072288967,Maxvorstadt,Entire home/apt,600.0,1,10,0.53,18,Low,True,2026-06-29,2026-09-11T01:25:48+02:00
1278084151169017230,Ludwigsvorstadt-Isarvorstadt,Entire home/apt,160.0,1,2,0.12,74,Medium,True,2026-06-29,2026-09-11T01:25:48+02:00
1278305176344314741,Ludwigsvorstadt-Isarvorstadt,Entire home/apt,165.0,1,5,0.25,76,Medium,True,2026-06-29,2026-09-11T01:25:48+02:00
1278311248600145560,Ludwigsvorstadt-Isarvorstadt,Entire home/apt,180.0,1,10,0.59,75,Medium,True,2026-06-29,2026-09-11T01:25:48+02:00
1278313806638462644,Ludwigsvorstadt-Isarvorstadt,Entire home/apt,190.0,1,9,0.5,93,Medium,True,2026-06-29,2026-09-11T01:25:48+02:00
1278318568110062387,Ludwigsvorstadt-Isarvorstadt,Entire home/apt,190.0,1,23,1.21,92,Medium,True,2026-06-29,2026-09-11T01:25:48+02:00
1278320586649608708,Ludwigsvorstadt-Isarvorstadt,Entire home/apt,223.0,1,2,0.13,77,Medium,True,2026-06-29,2026-09-11T01:25:48+02:00
1278777369391167208,Ramersdorf-Perlach,Entire home/apt,63.0,1,0,0.0,327,High,False,2026-06-29,2026-09-11T01:25:48+02:00
1280293931449886994,Schwabing-Freimann,Private room,120.0,1,10,0.86,42,Medium,True,2026-06-29,2026-09-11T01:25:48+02:00
1281014135922950237,Ramersdorf-Perlach,Private room,64.0,1,11,0.57,350,High,True,2026-06-29,2026-09-11T01:25:48+02:00
1282695585998925493,Altstadt-Lehel,Entire home/apt,367.0,3,1,0.11,348,High,True,2026-06-29,2026-09-11T01:25:48+02:00
1282716512154427064,Obergiesing,Private room,75.0,1,14,0.77,166,Medium,True,2026-06-29,2026-09-11T01:25:48+02:00
1283224817197398242,Tudering-Riem,Private room,129.0,1,6,0.3,362,High,True,2026-06-29,2026-09-11T01:25:48+02:00
1283233496801236997,Schwabing-Freimann,Entire home/apt,167.0,3,22,1.12,267,High,True,2026-06-29,2026-09-11T01:25:48+02:00
1283822482378145797,Maxvorstadt,Entire home/apt,375.0,1,20,1.03,65,Medium,True,2026-06-29,2026-09-11T01:25:48+02:00
1283960689722427151,Schwanthalerhöhe,Entire home/apt,139.0,3,2,0.11,39,Medium,True,2026-06-29,2026-09-11T01:25:48+02:00
1283969542291590650,Ramersdorf-Perlach,Entire home/apt,184.0,1,19,0.96,60,Medium,True,2026-06-29,2026-09-11T01:25:48+02:00
1284243675801505641,Sendling-Westpark,Entire home/apt,127.0,1,54,2.74,314,High,True,2026-06-29,2026-09-11T01:25:48+02:00
1284691423393564047,Neuhausen-Nymphenburg,Entire home/apt,165.0,2,12,0.66,166,Medium,True,2026-06-29,2026-09-11T01:25:48+02:00
1284937221712754348,Maxvorstadt,Entire home/apt,122.0,2,229,11.66,207,High,True,2026-06-29,2026-09-11T01:25:48+02:00
1284990509788918201,Maxvorstadt,Entire home/apt,173.0,2,22,1.15,202,High,True,2026-06-29,2026-09-11T01:25:48+02:00
1285000118559019966,Moosach,Entire home/apt,401.0,1,98,5.3,230,High,True,2026-06-29,2026-09-11T01:25:48+02:00
1286748396908042653,Ludwigsvorstadt-Isarvorstadt,Entire home/apt,120.0,10,4,0.21,41,Medium,True,2026-06-29,2026-09-11T01:25:48+02:00
1286916378725796896,Altstadt-Lehel,Entire home/apt,585.0,5,3,0.16,175,Medium,True,2026-06-29,2026-09-11T01:25:48+02:00
1287768614382121703,Milbertshofen-Am Hart,Entire home/apt,330.0,2,2,0.13,355,High,True,2026-06-29,2026-09-11T01:25:48+02:00
1288120242797907132,Hadern,Entire home/apt,85.0,4,7,0.48,84,Medium,True,2026-06-29,2026-09-11T01:25:48+02:00
1288265515715306050,Schwabing-West,Entire home/apt,65.0,12,1,0.06,243,High,True,2026-06-29,2026-09-11T01:25:48+02:00
1288273986385648054,Tudering-Riem,Private room,99.0,1,6,0.34,127,Medium,True,2026-06-29,2026-09-11T01:25:48+02:00
1288379176421088166,Ludwigsvorstadt-Isarvorstadt,Private room,99.0,1,24,1.26,179,Medium,True,2026-06-29,2026-09-11T01:25:48+02:00
1288972917263387887,Ludwigsvorstadt-Isarvorstadt,Entire home/apt,459.0,3,14,0.81,12,Low,True,2026-06-29,2026-09-11T01:25:48+02:00
1289856730290793300,Moosach,Entire home/apt,130.0,1,171,9.14,334,High,True,2026-06-29,2026-09-11T01:25:48+02:00
1290546267102046873,Maxvorstadt,Entire home/apt,244.0,14,1,0.11,30,Low,True,2026-06-29,2026-09-11T01:25:48+02:00
1291536799331544671,Altstadt-Lehel,Entire home/apt,718.0,1,50,2.63,254,High,True,2026-06-29,2026-09-11T01:25:48+02:00
1292595617464511985,Milbertshofen-Am Hart,Entire home/apt,112.0,4,4,0.23,190,High,True,2026-06-29,2026-09-11T01:25:48+02:00
1292650238863128805,Ludwigsvorstadt-Isarvorstadt,Entire home/apt,400.0,1,6,0.34,14,Low,True,2026-06-29,2026-09-11T01:25:48+02:00
1292981483519523658,Maxvorstadt,Entire home/apt,141.0,1,18,0.93,24,Low,True,2026-06-29,2026-09-11T01:25:48+02:00
1293390829076353478,Berg am Laim,Private room,80.0,1,5,0.34,345,High,True,2026-06-29,2026-09-11T01:25:48+02:00
1293539048284300354,Bogenhausen,Private room,96.0,1,12,0.68,362,High,True,2026-06-29,2026-09-11T01:25:48+02:00
1295637391589747699,Sendling,Entire home/apt,251.0,4,19,1.1,155,Medium,True,2026-06-29,2026-09-11T01:25:48+02:00
1297036589419268286,Tudering-Riem,Private room,90.0,2,23,1.21,78,Medium,True,2026-06-29,2026-09-11T01:25:48+02:00
1298019976433325509,Sendling-Westpark,Entire home/apt,77.0,1,20,2.18,45,Medium,True,2026-06-29,2026-09-11T01:25:48+02:00
1298396410829006382,Schwabing-West,Entire home/apt,328.0,1,69,3.89,3,Low,True,2026-06-29,2026-09-11T01:25:48+02:00
1301376303571245218,Altstadt-Lehel,Entire home/apt,573.0,1,30,1.62,10,Low,True,2026-06-29,2026-09-11T01:25:48+02:00
1302084145921209433,Thalkirchen-Obersendling-Forstenried-Fürstenried-Solln,Private room,68.0,2,2,0.1,238,High,True,2026-06-29,2026-09-11T01:25:48+02:00
1302202747590855076,Milbertshofen-Am Hart,Entire home/apt,79.0,5,3,0.24,24,Low,True,2026-06-29,2026-09-11T01:25:48+02:00
1302293315689580667,Milbertshofen-Am Hart,Entire home/apt,900.0,4,0,0.0,365,High,False,2026-06-29,2026-09-11T01:25:48+02:00
1302713699030765380,Ludwigsvorstadt-Isarvorstadt,Entire home/apt,230.0,10,11,0.61,222,High,True,2026-06-29,2026-09-11T01:25:48+02:00
1302793695671046622,Laim,Private room,162.0,1,33,1.8,320,High,True,2026-06-29,2026-09-11T01:25:48+02:00
1302873421886981666,Moosach,Entire home/apt,190.0,2,5,0.26,96,Medium,True,2026-06-29,2026-09-11T01:25:48+02:00
1305335855399764359,Moosach,Private room,85.0,1,2,0.15,48,Medium,True,2026-06-29,2026-09-11T01:25:48+02:00
1305675202265858311,Tudering-Riem,Entire home/apt,60.0,1,1,0.08,61,Medium,True,2026-06-29,2026-09-11T01:25:48+02:00
1306403172123442692,Moosach,Private room,102.0,1,37,2.09,140,Medium,True,2026-06-29,2026-09-11T01:25:48+02:00
1306413906398734252,Sendling,Entire home/apt,244.0,4,24,1.28,70,Medium,True,2026-06-29,2026-09-11T01:25:48+02:00
1306612716804058354,Moosach,Entire home/apt,135.0,1,196,10.5,317,High,True,2026-06-29,2026-09-11T01:25:48+02:00
1307835820400208722,Pasing-Obermenzing,Private room,86.0,3,1,0.11,133,Medium,True,2026-06-29,2026-09-11T01:25:48+02:00
1308614887403555031,Ludwigsvorstadt-Isarvorstadt,Entire home/apt,220.0,1,4,0.26,180,Medium,True,2026-06-29,2026-09-11T01:25:48+02:00
1309557364597928335,Bogenhausen,Private room,80.0,3,5,0.34,265,High,True,2026-06-29,2026-09-11T01:25:48+02:00
1310074283229250053,Schwabing-West,Entire home/apt,157.0,1,213,12.43,357,High,True,2026-06-29,2026-09-11T01:25:48+02:00
1310112259077798800,Schwabing-West,Entire home/apt,158.0,1,175,10.1,359,High,True,2026-06-29,2026-09-11T01:25:48+02:00
1310130644986603350,Schwabing-West,Entire home/apt,140.0,1,13,0.78,351,High,True,2026-06-29,2026-09-11T01:25:48+02:00
1310133246315312281,Schwabing-West,Entire home/apt,217.0,1,52,2.99,341,High,True,2026-06-29,2026-09-11T01:25:48+02:00
1310135283332458874,Schwabing-West,Entire home/apt,331.0,1,11,0.74,351,High,True,2026-06-29,2026-09-11T01:25:48+02:00
1310137039502661602,Schwabing-West,Entire home/apt,301.0,1,18,1.09,300,High,True,2026-06-29,2026-09-11T01:25:48+02:00
1310243951941088025,Ramersdorf-Perlach,Entire home/apt,264.0,1,81,4.43,269,High,True,2026-06-29,2026-09-11T01:25:48+02:00
1310287467431170567,Ramersdorf-Perlach,Entire home/apt,264.0,1,89,4.87,281,High,True,2026-06-29,2026-09-11T01:25:48+02:00
1310302884847093075,Ramersdorf-Perlach,Entire home/apt,255.0,1,60,3.29,284,High,True,2026-06-29,2026-09-11T01:25:48+02:00
1310407063354513502,Au-Haidhausen,Entire home/apt,250.0,1,1,0.17,268,High,True,2026-06-29,2026-09-11T01:25:48+02:00
1310667729842284232,Ludwigsvorstadt-Isarvorstadt,Entire home/apt,170.0,1,31,1.72,339,High,True,2026-06-29,2026-09-11T01:25:48+02:00
1310674860194231727,Ludwigsvorstadt-Isarvorstadt,Entire home/apt,531.0,1,251,14.48,357,High,True,2026-06-29,2026-09-11T01:25:48+02:00
1310677708838178844,Ludwigsvorstadt-Isarvorstadt,Entire home/apt,190.0,1,70,4.02,347,High,True,2026-06-29,2026-09-11T01:25:48+02:00
1310679941239373514,Ludwigsvorstadt-Isarvorstadt,Entire home/apt,220.0,1,4,0.28,341,High,True,2026-06-29,2026-09-11T01:25:48+02:00
1310694476794270333,Schwabing-Freimann,Private room,240.0,1,371,21.7,358,High,True,2026-06-29,2026-09-11T01:25:48+02:00
1310712476648144892,Schwabing-Freimann,Private room,203.0,1,96,5.53,359,High,True,2026-06-29,2026-09-11T01:25:48+02:00
1310713970367221855,Schwabing-Freimann,Private room,208.0,1,4,0.25,334,High,True,2026-06-29,2026-09-11T01:25:48+02:00
1310716944409642073,Schwabing-Freimann,Private room,268.0,1,23,1.44,351,High,True,2026-06-29,2026-09-11T01:25:48+02:00
1310942048786470517,Ludwigsvorstadt-Isarvorstadt,Private room,55.0,1,81,4.57,325,High,True,2026-06-29,2026-09-11T01:25:48+02:00
1313201861625270491,Moosach,Entire home/apt,120.0,1,154,8.4,351,High,True,2026-06-29,2026-09-11T01:25:48+02:00
1313529343796729595,Ludwigsvorstadt-Isarvorstadt,Entire home/apt,126.0,2,22,1.25,46,Medium,True,2026-06-29,2026-09-11T01:25:48+02:00
1313798612978629779,Moosach,Entire home/apt,125.0,1,162,8.98,325,High,True,2026-06-29,2026-09-11T01:25:48+02:00
1314446335454721981,Bogenhausen,Entire home/apt,83.0,3,0,0.0,334,High,False,2026-06-29,2026-09-11T01:25:48+02:00
1317397075533332832,Pasing-Obermenzing,Entire home/apt,97.0,2,25,1.62,297,High,True,2026-06-29,2026-09-11T01:25:48+02:00
1318641181003988391,Maxvorstadt,Entire home/apt,139.0,1,101,5.51,160,Medium,True,2026-06-29,2026-09-11T01:25:48+02:00
1320153684707765024,Milbertshofen-Am Hart,Entire home/apt,149.0,2,27,1.58,55,Medium,True,2026-06-29,2026-09-11T01:25:48+02:00
1321160048500921827,Ludwigsvorstadt-Isarvorstadt,Private room,165.0,1,26,2.47,11,Low,True,2026-06-29,2026-09-11T01:25:48+02:00
1322818600136435860,Pasing-Obermenzing,Entire home/apt,112.0,2,31,1.73,90,Medium,True,2026-06-29,2026-09-11T01:25:48+02:00
1323183222430311152,Schwabing-West,Entire home/apt,187.0,2,61,4.39,283,High,True,2026-06-29,2026-09-11T01:25:48+02:00
1323206223658281900,Pasing-Obermenzing,Private room,816.0,2,16,0.9,8,Low,True,2026-06-29,2026-09-11T01:25:48+02:00
1323243568266581091,Pasing-Obermenzing,Entire home/apt,230.0,2,0,0.0,363,High,False,2026-06-29,2026-09-11T01:25:48+02:00
1323277174798760774,Altstadt-Lehel,Entire home/apt,160.0,2,7,0.74,254,High,True,2026-06-29,2026-09-11T01:25:48+02:00
1324521787648698600,Schwabing-West,Entire home/apt,355.0,1,0,0.0,178,Medium,False,2026-06-29,2026-09-11T01:25:48+02:00
1325208775864865003,Maxvorstadt,Entire home/apt,148.0,3,0,0.0,248,High,False,2026-06-29,2026-09-11T01:25:48+02:00
1326199575578674897,Pasing-Obermenzing,Entire home/apt,320.0,2,0,0.0,363,High,False,2026-06-29,2026-09-11T01:25:48+02:00
1326283638674210834,Au-Haidhausen,Entire home/apt,230.0,2,44,2.5,26,Low,True,2026-06-29,2026-09-11T01:25:48+02:00
1327533129309627713,Ludwigsvorstadt-Isarvorstadt,Private room,74.0,1,30,2.02,59,Medium,True,2026-06-29,2026-09-11T01:25:48+02:00
1328211566541379490,Aubing-Lochhausen-Langwied,Entire home/apt,157.0,2,9,0.51,248,High,True,2026-06-29,2026-09-11T01:25:48+02:00
1328803628498284466,Untergiesing-Harlaching,Entire home/apt,134.0,1,12,0.92,350,High,True,2026-06-29,2026-09-11T01:25:48+02:00
1328807248436454628,Au-Haidhausen,Entire home/apt,110.0,3,47,2.8,61,Medium,True,2026-06-29,2026-09-11T01:25:48+02:00
1329532943133230884,Maxvorstadt,Entire home/apt,398.0,2,34,1.99,267,High,True,2026-06-29,2026-09-11T01:25:48+02:00
1329656744166657552,Schwabing-West,Entire home/apt,237.0,10,0,0.0,89,Medium,False,2026-06-29,2026-09-11T01:25:48+02:00
1330306292173652370,Ramersdorf-Perlach,Private room,74.0,1,1,0.07,182,High,True,2026-06-29,2026-09-11T01:25:48+02:00
1331094193119387593,Berg am Laim,Entire home/apt,155.0,2,7,0.48,298,High,True,2026-06-29,2026-09-11T01:25:48+02:00
1331762236942310689,Ramersdorf-Perlach,Entire home/apt,517.0,1,0,0.0,151,Medium,False,2026-06-29,2026-09-11T01:25:48+02:00
1331808341345057030,Schwabing-West,Private room,132.0,2,0,0.0,358,High,False,2026-06-29,2026-09-11T01:25:48+02:00
1332007411440372187,Ramersdorf-Perlach,Entire home/apt,87.0,1,0,0.0,363,High,False,2026-06-29,2026-09-11T01:25:48+02:00
1332579278347079013,Pasing-Obermenzing,Entire home/apt,65.0,7,0,0.0,307,High,False,2026-06-29,2026-09-11T01:25:48+02:00
1332651718394715540,Maxvorstadt,Entire home/apt,111.0,14,3,0.24,179,Medium,True,2026-06-29,2026-09-11T01:25:48+02:00
1332738722188386316,Schwabing-Freimann,Private room,177.0,1,14,1.01,86,Medium,True,2026-06-29,2026-09-11T01:25:48+02:00
1333385301707488134,Pasing-Obermenzing,Entire home/apt,697.0,3,5,0.82,58,Medium,True,2026-06-29,2026-09-11T01:25:48+02:00
1333908812761771172,Au-Haidhausen,Entire home/apt,126.0,3,6,0.38,179,Medium,True,2026-06-29,2026-09-11T01:25:48+02:00
1333938668907476709,Neuhausen-Nymphenburg,Private room,130.0,1,17,0.97,135,Medium,True,2026-06-29,2026-09-11T01:25:48+02:00
1333976161978889838,Ramersdorf-Perlach,Private room,92.0,1,1,0.11,183,High,True,2026-06-29,2026-09-11T01:25:48+02:00
1333987782465006086,Ramersdorf-Perlach,Private room,74.0,1,0,0.0,151,Medium,False,2026-06-29,2026-09-11T01:25:48+02:00
1334113257714693769,Neuhausen-Nymphenburg,Entire home/apt,180.0,1,2,0.22,344,High,True,2026-06-29,2026-09-11T01:25:48+02:00
1334850969258677215,Neuhausen-Nymphenburg,Entire home/apt,78.0,7,2,0.16,189,High,True,2026-06-29,2026-09-11T01:25:48+02:00
1335291927523409903,Altstadt-Lehel,Entire home/apt,276.0,2,4,0.27,352,High,True,2026-06-29,2026-09-11T01:25:48+02:00
1335328780305806183,Schwabing-Freimann,Entire home/apt,118.0,3,40,2.68,160,Medium,True,2026-06-29,2026-09-11T01:25:48+02:00
1335375517271608637,Sendling,Entire home/apt,181.0,3,1,0.09,77,Medium,True,2026-06-29,2026-09-11T01:25:48+02:00
1335415067578225612,Schwabing-West,Entire home/apt,583.0,3,1,0.08,17,Low,True,2026-06-29,2026-09-11T01:25:48+02:00
1335499055243233601,Altstadt-Lehel,Entire home/apt,612.0,1,108,6.94,201,High,True,2026-06-29,2026-09-11T01:25:48+02:00
1336997139732339391,Thalkirchen-Obersendling-Forstenried-Fürstenried-Solln,Entire home/apt,370.0,4,2,0.15,308,High,True,2026-06-29,2026-09-11T01:25:48+02:00
1339225094362729517,Pasing-Obermenzing,Private room,85.0,1,4,0.25,49,Medium,True,2026-06-29,2026-09-11T01:25:48+02:00
1339312621343436581,Untergiesing-Harlaching,Entire home/apt,219.0,1,38,2.22,62,Medium,True,2026-06-29,2026-09-11T01:25:48+02:00
1339603904527728781,Sendling,Private room,77.0,2,36,2.43,292,High,True,2026-06-29,2026-09-11T01:25:48+02:00
1339628455624672153,Sendling,Entire home/apt,174.0,4,18,1.13,81,Medium,True,2026-06-29,2026-09-11T01:25:48+02:00
1340406588399963291,Bogenhausen,Entire home/apt,169.0,1,8,0.52,307,High,True,2026-06-29,2026-09-11T01:25:48+02:00
1340418699172798682,Bogenhausen,Private room,103.0,2,11,0.75,308,High,True,2026-06-29,2026-09-11T01:25:48+02:00
1340520749906151376,Ramersdorf-Perlach,Entire home/apt,195.0,1,15,0.98,95,Medium,True,2026-06-29,2026-09-11T01:25:48+02:00
1340635354173900349,Berg am Laim,Entire home/apt,108.0,1,4,0.79,318,High,True,2026-06-29,2026-09-11T01:25:48+02:00
1341234643804678413,Berg am Laim,Entire home/apt,166.0,1,0,0.0,243,High,False,2026-06-29,2026-09-11T01:25:48+02:00
1341304647683717657,Berg am Laim,Entire home/apt,108.0,1,2,0.14,302,High,True,2026-06-29,2026-09-11T01:25:48+02:00
1341470506208530767,Neuhausen-Nymphenburg,Private room,76.0,1,57,3.43,28,Low,True,2026-06-29,2026-09-11T01:25:48+02:00
1341883378062698920,Schwabing-West,Entire home/apt,136.0,1,36,2.41,16,Low,True,2026-06-29,2026-09-11T01:25:48+02:00
1342248767036408342,Schwabing-West,Private room,187.0,1,29,2.09,27,Low,True,2026-06-29,2026-09-11T01:25:48+02:00
1342673386514169071,Laim,Private room,120.0,3,4,0.31,136,Medium,True,2026-06-29,2026-09-11T01:25:48+02:00
1343600652211485366,Maxvorstadt,Entire home/apt,192.0,1,44,2.76,239,High,True,2026-06-29,2026-09-11T01:25:48+02:00
1343696468673306334,Ramersdorf-Perlach,Private room,43.0,1,48,2.81,98,Medium,True,2026-06-29,2026-09-11T01:25:48+02:00
1344096349392393225,Obergiesing,Entire home/apt,110.0,5,1,0.06,179,Medium,True,2026-06-29,2026-09-11T01:25:48+02:00
1344112603720451596,Au-Haidhausen,Entire home/apt,88.0,5,4,0.32,179,Medium,True,2026-06-29,2026-09-11T01:25:48+02:00
1344251939698430084,Bogenhausen,Entire home/apt,129.0,1,13,0.91,199,High,True,2026-06-29,2026-09-11T01:25:48+02:00
1344701535223340458,Pasing-Obermenzing,Private room,81.0,1,3,0.19,318,High,True,2026-06-29,2026-09-11T01:25:48+02:00
1344755549952481174,Pasing-Obermenzing,Private room,81.0,1,65,3.9,313,High,True,2026-06-29,2026-09-11T01:25:48+02:00
1344756630968880147,Pasing-Obermenzing,Entire home/apt,347.0,2,4,0.47,31,Medium,True,2026-06-29,2026-09-11T01:25:48+02:00
1344811447951936216,Pasing-Obermenzing,Private room,81.0,1,24,1.44,313,High,True,2026-06-29,2026-09-11T01:25:48+02:00
1344819906745314022,Pasing-Obermenzing,Private room,101.0,1,64,3.93,308,High,True,2026-06-29,2026-09-11T01:25:48+02:00
1345091976519653096,Laim,Private room,91.0,2,52,3.15,140,Medium,True,2026-06-29,2026-09-11T01:25:48+02:00
1345462812765779095,Pasing-Obermenzing,Private room,530.0,2,9,0.55,4,Low,True,2026-06-29,2026-09-11T01:25:48+02:00
1345502122847388842,Au-Haidhausen,Entire home/apt,195.0,1,13,0.88,126,Medium,True,2026-06-29,2026-09-11T01:25:48+02:00
1346474399270551197,Tudering-Riem,Entire home/apt,118.0,1,22,1.37,142,Medium,True,2026-06-29,2026-09-11T01:25:48+02:00
1346986525374716786,Maxvorstadt,Entire home/apt,155.0,3,2,0.14,169,Medium,True,2026-06-29,2026-09-11T01:25:48+02:00
1347054773826061277,Untergiesing-Harlaching,Entire home/apt,273.0,3,2,0.16,108,Medium,True,2026-06-29,2026-09-11T01:25:48+02:00
1347268352612825116,Thalkirchen-Obersendling-Forstenried-Fürstenried-Solln,Entire home/apt,137.0,1,4,0.25,144,Medium,True,2026-06-29,2026-09-11T01:25:48+02:00
1347794882154826364,Moosach,Entire home/apt,85.0,3,11,0.69,10,Low,True,2026-06-29,2026-09-11T01:25:48+02:00
1347835909870916847,Untergiesing-Harlaching,Entire home/apt,355.0,1,46,2.79,301,High,True,2026-06-29,2026-09-11T01:25:48+02:00
1347897338219834316,Aubing-Lochhausen-Langwied,Entire home/apt,71.0,2,8,0.48,347,High,True,2026-06-29,2026-09-11T01:25:48+02:00
1347923113261715752,Hadern,Private room,97.0,2,1,1.0,325,High,True,2026-06-29,2026-09-11T01:25:48+02:00
1347929594911739074,Schwabing-West,Entire home/apt,145.0,4,5,0.32,61,Medium,True,2026-06-29,2026-09-11T01:25:48+02:00
1348555537161339266,Bogenhausen,Private room,129.0,1,0,0.0,198,High,False,2026-06-29,2026-09-11T01:25:48+02:00
1348561925748066242,Bogenhausen,Entire home/apt,99.0,1,14,0.99,210,High,True,2026-06-29,2026-09-11T01:25:48+02:00
1348619385683075608,Schwabing-Freimann,Entire home/apt,136.0,2,13,0.81,148,Medium,True,2026-06-29,2026-09-11T01:25:48+02:00
1348696133918233548,Bogenhausen,Entire home/apt,99.0,1,2,0.18,191,High,True,2026-06-29,2026-09-11T01:25:48+02:00
1348699247228584078,Bogenhausen,Entire home/apt,179.0,1,7,0.47,169,Medium,True,2026-06-29,2026-09-11T01:25:48+02:00
1349121628345104473,Berg am Laim,Entire home/apt,116.0,30,0,0.0,312,High,False,2026-06-29,2026-09-11T01:25:48+02:00
1349126014665851064,Hadern,Private room,80.0,2,3,0.23,96,Medium,True,2026-06-29,2026-09-11T01:25:48+02:00
1351311287700590622,Altstadt-Lehel,Entire home/apt,243.0,2,2,1.11,252,High,True,2026-06-29,2026-09-11T01:25:48+02:00
1351566250260146517,Schwabing-Freimann,Entire home/apt,180.0,3,1,0.08,120,Medium,True,2026-06-29,2026-09-11T01:25:48+02:00
1352016195992405553,Bogenhausen,Entire home/apt,300.0,3,6,0.41,169,Medium,True,2026-06-29,2026-09-11T01:25:48+02:00
1352073402807045424,Ramersdorf-Perlach,Private room,62.0,1,28,1.68,83,Medium,True,2026-06-29,2026-09-11T01:25:48+02:00
1352323717719480618,Schwabing-West,Entire home/apt,104.0,10,1,0.13,75,Medium,True,2026-06-29,2026-09-11T01:25:48+02:00
1352824099335222482,Ludwigsvorstadt-Isarvorstadt,Entire home/apt,415.0,1,9,0.69,1,Low,True,2026-06-29,2026-09-11T01:25:48+02:00
1353700732259435413,Laim,Entire home/apt,80.0,1,2,0.18,201,High,True,2026-06-29,2026-09-11T01:25:48+02:00
1354181332796418829,Ludwigsvorstadt-Isarvorstadt,Entire home/apt,81.0,2,7,0.42,84,Medium,True,2026-06-29,2026-09-11T01:25:48+02:00
1355110048094900510,Thalkirchen-Obersendling-Forstenried-Fürstenried-Solln,Private room,42.0,9,0,0.0,349,High,False,2026-06-29,2026-09-11T01:25:48+02:00
1355616157334614253,Hadern,Private room,99.0,5,6,0.4,161,Medium,True,2026-06-29,2026-09-11T01:25:48+02:00
1355661901942553001,Ramersdorf-Perlach,Private room,113.0,1,12,0.8,363,High,True,2026-06-29,2026-09-11T01:25:48+02:00
1356470595354376841,Maxvorstadt,Entire home/apt,214.0,1,5,0.34,26,Low,True,2026-06-29,2026-09-11T01:25:48+02:00
1356741890749890871,Laim,Private room,177.0,2,36,2.43,98,Medium,True,2026-06-29,2026-09-11T01:25:48+02:00
1357259218252661021,Ludwigsvorstadt-Isarvorstadt,Entire home/apt,130.0,2,46,3.08,300,High,True,2026-06-29,2026-09-11T01:25:48+02:00
1357284719830143244,Tudering-Riem,Private room,75.0,1,1,0.07,354,High,True,2026-06-29,2026-09-11T01:25:48+02:00
1357987176933742001,Ludwigsvorstadt-Isarvorstadt,Entire home/apt,115.0,1,15,1.04,175,Medium,True,2026-06-29,2026-09-11T01:25:48+02:00
1358041744155497372,Schwabing-Freimann,Private room,75.0,1,0,0.0,349,High,False,2026-06-29,2026-09-11T01:25:48+02:00
1358156936372060259,Thalkirchen-Obersendling-Forstenried-Fürstenried-Solln,Private room,110.0,1,16,0.97,152,Medium,True,2026-06-29,2026-09-11T01:25:48+02:00
1358514294798030050,Sendling-Westpark,Entire home/apt,184.0,2,30,1.84,38,Medium,True,2026-06-29,2026-09-11T01:25:48+02:00
1359250339854761685,Bogenhausen,Entire home/apt,218.0,1,9,0.59,164,Medium,True,2026-06-29,2026-09-11T01:25:48+02:00
1359463276672805344,Neuhausen-Nymphenburg,Entire home/apt,165.0,1,0,0.0,299,High,False,2026-06-29,2026-09-11T01:25:48+02:00
1359481760396146006,Maxvorstadt,Entire home/apt,451.0,2,61,3.94,228,High,True,2026-06-29,2026-09-11T01:25:48+02:00
1359497445800279746,Maxvorstadt,Entire home/apt,840.0,1,59,3.68,238,High,True,2026-06-29,2026-09-11T01:25:48+02:00
1359567339768176201,Ramersdorf-Perlach,Entire home/apt,379.0,2,32,1.95,157,Medium,True,2026-06-29,2026-09-11T01:25:48+02:00
1360157989400404829,Milbertshofen-Am Hart,Entire home/apt,230.0,5,3,0.2,36,Medium,True,2026-06-29,2026-09-11T01:25:48+02:00
1360650836449732321,Altstadt-Lehel,Private room,73.0,3,1,0.07,179,Medium,True,2026-06-29,2026-09-11T01:25:48+02:00
1360727661661003197,Sendling-Westpark,Private room,67.0,1,20,1.31,4,Low,True,2026-06-29,2026-09-11T01:25:48+02:00
1361511801473696974,Obergiesing,Entire home/apt,122.0,3,1,0.17,8,Low,True,2026-06-29,2026-09-11T01:25:48+02:00
1362122405162562906,Maxvorstadt,Entire home/apt,390.0,3,3,0.2,361,High,True,2026-06-29,2026-09-11T01:25:48+02:00
1362275400924245002,Sendling,Entire home/apt,355.0,1,81,5.31,241,High,True,2026-06-29,2026-09-11T01:25:48+02:00
1362356573366476153,Ludwigsvorstadt-Isarvorstadt,Entire home/apt,201.0,3,16,1.15,18,Low,True,2026-06-29,2026-09-11T01:25:48+02:00
1363042926832930270,Pasing-Obermenzing,Entire home/apt,150.0,2,16,1.05,106,Medium,True,2026-06-29,2026-09-11T01:25:48+02:00
1363092122362943142,Maxvorstadt,Entire home/apt,145.0,2,22,1.45,151,Medium,True,2026-06-29,2026-09-11T01:25:48+02:00
1364613511283664173,Maxvorstadt,Entire home/apt,118.0,1,1,0.07,31,Medium,True,2026-06-29,2026-09-11T01:25:48+02:00
1364726029393564725,Maxvorstadt,Entire home/apt,392.0,2,78,4.94,177,Medium,True,2026-06-29,2026-09-11T01:25:48+02:00
1365189332532427187,Pasing-Obermenzing,Private room,57.0,2,33,2.05,6,Low,True,2026-06-29,2026-09-11T01:25:48+02:00
1365726656655262120,Milbertshofen-Am Hart,Private room,36.0,10,8,0.52,299,High,True,2026-06-29,2026-09-11T01:25:48+02:00
1365870026706221611,Bogenhausen,Entire home/apt,142.0,1,40,2.67,111,Medium,True,2026-06-29,2026-09-11T01:25:48+02:00
1365982447730259313,Untergiesing-Harlaching,Private room,17.0,91,0,0.0,305,High,False,2026-06-29,2026-09-11T01:25:48+02:00
1365987547584791564,Untergiesing-Harlaching,Entire home/apt,27.0,91,2,0.19,276,High,True,2026-06-29,2026-09-11T01:25:48+02:00
1365991976939738803,Untergiesing-Harlaching,Entire home/apt,21.0,92,3,0.27,207,High,True,2026-06-29,2026-09-11T01:25:48+02:00
1366629603918651575,Ramersdorf-Perlach,Private room,24.0,1,0,0.0,219,High,False,2026-06-29,2026-09-11T01:25:48+02:00
1366712082218264845,Feldmoching-Hasenbergl,Entire home/apt,150.0,1,0,0.0,361,High,False,2026-06-29,2026-09-11T01:25:48+02:00
1368085605665765531,Au-Haidhausen,Entire home/apt,197.0,3,3,0.2,25,Low,True,2026-06-29,2026-09-11T01:25:48+02:00
1368123416861054676,Pasing-Obermenzing,Private room,32.0,1,1,0.07,321,High,True,2026-06-29,2026-09-11T01:25:48+02:00
1368566608150384414,Altstadt-Lehel,Entire home/apt,707.0,1,67,4.27,282,High,True,2026-06-29,2026-09-11T01:25:48+02:00
1369392018492551449,Ludwigsvorstadt-Isarvorstadt,Entire home/apt,342.0,2,38,2.67,139,Medium,True,2026-06-29,2026-09-11T01:25:48+02:00
1369408484433651780,Ludwigsvorstadt-Isarvorstadt,Entire home/apt,266.0,1,45,2.91,141,Medium,True,2026-06-29,2026-09-11T01:25:48+02:00
1369666459400403697,Neuhausen-Nymphenburg,Entire home/apt,80.0,30,0,0.0,249,High,False,2026-06-29,2026-09-11T01:25:48+02:00
1369774169993519041,Ramersdorf-Perlach,Private room,104.0,1,41,2.58,287,High,True,2026-06-29,2026-09-11T01:25:48+02:00
1370127157425911132,Pasing-Obermenzing,Entire home/apt,149.0,7,0,0.0,72,Medium,False,2026-06-29,2026-09-11T01:25:48+02:00
1370377414019399198,Untergiesing-Harlaching,Entire home/apt,141.0,1,10,0.67,348,High,True,2026-06-29,2026-09-11T01:25:48+02:00
1370895784469570338,Maxvorstadt,Entire home/apt,210.0,2,105,6.63,177,Medium,True,2026-06-29,2026-09-11T01:25:48+02:00
1371832046950566983,Au-Haidhausen,Entire home/apt,204.0,2,40,2.7,23,Low,True,2026-06-29,2026-09-11T01:25:48+02:00
1373038098910228199,Schwabing-Freimann,Private room,111.0,3,22,1.41,34,Medium,True,2026-06-29,2026-09-11T01:25:48+02:00
1373230337362354638,Thalkirchen-Obersendling-Forstenried-Fürstenried-Solln,Entire home/apt,121.0,1,7,0.53,123,Medium,True,2026-06-29,2026-09-11T01:25:48+02:00
1373953255333074014,Altstadt-Lehel,Entire home/apt,350.0,1,67,4.66,173,Medium,True,2026-06-29,2026-09-11T01:25:48+02:00
1374011003818050121,Allach-Untermenzing,Entire home/apt,125.0,2,5,0.34,301,High,True,2026-06-29,2026-09-11T01:25:48+02:00
1374903294481622435,Ludwigsvorstadt-Isarvorstadt,Private room,54.0,1,11,1.52,1,Low,True,2026-06-29,2026-09-11T01:25:48+02:00
1375169742455881636,Laim,Private room,61.0,2,12,0.8,328,High,True,2026-06-29,2026-09-11T01:25:48+02:00
1375317003048927090,Schwabing-Freimann,Entire home/apt,407.0,2,52,3.41,130,Medium,True,2026-06-29,2026-09-11T01:25:48+02:00
1375921931212515760,Maxvorstadt,Private room,100.0,1,12,1.0,22,Low,True,2026-06-29,2026-09-11T01:25:48+02:00
1376548526709523659,Ludwigsvorstadt-Isarvorstadt,Private room,148.0,1,10,0.68,38,Medium,True,2026-06-29,2026-09-11T01:25:48+02:00
1376559452387064424,Altstadt-Lehel,Entire home/apt,387.0,1,87,5.92,206,High,True,2026-06-29,2026-09-11T01:25:48+02:00
1376587446190183672,Schwabing-West,Private room,45.0,1,4,0.26,71,Medium,True,2026-06-29,2026-09-11T01:25:48+02:00
1377648648579773074,Ramersdorf-Perlach,Private room,41.0,1,53,3.55,243,High,True,2026-06-29,2026-09-11T01:25:48+02:00
1378285591639519238,Maxvorstadt,Entire home/apt,237.0,1,13,0.85,54,Medium,True,2026-06-29,2026-09-11T01:25:48+02:00
1378343241123781230,Ramersdorf-Perlach,Entire home/apt,240.0,2,0,0.0,88,Medium,False,2026-06-29,2026-09-11T01:25:48+02:00
1378388035147929669,Pasing-Obermenzing,Private room,58.0,2,29,1.91,352,High,True,2026-06-29,2026-09-11T01:25:48+02:00
1378898730268206019,Sendling,Private room,105.0,1,8,3.0,148,Medium,True,2026-06-29,2026-09-11T01:25:48+02:00
1378906613223887362,Obergiesing,Private room,149.0,1,1,0.64,149,Medium,True,2026-06-29,2026-09-11T01:25:48+02:00
1379537344021269786,Tudering-Riem,Entire home/apt,163.0,2,4,0.29,93,Medium,True,2026-06-29,2026-09-11T01:25:48+02:00
1379734372325953093,Maxvorstadt,Entire home/apt,502.0,2,61,4.16,227,High,True,2026-06-29,2026-09-11T01:25:48+02:00
1379853081150523178,Maxvorstadt,Entire home/apt,383.0,1,65,4.5,232,High,True,2026-06-29,2026-09-11T01:25:48+02:00
1379857484692506313,Maxvorstadt,Entire home/apt,311.0,2,53,3.58,196,High,True,2026-06-29,2026-09-11T01:25:48+02:00
1380349500769052127,Berg am Laim,Shared room,100.0,2,10,0.72,351,High,True,2026-06-29,2026-09-11T01:25:48+02:00
1381226390799885889,Bogenhausen,Entire home/apt,136.0,1,8,0.59,315,High,True,2026-06-29,2026-09-11T01:25:48+02:00
1381713803554426757,Milbertshofen-Am Hart,Entire home/apt,180.0,1,13,0.87,362,High,True,2026-06-29,2026-09-11T01:25:48+02:00
1382758773394487075,Aubing-Lochhausen-Langwied,Private room,65.0,1,12,0.81,281,High,True,2026-06-29,2026-09-11T01:25:48+02:00
1383083059709930872,Tudering-Riem,Private room,181.0,3,2,0.13,89,Medium,True,2026-06-29,2026-09-11T01:25:48+02:00
1383211148665340661,Berg am Laim,Entire home/apt,350.0,1,28,1.84,239,High,True,2026-06-29,2026-09-11T01:25:48+02:00
1383464863646754686,Tudering-Riem,Entire home/apt,106.0,1,12,0.84,54,Medium,True,2026-06-29,2026-09-11T01:25:48+02:00
1383974848359638883,Maxvorstadt,Entire home/apt,633.0,1,27,1.81,294,High,True,2026-06-29,2026-09-11T01:25:48+02:00
1384083073800117031,Feldmoching-Hasenbergl,Private room,61.0,20,1,0.12,294,High,True,2026-06-29,2026-09-11T01:25:48+02:00
1384230817643333454,Au-Haidhausen,Entire home/apt,218.0,1,0,0.0,358,High,False,2026-06-29,2026-09-11T01:25:48+02:00
1384542088777788132,Tudering-Riem,Entire home/apt,626.0,1,1,1.0,362,High,True,2026-06-29,2026-09-11T01:25:48+02:00
1384738700199278547,Tudering-Riem,Entire home/apt,455.0,1,6,0.4,178,Medium,True,2026-06-29,2026-09-11T01:25:48+02:00
1384747026394481950,Tudering-Riem,Entire home/apt,301.0,1,8,0.54,362,High,True,2026-06-29,2026-09-11T01:25:48+02:00
1384751040964572541,Schwanthalerhöhe,Private room,101.0,1,19,1.29,35,Medium,True,2026-06-29,2026-09-11T01:25:48+02:00
1385337092066405166,Schwabing-Freimann,Private room,709.0,1,0,0.0,365,High,False,2026-06-29,2026-09-11T01:25:48+02:00
1385475110343720841,Au-Haidhausen,Entire home/apt,288.0,2,21,1.43,28,Low,True,2026-06-29,2026-09-11T01:25:48+02:00
1385591728310719151,Bogenhausen,Entire home/apt,105.0,14,0,0.0,72,Medium,False,2026-06-29,2026-09-11T01:25:48+02:00
1386176719148648186,Berg am Laim,Private room,397.0,3,0,0.0,179,Medium,False,2026-06-29,2026-09-11T01:25:48+02:00
1386973695720475406,Thalkirchen-Obersendling-Forstenried-Fürstenried-Solln,Private room,159.0,1,8,0.54,361,High,True,2026-06-29,2026-09-11T01:25:48+02:00
1387740188535314677,Maxvorstadt,Entire home/apt,303.0,1,3,0.32,292,High,True,2026-06-29,2026-09-11T01:25:48+02:00
1387939141999086270,Ludwigsvorstadt-Isarvorstadt,Entire home/apt,209.0,1,88,6.32,135,Medium,True,2026-06-29,2026-09-11T01:25:48+02:00
1388253037138686280,Sendling,Entire home/apt,150.0,1,0,0.0,307,High,False,2026-06-29,2026-09-11T01:25:48+02:00
1388374343642453071,Moosach,Private room,124.0,1,64,4.3,54,Medium,True,2026-06-29,2026-09-11T01:25:48+02:00
1388517890209145547,Sendling-Westpark,Entire home/apt,150.0,2,9,0.6,348,High,True,2026-06-29,2026-09-11T01:25:48+02:00
1388905940043584428,Bogenhausen,Entire home/apt,201.0,1,18,1.21,343,High,True,2026-06-29,2026-09-11T01:25:48+02:00
1388912223812404343,Berg am Laim,Entire home/apt,500.0,1,4,0.27,262,High,True,2026-06-29,2026-09-11T01:25:48+02:00
1388974046841080654,Hadern,Private room,108.0,2,18,1.21,139,Medium,True,2026-06-29,2026-09-11T01:25:48+02:00
1389078673847314365,Tudering-Riem,Entire home/apt,224.0,1,4,0.27,33,Medium,True,2026-06-29,2026-09-11T01:25:48+02:00
1389263938552959457,Ramersdorf-Perlach,Private room,113.0,1,11,0.74,360,High,True,2026-06-29,2026-09-11T01:25:48+02:00
1389363831009895925,Tudering-Riem,Private room,180.0,1,2,0.13,88,Medium,True,2026-06-29,2026-09-11T01:25:48+02:00
1389859185758137696,Maxvorstadt,Entire home/apt,277.0,1,30,2.37,170,Medium,True,2026-06-29,2026-09-11T01:25:48+02:00
1389867524827186359,Maxvorstadt,Entire home/apt,390.0,1,2,0.14,89,Medium,True,2026-06-29,2026-09-11T01:25:48+02:00
1389961892708579565,Untergiesing-Harlaching,Entire home/apt,294.0,2,7,0.47,90,Medium,True,2026-06-29,2026-09-11T01:25:48+02:00
1389985007849396086,Thalkirchen-Obersendling-Forstenried-Fürstenried-Solln,Entire home/apt,331.0,1,9,0.65,24,Low,True,2026-06-29,2026-09-11T01:25:48+02:00
1390016287919638760,Tudering-Riem,Private room,160.0,2,1,0.07,364,High,True,2026-06-29,2026-09-11T01:25:48+02:00
1390328323369934240,Altstadt-Lehel,Entire home/apt,189.0,1,25,2.04,248,High,True,2026-06-29,2026-09-11T01:25:48+02:00
1390362627862086846,Milbertshofen-Am Hart,Entire home/apt,218.0,7,0,0.0,45,Medium,False,2026-06-29,2026-09-11T01:25:48+02:00
1390480847268792834,Bogenhausen,Entire home/apt,99.0,1,27,2.25,177,Medium,True,2026-06-29,2026-09-11T01:25:48+02:00
1390488591639006771,Milbertshofen-Am Hart,Entire home/apt,110.0,2,11,1.17,10,Low,True,2026-06-29,2026-09-11T01:25:48+02:00
1390710312662326939,Ludwigsvorstadt-Isarvorstadt,Entire home/apt,129.0,2,15,1.08,239,High,True,2026-06-29,2026-09-11T01:25:48+02:00
1390765893524853738,Pasing-Obermenzing,Entire home/apt,475.0,2,21,1.4,7,Low,True,2026-06-29,2026-09-11T01:25:48+02:00
1390780416513107279,Schwabing-Freimann,Entire home/apt,220.0,2,0,0.0,351,High,False,2026-06-29,2026-09-11T01:25:48+02:00
1391137415884127627,Sendling-Westpark,Entire home/apt,236.0,1,2,0.75,245,High,True,2026-06-29,2026-09-11T01:25:48+02:00
1391159558374507214,Bogenhausen,Entire home/apt,260.0,2,0,0.0,283,High,False,2026-06-29,2026-09-11T01:25:48+02:00
1391329221209389258,Ludwigsvorstadt-Isarvorstadt,Entire home/apt,245.0,1,8,0.98,354,High,True,2026-06-29,2026-09-11T01:25:48+02:00
1391531996086776905,Maxvorstadt,Entire home/apt,450.0,1,5,0.34,361,High,True,2026-06-29,2026-09-11T01:25:48+02:00
1391750790998787114,Neuhausen-Nymphenburg,Entire home/apt,230.0,1,10,0.77,30,Low,True,2026-06-29,2026-09-11T01:25:48+02:00
1392209667436078223,Ludwigsvorstadt-Isarvorstadt,Entire home/apt,129.0,2,15,1.08,258,High,True,2026-06-29,2026-09-11T01:25:48+02:00
1392649297331155975,Ramersdorf-Perlach,Private room,54.0,1,52,3.59,186,High,True,2026-06-29,2026-09-11T01:25:48+02:00
1392861699908861889,Maxvorstadt,Private room,179.0,1,27,1.82,207,High,True,2026-06-29,2026-09-11T01:25:48+02:00
1393165580510887499,Bogenhausen,Entire home/apt,483.0,1,0,0.0,167,Medium,False,2026-06-29,2026-09-11T01:25:48+02:00
1393291252100223599,Thalkirchen-Obersendling-Forstenried-Fürstenried-Solln,Private room,150.0,2,1,0.08,363,High,True,2026-06-29,2026-09-11T01:25:48+02:00
1393316063417322196,Tudering-Riem,Private room,130.0,1,14,0.94,358,High,True,2026-06-29,2026-09-11T01:25:48+02:00
1393346533594535233,Pasing-Obermenzing,Private room,69.0,1,15,1.08,307,High,True,2026-06-29,2026-09-11T01:25:48+02:00
1393577412068746389,Tudering-Riem,Private room,170.0,1,1,0.08,89,Medium,True,2026-06-29,2026-09-11T01:25:48+02:00
1393675530340397542,Maxvorstadt,Entire home/apt,145.0,4,6,0.43,183,High,True,2026-06-29,2026-09-11T01:25:48+02:00
1394238370187722415,Schwabing-Freimann,Entire home/apt,200.0,2,16,1.21,27,Low,True,2026-06-29,2026-09-11T01:25:48+02:00
1394750405799901281,Laim,Entire home/apt,193.0,1,70,4.94,329,High,True,2026-06-29,2026-09-11T01:25:48+02:00
1394904257629238780,Berg am Laim,Entire home/apt,142.0,3,9,0.61,26,Low,True,2026-06-29,2026-09-11T01:25:48+02:00
1394952345199572401,Neuhausen-Nymphenburg,Private room,78.0,1,70,5.02,59,Medium,True,2026-06-29,2026-09-11T01:25:48+02:00
1395022554742045900,Tudering-Riem,Entire home/apt,107.0,1,50,5.4,352,High,True,2026-06-29,2026-09-11T01:25:48+02:00
1395452471339843420,Altstadt-Lehel,Entire home/apt,172.0,1,4,0.31,309,High,True,2026-06-29,2026-09-11T01:25:48+02:00
1395478721213792330,Altstadt-Lehel,Entire home/apt,162.0,1,40,2.76,322,High,True,2026-06-29,2026-09-11T01:25:48+02:00
1395484594371622294,Altstadt-Lehel,Entire home/apt,209.0,1,3,0.21,254,High,True,2026-06-29,2026-09-11T01:25:48+02:00
1395486217457734310,Altstadt-Lehel,Entire home/apt,264.0,1,23,1.68,299,High,True,2026-06-29,2026-09-11T01:25:48+02:00
1395489360839868245,Altstadt-Lehel,Entire home/apt,335.0,1,5,0.34,298,High,True,2026-06-29,2026-09-11T01:25:48+02:00
1395606516756529501,Schwabing-Freimann,Private room,219.0,1,1,0.08,89,Medium,True,2026-06-29,2026-09-11T01:25:48+02:00
1395636883585296832,Neuhausen-Nymphenburg,Entire home/apt,152.0,2,1,0.07,149,Medium,True,2026-06-29,2026-09-11T01:25:48+02:00
1397037811130615609,Maxvorstadt,Entire home/apt,350.0,1,0,0.0,365,High,False,2026-06-29,2026-09-11T01:25:48+02:00
1397667214052420555,Ramersdorf-Perlach,Private room,116.0,1,39,2.81,342,High,True,2026-06-29,2026-09-11T01:25:48+02:00
1397770606609275277,Feldmoching-Hasenbergl,Shared room,20.0,3,4,0.27,326,High,True,2026-06-29,2026-09-11T01:25:48+02:00
1398960260623879038,Thalkirchen-Obersendling-Forstenried-Fürstenried-Solln,Private room,100.0,2,3,0.21,143,Medium,True,2026-06-29,2026-09-11T01:25:48+02:00
1399393214360801165,Schwanthalerhöhe,Entire home/apt,79.0,1,6,0.43,149,Medium,True,2026-06-29,2026-09-11T01:25:48+02:00
1399747761196256444,Maxvorstadt,Entire home/apt,189.0,3,3,0.23,34,Medium,True,2026-06-29,2026-09-11T01:25:48+02:00
1400221019989996189,Sendling,Entire home/apt,130.0,1,20,1.55,261,High,True,2026-06-29,2026-09-11T01:25:48+02:00
1400587960328359050,Au-Haidhausen,Entire home/apt,214.0,1,13,0.94,42,Medium,True,2026-06-29,2026-09-11T01:25:48+02:00
1400909772752531048,Au-Haidhausen,Entire home/apt,162.0,2,10,0.87,31,Medium,True,2026-06-29,2026-09-11T01:25:48+02:00
1401251093075483520,Schwabing-Freimann,Entire home/apt,160.0,1,95,6.52,214,High,True,2026-06-29,2026-09-11T01:25:48+02:00
1401446264870667899,Neuhausen-Nymphenburg,Entire home/apt,86.0,1,0,0.0,155,Medium,False,2026-06-29,2026-09-11T01:25:48+02:00
1401963127210672545,Schwanthalerhöhe,Private room,356.0,1,5,0.38,308,High,True,2026-06-29,2026-09-11T01:25:48+02:00
1402873564382364722,Untergiesing-Harlaching,Entire home/apt,96.0,1,1,0.07,318,High,True,2026-06-29,2026-09-11T01:25:48+02:00
1403578252760072193,Tudering-Riem,Entire home/apt,115.0,1,0,0.0,348,High,False,2026-06-29,2026-09-11T01:25:48+02:00
1403734140728014331,Moosach,Entire home/apt,248.0,2,4,0.3,149,Medium,True,2026-06-29,2026-09-11T01:25:48+02:00
1404082498782116602,Pasing-Obermenzing,Entire home/apt,107.0,1,2,0.28,268,High,True,2026-06-29,2026-09-11T01:25:48+02:00
1404208015694001480,Sendling,Entire home/apt,177.0,2,0,0.0,101,Medium,False,2026-06-29,2026-09-11T01:25:48+02:00
1404955209282037561,Laim,Entire home/apt,195.0,1,71,5.05,111,Medium,True,2026-06-29,2026-09-11T01:25:48+02:00
1405073512570667702,Maxvorstadt,Entire home/apt,306.0,3,29,2.21,54,Medium,True,2026-06-29,2026-09-11T01:25:48+02:00
1405114546096251958,Schwabing-Freimann,Entire home/apt,98.0,4,6,0.6,139,Medium,True,2026-06-29,2026-09-11T01:25:48+02:00
1405147003553594693,Bogenhausen,Entire home/apt,130.0,1,10,0.72,183,High,True,2026-06-29,2026-09-11T01:25:48+02:00
1405670527822661991,Ramersdorf-Perlach,Entire home/apt,230.0,2,0,0.0,363,High,False,2026-06-29,2026-09-11T01:25:48+02:00
1406372964757405566,Laim,Entire home/apt,91.0,20,0,0.0,263,High,False,2026-06-29,2026-09-11T01:25:48+02:00
1406463062593486293,Schwabing-Freimann,Private room,101.0,2,2,2.0,107,Medium,True,2026-06-29,2026-09-11T01:25:48+02:00
1406705787720695724,Bogenhausen,Entire home/apt,293.0,1,1,0.57,130,Medium,True,2026-06-29,2026-09-11T01:25:48+02:00
1407286083888960931,Neuhausen-Nymphenburg,Entire home/apt,124.0,1,15,1.07,324,High,True,2026-06-29,2026-09-11T01:25:48+02:00
1407353036911105273,Bogenhausen,Entire home/apt,170.0,3,7,0.53,13,Low,True,2026-06-29,2026-09-11T01:25:48+02:00
1407773672821737355,Bogenhausen,Private room,105.0,2,18,1.28,165,Medium,True,2026-06-29,2026-09-11T01:25:48+02:00
1409264810699135438,Obergiesing,Private room,85.0,1,2,1.07,341,High,True,2026-06-29,2026-09-11T01:25:48+02:00
1409569039151026648,Thalkirchen-Obersendling-Forstenried-Fürstenried-Solln,Entire home/apt,129.0,5,0,0.0,358,High,False,2026-06-29,2026-09-11T01:25:48+02:00
1409970988955592734,Moosach,Entire home/apt,160.0,7,91,7.07,119,Medium,True,2026-06-29,2026-09-11T01:25:48+02:00
1411459420703781418,Schwabing-Freimann,Entire home/apt,150.0,1,3,0.22,62,Medium,True,2026-06-29,2026-09-11T01:25:48+02:00
1411481297324644772,Schwabing-Freimann,Entire home/apt,119.0,1,7,0.58,10,Low,True,2026-06-29,2026-09-11T01:25:48+02:00
1412200521959199461,Sendling,Entire home/apt,170.0,2,12,1.29,76,Medium,True,2026-06-29,2026-09-11T01:25:48+02:00
1412246627971018626,Schwabing-West,Private room,50.0,1,0,0.0,74,Medium,False,2026-06-29,2026-09-11T01:25:48+02:00
1412531385541255974,Laim,Private room,94.0,2,20,1.44,169,Medium,True,2026-06-29,2026-09-11T01:25:48+02:00
1412884642715439309,Altstadt-Lehel,Entire home/apt,417.0,2,54,3.88,134,Medium,True,2026-06-29,2026-09-11T01:25:48+02:00
1413804301085532345,Thalkirchen-Obersendling-Forstenried-Fürstenried-Solln,Private room,85.0,1,0,0.0,351,High,False,2026-06-29,2026-09-11T01:25:48+02:00
1414588068277995252,Schwabing-Freimann,Entire home/apt,113.0,2,5,0.36,78,Medium,True,2026-06-29,2026-09-11T01:25:48+02:00
1414968789137904757,Neuhausen-Nymphenburg,Private room,151.0,1,0,0.0,105,Medium,False,2026-06-29,2026-09-11T01:25:48+02:00
1415181722665695682,Bogenhausen,Private room,70.0,1,15,1.16,131,Medium,True,2026-06-29,2026-09-11T01:25:48+02:00
1415291010772867852,Bogenhausen,Entire home/apt,500.0,2,0,0.0,148,Medium,False,2026-06-29,2026-09-11T01:25:48+02:00
1415761012926822931,Schwabing-West,Entire home/apt,235.0,2,1,0.08,287,High,True,2026-06-29,2026-09-11T01:25:48+02:00
1415808715382038575,Schwabing-West,Entire home/apt,97.0,1,3,0.32,20,Low,True,2026-06-29,2026-09-11T01:25:48+02:00
1416052684953369364,Maxvorstadt,Entire home/apt,259.0,1,89,6.51,136,Medium,True,2026-06-29,2026-09-11T01:25:48+02:00
1416529650702235325,Altstadt-Lehel,Entire home/apt,230.0,1,17,1.25,179,Medium,True,2026-06-29,2026-09-11T01:25:48+02:00
1417198687357422860,Feldmoching-Hasenbergl,Entire home/apt,98.0,2,42,3.99,57,Medium,True,2026-06-29,2026-09-11T01:25:48+02:00
1417222705598538129,Neuhausen-Nymphenburg,Private room,159.0,1,2,0.15,332,High,True,2026-06-29,2026-09-11T01:25:48+02:00
1417226147947270881,Neuhausen-Nymphenburg,Private room,181.0,1,0,0.0,316,High,False,2026-06-29,2026-09-11T01:25:48+02:00
1417229224100760461,Neuhausen-Nymphenburg,Private room,215.0,1,18,1.41,52,Medium,True,2026-06-29,2026-09-11T01:25:48+02:00
1417516328254485849,Laim,Entire home/apt,307.0,1,14,1.07,306,High,True,2026-06-29,2026-09-11T01:25:48+02:00
1418993216462914580,Schwanthalerhöhe,Entire home/apt,243.0,1,21,2.32,312,High,True,2026-06-29,2026-09-11T01:25:48+02:00
1419521725676519626,Untergiesing-Harlaching,Private room,77.0,1,2,0.15,87,Medium,True,2026-06-29,2026-09-11T01:25:48+02:00
1420469778272334992,Altstadt-Lehel,Private room,195.0,2,0,0.0,364,High,False,2026-06-29,2026-09-11T01:25:48+02:00
1420976716523502724,Berg am Laim,Entire home/apt,325.0,1,16,1.17,302,High,True,2026-06-29,2026-09-11T01:25:48+02:00
1421007510192903432,Sendling-Westpark,Entire home/apt,350.0,2,42,3.46,227,High,True,2026-06-29,2026-09-11T01:25:48+02:00
1421140604594256512,Thalkirchen-Obersendling-Forstenried-Fürstenried-Solln,Entire home/apt,275.0,2,2,0.17,43,Medium,True,2026-06-29,2026-09-11T01:25:48+02:00
1421506774435125299,Hadern,Entire home/apt,277.0,2,2,0.17,254,High,True,2026-06-29,2026-09-11T01:25:48+02:00
1421566835519087642,Sendling,Entire home/apt,127.0,3,16,1.19,22,Low,True,2026-06-29,2026-09-11T01:25:48+02:00
1423732409074462890,Au-Haidhausen,Entire home/apt,146.0,1,3,0.33,336,High,True,2026-06-29,2026-09-11T01:25:48+02:00
1423749223087277246,Au-Haidhausen,Entire home/apt,213.0,1,22,2.32,263,High,True,2026-06-29,2026-09-11T01:25:48+02:00
1424464769813810083,Altstadt-Lehel,Entire home/apt,534.0,1,48,3.87,99,Medium,True,2026-06-29,2026-09-11T01:25:48+02:00
1424608540198242649,Maxvorstadt,Entire home/apt,323.0,2,3,0.31,15,Low,True,2026-06-29,2026-09-11T01:25:48+02:00
1424730491814907587,Laim,Entire home/apt,97.0,1,0,0.0,84,Medium,False,2026-06-29,2026-09-11T01:25:48+02:00
1425245023600437740,Bogenhausen,Private room,48.0,7,1,0.11,364,High,True,2026-06-29,2026-09-11T01:25:48+02:00
1425319443166104621,Aubing-Lochhausen-Langwied,Entire home/apt,142.0,2,17,1.32,10,Low,True,2026-06-29,2026-09-11T01:25:48+02:00
1425402791887613006,Altstadt-Lehel,Entire home/apt,353.0,1,9,0.69,123,Medium,True,2026-06-29,2026-09-11T01:25:48+02:00
1425532462723554777,Feldmoching-Hasenbergl,Private room,70.0,1,12,0.92,28,Low,True,2026-06-29,2026-09-11T01:25:48+02:00
1425558306911737099,Allach-Untermenzing,Entire home/apt,156.0,1,15,1.15,35,Medium,True,2026-06-29,2026-09-11T01:25:48+02:00
1425952778052394072,Obergiesing,Private room,60.0,1,1,0.57,83,Medium,True,2026-06-29,2026-09-11T01:25:48+02:00
1425968615515267892,Ramersdorf-Perlach,Private room,58.0,1,6,0.46,80,Medium,True,2026-06-29,2026-09-11T01:25:48+02:00
1426021373592347396,Milbertshofen-Am Hart,Entire home/apt,50.0,30,2,0.18,55,Medium,True,2026-06-29,2026-09-11T01:25:48+02:00
1426033852799853228,Sendling-Westpark,Entire home/apt,115.0,1,10,0.77,30,Low,True,2026-06-29,2026-09-11T01:25:48+02:00
1426093619981966092,Neuhausen-Nymphenburg,Entire home/apt,147.0,2,8,0.64,269,High,True,2026-06-29,2026-09-11T01:25:48+02:00
1426640118688038054,Schwanthalerhöhe,Entire home/apt,104.0,4,0,0.0,227,High,False,2026-06-29,2026-09-11T01:25:48+02:00
1426642251712058963,Ludwigsvorstadt-Isarvorstadt,Entire home/apt,130.0,1,40,3.11,58,Medium,True,2026-06-29,2026-09-11T01:25:48+02:00
1426697007918131210,Untergiesing-Harlaching,Private room,167.0,2,4,0.31,91,Medium,True,2026-06-29,2026-09-11T01:25:48+02:00
1428797368268783471,Laim,Entire home/apt,112.0,3,6,0.46,4,Low,True,2026-06-29,2026-09-11T01:25:48+02:00
1428819002588851973,Laim,Private room,26.0,28,0,0.0,48,Medium,False,2026-06-29,2026-09-11T01:25:48+02:00
1428978109354004176,Au-Haidhausen,Entire home/apt,175.0,2,12,1.16,305,High,True,2026-06-29,2026-09-11T01:25:48+02:00
1429119560509403791,Berg am Laim,Private room,78.0,30,0,0.0,173,Medium,False,2026-06-29,2026-09-11T01:25:48+02:00
1429648635671244632,Neuhausen-Nymphenburg,Private room,106.0,1,17,1.29,129,Medium,True,2026-06-29,2026-09-11T01:25:48+02:00
1429665137283337158,Berg am Laim,Entire home/apt,148.0,3,1,0.11,176,Medium,True,2026-06-29,2026-09-11T01:25:48+02:00
1429692497180278334,Allach-Untermenzing,Private room,117.0,1,0,0.0,325,High,False,2026-06-29,2026-09-11T01:25:48+02:00
1429701318091726780,Allach-Untermenzing,Entire home/apt,99.0,1,9,0.92,346,High,True,2026-06-29,2026-09-11T01:25:48+02:00
1429703237240376589,Allach-Untermenzing,Entire home/apt,117.0,1,1,0.09,331,High,True,2026-06-29,2026-09-11T01:25:48+02:00
1429731504882939155,Ludwigsvorstadt-Isarvorstadt,Entire home/apt,300.0,1,0,0.0,73,Medium,False,2026-06-29,2026-09-11T01:25:48+02:00
1429873294066656729,Ramersdorf-Perlach,Private room,55.0,10,0,0.0,90,Medium,False,2026-06-29,2026-09-11T01:25:48+02:00
1430206139380756870,Tudering-Riem,Entire home/apt,115.0,5,0,0.0,197,High,False,2026-06-29,2026-09-11T01:25:48+02:00
1430225450652460151,Tudering-Riem,Entire home/apt,115.0,5,1,0.55,232,High,True,2026-06-29,2026-09-11T01:25:48+02:00
1430273660843959617,Tudering-Riem,Entire home/apt,196.0,5,0,0.0,232,High,False,2026-06-29,2026-09-11T01:25:48+02:00
1430288443323635873,Tudering-Riem,Entire home/apt,196.0,5,0,0.0,232,High,False,2026-06-29,2026-09-11T01:25:48+02:00
1430445275581427136,Schwanthalerhöhe,Entire home/apt,340.0,1,1,0.11,2,Low,True,2026-06-29,2026-09-11T01:25:48+02:00
1430591148749478714,Ludwigsvorstadt-Isarvorstadt,Entire home/apt,322.0,1,1,0.08,316,High,True,2026-06-29,2026-09-11T01:25:48+02:00
1431050717316581289,Moosach,Entire home/apt,126.0,1,51,4.17,314,High,True,2026-06-29,2026-09-11T01:25:48+02:00
1431113710053840021,Hadern,Entire home/apt,137.0,1,10,0.77,92,Medium,True,2026-06-29,2026-09-11T01:25:48+02:00
1431206088727179431,Sendling-Westpark,Private room,59.0,1,8,0.62,73,Medium,True,2026-06-29,2026-09-11T01:25:48+02:00
1431643178812638639,Schwabing-Freimann,Entire home/apt,211.0,5,4,0.43,221,High,True,2026-06-29,2026-09-11T01:25:48+02:00
1433292526639602403,Sendling-Westpark,Entire home/apt,143.0,1,14,1.08,284,High,True,2026-06-29,2026-09-11T01:25:48+02:00
1434069878934202459,Milbertshofen-Am Hart,Entire home/apt,130.0,2,27,2.08,136,Medium,True,2026-06-29,2026-09-11T01:25:48+02:00
1434132606985318269,Au-Haidhausen,Entire home/apt,114.0,25,2,0.19,333,High,True,2026-06-29,2026-09-11T01:25:48+02:00
1434557391699740368,Neuhausen-Nymphenburg,Entire home/apt,173.0,2,0,0.0,277,High,False,2026-06-29,2026-09-11T01:25:48+02:00
1434637544551268553,Neuhausen-Nymphenburg,Entire home/apt,320.0,2,3,0.28,267,High,True,2026-06-29,2026-09-11T01:25:48+02:00
1435516445350227087,Laim,Entire home/apt,400.0,1,7,0.67,17,Low,True,2026-06-29,2026-09-11T01:25:48+02:00
1436032250175007692,Sendling,Entire home/apt,116.0,1,1,0.11,210,High,True,2026-06-29,2026-09-11T01:25:48+02:00
1436363315701381921,Laim,Private room,55.0,1,8,0.71,334,High,True,2026-06-29,2026-09-11T01:25:48+02:00
1436789773342264826,Laim,Entire home/apt,174.0,2,6,0.57,275,High,True,2026-06-29,2026-09-11T01:25:48+02:00
1436852491383609193,Moosach,Entire home/apt,79.0,4,0,0.0,341,High,False,2026-06-29,2026-09-11T01:25:48+02:00
1437155829951742628,Maxvorstadt,Entire home/apt,290.0,7,6,0.62,322,High,True,2026-06-29,2026-09-11T01:25:48+02:00
1437504343959759879,Untergiesing-Harlaching,Private room,32.0,30,1,0.09,46,Medium,True,2026-06-29,2026-09-11T01:25:48+02:00
1437566795724229487,Ludwigsvorstadt-Isarvorstadt,Entire home/apt,229.0,1,5,0.48,32,Medium,True,2026-06-29,2026-09-11T01:25:48+02:00
1437618313098813369,Thalkirchen-Obersendling-Forstenried-Fürstenried-Solln,Private room,33.0,30,0,0.0,58,Medium,False,2026-06-29,2026-09-11T01:25:48+02:00
1437627656173976261,Thalkirchen-Obersendling-Forstenried-Fürstenried-Solln,Private room,50.0,15,0,0.0,55,Medium,False,2026-06-29,2026-09-11T01:25:48+02:00
1437738413511312409,Altstadt-Lehel,Entire home/apt,189.0,2,14,1.12,56,Medium,True,2026-06-29,2026-09-11T01:25:48+02:00
1437866470409358647,Au-Haidhausen,Private room,119.0,2,6,0.49,154,Medium,True,2026-06-29,2026-09-11T01:25:48+02:00
1438322262209668140,Bogenhausen,Entire home/apt,542.0,1,13,1.13,207,High,True,2026-06-29,2026-09-11T01:25:48+02:00
1439316084509684075,Au-Haidhausen,Entire home/apt,195.0,3,6,0.66,12,Low,True,2026-06-29,2026-09-11T01:25:48+02:00
1439852999984212270,Neuhausen-Nymphenburg,Entire home/apt,108.0,1,0,0.0,81,Medium,False,2026-06-29,2026-09-11T01:25:48+02:00
1440009703946496995,Thalkirchen-Obersendling-Forstenried-Fürstenried-Solln,Entire home/apt,153.0,2,1,0.11,311,High,True,2026-06-29,2026-09-11T01:25:48+02:00
1440300815224718839,Ludwigsvorstadt-Isarvorstadt,Entire home/apt,1000.0,2,3,0.32,182,High,True,2026-06-29,2026-09-11T01:25:48+02:00
1440688993724253558,Thalkirchen-Obersendling-Forstenried-Fürstenried-Solln,Entire home/apt,104.0,1,0,0.0,148,Medium,False,2026-06-29,2026-09-11T01:25:48+02:00
1440744212935959966,Sendling,Entire home/apt,528.0,1,0,0.0,10,Low,False,2026-06-29,2026-09-11T01:25:48+02:00
1441150673696773525,Maxvorstadt,Entire home/apt,157.0,1,11,1.56,104,Medium,True,2026-06-29,2026-09-11T01:25:48+02:00
1442815789423585674,Maxvorstadt,Entire home/apt,122.0,1,81,6.51,162,Medium,True,2026-06-29,2026-09-11T01:25:48+02:00
1444280464847682185,Schwabing-Freimann,Entire home/apt,130.0,1,0,0.0,344,High,False,2026-06-29,2026-09-11T01:25:48+02:00
1445423411250450818,Maxvorstadt,Entire home/apt,248.0,1,14,1.19,130,Medium,True,2026-06-29,2026-09-11T01:25:48+02:00
1445518839234187721,Thalkirchen-Obersendling-Forstenried-Fürstenried-Solln,Private room,70.0,1,21,1.75,127,Medium,True,2026-06-29,2026-09-11T01:25:48+02:00
1446477130336303806,Maxvorstadt,Entire home/apt,236.0,2,3,0.32,7,Low,True,2026-06-29,2026-09-11T01:25:48+02:00
1447045372246914616,Schwabing-West,Entire home/apt,106.0,4,0,0.0,9,Low,False,2026-06-29,2026-09-11T01:25:48+02:00
1447193672470327327,Maxvorstadt,Entire home/apt,79.0,1,21,1.83,22,Low,True,2026-06-29,2026-09-11T01:25:48+02:00
1448458073786193111,Schwabing-West,Entire home/apt,278.0,3,5,0.46,3,Low,True,2026-06-29,2026-09-11T01:25:48+02:00
1448720586243155796,Ramersdorf-Perlach,Private room,75.0,1,5,0.52,16,Low,True,2026-06-29,2026-09-11T01:25:48+02:00
1448726862538896043,Maxvorstadt,Entire home/apt,219.0,1,1,0.09,5,Low,True,2026-06-29,2026-09-11T01:25:48+02:00
1449260096645240582,Berg am Laim,Entire home/apt,248.0,3,0,0.0,86,Medium,False,2026-06-29,2026-09-11T01:25:48+02:00
1450133800898594862,Ramersdorf-Perlach,Private room,61.0,1,9,0.96,340,High,True,2026-06-29,2026-09-11T01:25:48+02:00
1450641357187492063,Aubing-Lochhausen-Langwied,Entire home/apt,133.0,2,3,0.25,50,Medium,True,2026-06-29,2026-09-11T01:25:48+02:00
1450662017859302595,Milbertshofen-Am Hart,Private room,97.0,2,15,1.24,21,Low,True,2026-06-29,2026-09-11T01:25:48+02:00
1451244996278425092,Sendling,Private room,58.0,7,2,0.18,55,Medium,True,2026-06-29,2026-09-11T01:25:48+02:00
1451474444030002446,Schwanthalerhöhe,Entire home/apt,220.0,2,2,0.22,95,Medium,True,2026-06-29,2026-09-11T01:25:48+02:00
1451478166700778573,Ludwigsvorstadt-Isarvorstadt,Entire home/apt,444.0,2,42,3.55,125,Medium,True,2026-06-29,2026-09-11T01:25:48+02:00
1452101214767186402,Obergiesing,Entire home/apt,119.0,3,12,1.07,189,High,True,2026-06-29,2026-09-11T01:25:48+02:00
1453028012084118990,Neuhausen-Nymphenburg,Entire home/apt,160.0,2,3,0.3,25,Low,True,2026-06-29,2026-09-11T01:25:48+02:00
1453730161557890679,Maxvorstadt,Entire home/apt,112.0,5,2,0.2,29,Low,True,2026-06-29,2026-09-11T01:25:48+02:00
1454149294785185472,Ludwigsvorstadt-Isarvorstadt,Entire home/apt,461.0,1,36,3.13,284,High,True,2026-06-29,2026-09-11T01:25:48+02:00
1454341919641922265,Allach-Untermenzing,Entire home/apt,350.0,7,0,0.0,76,Medium,False,2026-06-29,2026-09-11T01:25:48+02:00
1454544199999112951,Neuhausen-Nymphenburg,Entire home/apt,308.0,2,4,0.43,68,Medium,True,2026-06-29,2026-09-11T01:25:48+02:00
1454971312734418963,Thalkirchen-Obersendling-Forstenried-Fürstenried-Solln,Entire home/apt,69.0,2,1,0.11,63,Medium,True,2026-06-29,2026-09-11T01:25:48+02:00
1455076511126140085,Ludwigsvorstadt-Isarvorstadt,Entire home/apt,132.0,1,0,0.0,183,High,False,2026-06-29,2026-09-11T01:25:48+02:00
1455083543685770058,Thalkirchen-Obersendling-Forstenried-Fürstenried-Solln,Private room,97.0,1,4,0.43,360,High,True,2026-06-29,2026-09-11T01:25:48+02:00
1455632200168780711,Laim,Private room,59.0,1,10,0.89,263,High,True,2026-06-29,2026-09-11T01:25:48+02:00
1455705816490315391,Tudering-Riem,Entire home/apt,119.0,1,2,0.19,264,High,True,2026-06-29,2026-09-11T01:25:48+02:00
1455776832913865209,Tudering-Riem,Entire home/apt,91.0,1,1,0.14,280,High,True,2026-06-29,2026-09-11T01:25:48+02:00
1455882317146794739,Sendling-Westpark,Entire home/apt,350.0,1,5,0.52,16,Low,True,2026-06-29,2026-09-11T01:25:48+02:00
1455925437261960682,Ludwigsvorstadt-Isarvorstadt,Entire home/apt,113.0,2,7,0.66,13,Low,True,2026-06-29,2026-09-11T01:25:48+02:00
1455982402540922283,Milbertshofen-Am Hart,Entire home/apt,110.0,1,58,4.9,124,Medium,True,2026-06-29,2026-09-11T01:25:48+02:00
1456253365290528131,Tudering-Riem,Entire home/apt,105.0,1,7,2.08,279,High,True,2026-06-29,2026-09-11T01:25:48+02:00
1456262948947224887,Tudering-Riem,Entire home/apt,105.0,1,5,0.52,300,High,True,2026-06-29,2026-09-11T01:25:48+02:00
1456283788140998747,Tudering-Riem,Entire home/apt,105.0,1,15,1.52,288,High,True,2026-06-29,2026-09-11T01:25:48+02:00
1456426641822867984,Ludwigsvorstadt-Isarvorstadt,Private room,189.0,1,4,0.43,290,High,True,2026-06-29,2026-09-11T01:25:48+02:00
1457191262448957803,Bogenhausen,Entire home/apt,291.0,1,32,2.7,111,Medium,True,2026-06-29,2026-09-11T01:25:48+02:00
1457387717472349167,Sendling,Entire home/apt,112.0,4,1,0.11,311,High,True,2026-06-29,2026-09-11T01:25:48+02:00
1457925738093675603,Thalkirchen-Obersendling-Forstenried-Fürstenried-Solln,Private room,34.0,30,2,0.2,61,Medium,True,2026-06-29,2026-09-11T01:25:48+02:00
1458565155607601223,Ramersdorf-Perlach,Private room,65.0,1,0,0.0,361,High,False,2026-06-29,2026-09-11T01:25:48+02:00
1459279189529586066,Pasing-Obermenzing,Entire home/apt,69.0,3,11,0.93,74,Medium,True,2026-06-29,2026-09-11T01:25:48+02:00
1459443514248878083,Neuhausen-Nymphenburg,Entire home/apt,435.0,1,2,0.22,135,Medium,True,2026-06-29,2026-09-11T01:25:48+02:00
1459461160627682160,Schwabing-West,Entire home/apt,861.0,2,1,0.11,348,High,True,2026-06-29,2026-09-11T01:25:48+02:00
1459533967253752159,Ludwigsvorstadt-Isarvorstadt,Entire home/apt,155.0,1,35,3.58,11,Low,True,2026-06-29,2026-09-11T01:25:48+02:00
1459945540942558158,Untergiesing-Harlaching,Private room,52.0,15,1,1.0,32,Medium,True,2026-06-29,2026-09-11T01:25:48+02:00
1459979068282377164,Schwanthalerhöhe,Entire home/apt,289.0,2,1,1.0,197,High,True,2026-06-29,2026-09-11T01:25:48+02:00
1460582073685939799,Schwabing-West,Entire home/apt,330.0,2,12,1.19,342,High,True,2026-06-29,2026-09-11T01:25:48+02:00
1460663139320119441,Au-Haidhausen,Entire home/apt,130.0,1,0,0.0,331,High,False,2026-06-29,2026-09-11T01:25:48+02:00
1460817138707319470,Thalkirchen-Obersendling-Forstenried-Fürstenried-Solln,Private room,207.0,1,1,0.09,79,Medium,True,2026-06-29,2026-09-11T01:25:48+02:00
1460845700762992432,Moosach,Entire home/apt,89.0,1,7,0.63,125,Medium,True,2026-06-29,2026-09-11T01:25:48+02:00
1461505518799366112,Moosach,Entire home/apt,375.0,10,6,0.63,18,Low,True,2026-06-29,2026-09-11T01:25:48+02:00
1462028367169154665,Maxvorstadt,Entire home/apt,201.0,2,10,1.37,114,Medium,True,2026-06-29,2026-09-11T01:25:48+02:00
1462028414851912712,Maxvorstadt,Entire home/apt,152.0,7,2,0.29,119,Medium,True,2026-06-29,2026-09-11T01:25:48+02:00
1462061639668046605,Maxvorstadt,Entire home/apt,207.0,4,8,0.96,87,Medium,True,2026-06-29,2026-09-11T01:25:48+02:00
1462177241758090449,Maxvorstadt,Entire home/apt,450.0,1,2,0.21,335,High,True,2026-06-29,2026-09-11T01:25:48+02:00
1462744894595839923,Untergiesing-Harlaching,Private room,136.0,1,8,0.83,356,High,True,2026-06-29,2026-09-11T01:25:48+02:00
1462953467337764328,Ludwigsvorstadt-Isarvorstadt,Entire home/apt,540.0,1,43,3.7,262,High,True,2026-06-29,2026-09-11T01:25:48+02:00
1464561299376068792,Ludwigsvorstadt-Isarvorstadt,Private room,139.0,1,0,0.0,349,High,False,2026-06-29,2026-09-11T01:25:48+02:00
1465032022453336832,Hadern,Entire home/apt,287.0,3,8,0.73,327,High,True,2026-06-29,2026-09-11T01:25:48+02:00
1465074026203192169,Obergiesing,Entire home/apt,78.0,1,0,0.0,323,High,False,2026-06-29,2026-09-11T01:25:48+02:00
1465102892775012183,Laim,Private room,89.0,1,10,0.96,118,Medium,True,2026-06-29,2026-09-11T01:25:48+02:00
1465245174854910697,Obergiesing,Entire home/apt,200.0,1,4,0.44,313,High,True,2026-06-29,2026-09-11T01:25:48+02:00
1466516967779605903,Tudering-Riem,Entire home/apt,111.0,1,29,2.93,349,High,True,2026-06-29,2026-09-11T01:25:48+02:00
1467201432098787160,Schwabing-Freimann,Entire home/apt,396.0,2,30,2.96,316,High,True,2026-06-29,2026-09-11T01:25:48+02:00
1467903969122633052,Feldmoching-Hasenbergl,Private room,52.0,1,22,1.98,71,Medium,True,2026-06-29,2026-09-11T01:25:48+02:00
1468903763903445425,Allach-Untermenzing,Entire home/apt,260.0,1,36,3.21,228,High,True,2026-06-29,2026-09-11T01:25:48+02:00
1468906821695636867,Berg am Laim,Entire home/apt,95.0,16,3,0.33,324,High,True,2026-06-29,2026-09-11T01:25:48+02:00
1468924333508220709,Berg am Laim,Entire home/apt,71.0,14,0,0.0,179,Medium,False,2026-06-29,2026-09-11T01:25:48+02:00
1468970874559067565,Schwabing-West,Entire home/apt,248.0,1,12,1.29,288,High,True,2026-06-29,2026-09-11T01:25:48+02:00
1469538951193403880,Schwabing-West,Entire home/apt,90.0,1,3,0.32,21,Low,True,2026-06-29,2026-09-11T01:25:48+02:00
1469685002929575534,Altstadt-Lehel,Entire home/apt,110.0,3,1,0.1,29,Low,True,2026-06-29,2026-09-11T01:25:48+02:00
1469720799180934716,Schwanthalerhöhe,Entire home/apt,158.0,1,14,1.27,3,Low,True,2026-06-29,2026-09-11T01:25:48+02:00
1470174911848644127,Ramersdorf-Perlach,Entire home/apt,84.0,1,5,0.52,337,High,True,2026-06-29,2026-09-11T01:25:48+02:00
1470319665528774080,Untergiesing-Harlaching,Private room,205.0,2,0,0.0,14,Low,False,2026-06-29,2026-09-11T01:25:48+02:00
1470330206411981555,Sendling,Private room,66.0,1,18,4.32,134,Medium,True,2026-06-29,2026-09-11T01:25:48+02:00
1470747084139141395,Hadern,Entire home/apt,163.0,3,2,0.22,346,High,True,2026-06-29,2026-09-11T01:25:48+02:00
1471059422807095961,Neuhausen-Nymphenburg,Entire home/apt,213.0,2,30,2.76,272,High,True,2026-06-29,2026-09-11T01:25:48+02:00
1471081799109432377,Maxvorstadt,Entire home/apt,240.0,2,19,2.04,118,Medium,True,2026-06-29,2026-09-11T01:25:48+02:00
1471630508720623879,Altstadt-Lehel,Private room,198.0,1,25,2.46,322,High,True,2026-06-29,2026-09-11T01:25:48+02:00
1471630509152721354,Altstadt-Lehel,Private room,174.0,1,20,1.79,272,High,True,2026-06-29,2026-09-11T01:25:48+02:00
1471630587262723550,Altstadt-Lehel,Private room,238.0,1,3,2.81,325,High,True,2026-06-29,2026-09-11T01:25:48+02:00
1472326234244728570,Ludwigsvorstadt-Isarvorstadt,Entire home/apt,198.0,7,0,0.0,252,High,False,2026-06-29,2026-09-11T01:25:48+02:00
1472335279980052073,Neuhausen-Nymphenburg,Entire home/apt,276.0,7,0,0.0,60,Medium,False,2026-06-29,2026-09-11T01:25:48+02:00
1473325274459834258,Maxvorstadt,Entire home/apt,200.0,3,13,1.22,7,Low,True,2026-06-29,2026-09-11T01:25:48+02:00
1473331360726389717,Pasing-Obermenzing,Entire home/apt,177.0,2,4,0.4,246,High,True,2026-06-29,2026-09-11T01:25:48+02:00
1473370690466645900,Neuhausen-Nymphenburg,Private room,148.0,1,4,0.44,111,Medium,True,2026-06-29,2026-09-11T01:25:48+02:00
1473825689635274747,Bogenhausen,Entire home/apt,76.0,4,5,1.15,92,Medium,True,2026-06-29,2026-09-11T01:25:48+02:00
1473865118280990270,Schwabing-Freimann,Private room,48.0,1,0,0.0,350,High,False,2026-06-29,2026-09-11T01:25:48+02:00
1474619546658724604,Au-Haidhausen,Entire home/apt,169.0,2,0,0.0,63,Medium,False,2026-06-29,2026-09-11T01:25:48+02:00
1474659955999862447,Schwabing-West,Entire home/apt,201.0,2,4,0.38,14,Low,True,2026-06-29,2026-09-11T01:25:48+02:00
1474671990941125617,Thalkirchen-Obersendling-Forstenried-Fürstenried-Solln,Entire home/apt,110.0,1,0,0.0,349,High,False,2026-06-29,2026-09-11T01:25:48+02:00
1474726927455170515,Ludwigsvorstadt-Isarvorstadt,Entire home/apt,367.0,4,1,0.11,43,Medium,True,2026-06-29,2026-09-11T01:25:48+02:00
1475231756120126415,Maxvorstadt,Entire home/apt,164.0,1,4,0.45,9,Low,True,2026-06-29,2026-09-11T01:25:48+02:00
1475496567811096182,Obergiesing,Entire home/apt,93.0,1,3,0.31,240,High,True,2026-06-29,2026-09-11T01:25:48+02:00
1475528149058667257,Pasing-Obermenzing,Entire home/apt,14.0,183,0,0.0,365,High,False,2026-06-29,2026-09-11T01:25:48+02:00
1475545209454365230,Maxvorstadt,Entire home/apt,100.0,3,3,0.38,87,Medium,True,2026-06-29,2026-09-11T01:25:48+02:00
1476053973693685142,Bogenhausen,Entire home/apt,158.0,1,62,5.67,298,High,True,2026-06-29,2026-09-11T01:25:48+02:00
1476059626717647451,Bogenhausen,Entire home/apt,159.0,2,17,1.57,307,High,True,2026-06-29,2026-09-11T01:25:48+02:00
1476062144010224066,Bogenhausen,Entire home/apt,160.0,2,23,2.32,285,High,True,2026-06-29,2026-09-11T01:25:48+02:00
1476064159230648483,Bogenhausen,Entire home/apt,191.0,1,26,2.36,277,High,True,2026-06-29,2026-09-11T01:25:48+02:00
1476065638687935446,Au-Haidhausen,Entire home/apt,154.0,1,13,1.26,12,Low,True,2026-06-29,2026-09-11T01:25:48+02:00
1476267875504267736,Thalkirchen-Obersendling-Forstenried-Fürstenried-Solln,Entire home/apt,109.0,3,1,0.67,253,High,True,2026-06-29,2026-09-11T01:25:48+02:00
1476655624670184071,Bogenhausen,Entire home/apt,174.0,2,34,3.11,312,High,True,2026-06-29,2026-09-11T01:25:48+02:00
1476831590322506135,Ludwigsvorstadt-Isarvorstadt,Entire home/apt,160.0,2,0,0.0,5,Low,False,2026-06-29,2026-09-11T01:25:48+02:00
1476942403960846612,Bogenhausen,Entire home/apt,180.0,1,42,3.89,295,High,True,2026-06-29,2026-09-11T01:25:48+02:00
1476947941031254584,Bogenhausen,Entire home/apt,159.0,1,36,3.31,304,High,True,2026-06-29,2026-09-11T01:25:48+02:00
1477323925119579584,Ludwigsvorstadt-Isarvorstadt,Entire home/apt,276.0,1,14,1.33,336,High,True,2026-06-29,2026-09-11T01:25:48+02:00
1477571964219454916,Thalkirchen-Obersendling-Forstenried-Fürstenried-Solln,Entire home/apt,90.0,1,26,2.64,45,Medium,True,2026-06-29,2026-09-11T01:25:48+02:00
1478159020137597783,Laim,Entire home/apt,183.0,6,1,0.09,233,High,True,2026-06-29,2026-09-11T01:25:48+02:00
1478208091335619974,Au-Haidhausen,Entire home/apt,179.0,3,17,2.01,64,Medium,True,2026-06-29,2026-09-11T01:25:48+02:00
1478893841623231210,Obergiesing,Private room,234.0,2,4,0.42,162,Medium,True,2026-06-29,2026-09-11T01:25:48+02:00
1478942902861738727,Allach-Untermenzing,Entire home/apt,123.0,5,0,0.0,94,Medium,False,2026-06-29,2026-09-11T01:25:48+02:00
1478997209949409170,Milbertshofen-Am Hart,Private room,180.0,1,3,0.32,97,Medium,True,2026-06-29,2026-09-11T01:25:48+02:00
1479120122743011215,Au-Haidhausen,Private room,86.0,2,2,0.19,240,High,True,2026-06-29,2026-09-11T01:25:48+02:00
1479590070652183151,Schwabing-Freimann,Entire home/apt,100.0,1,0,0.0,88,Medium,False,2026-06-29,2026-09-11T01:25:48+02:00
1479823465828075749,Ramersdorf-Perlach,Entire home/apt,113.0,7,1,0.11,16,Low,True,2026-06-29,2026-09-11T01:25:48+02:00
1479840046035408678,Schwanthalerhöhe,Entire home/apt,111.0,1,0,0.0,7,Low,False,2026-06-29,2026-09-11T01:25:48+02:00
1479909076465078927,Ludwigsvorstadt-Isarvorstadt,Private room,140.0,1,4,0.43,252,High,True,2026-06-29,2026-09-11T01:25:48+02:00
1480329049131195672,Schwabing-Freimann,Entire home/apt,323.0,1,4,0.43,240,High,True,2026-06-29,2026-09-11T01:25:48+02:00
1480653932857009302,Schwabing-Freimann,Entire home/apt,423.0,1,5,0.54,361,High,True,2026-06-29,2026-09-11T01:25:48+02:00
1480718283435734483,Sendling-Westpark,Private room,132.0,3,2,1.15,334,High,True,2026-06-29,2026-09-11T01:25:48+02:00
1480918131325038622,Bogenhausen,Entire home/apt,77.0,7,1,0.1,265,High,True,2026-06-29,2026-09-11T01:25:48+02:00
1481014139793993237,Neuhausen-Nymphenburg,Private room,39.0,30,1,0.13,333,High,True,2026-06-29,2026-09-11T01:25:48+02:00
1481046371034546339,Sendling-Westpark,Entire home/apt,562.0,1,22,2.15,12,Low,True,2026-06-29,2026-09-11T01:25:48+02:00
1481736414006813570,Altstadt-Lehel,Entire home/apt,410.0,1,3,1.64,186,High,True,2026-06-29,2026-09-11T01:25:48+02:00
1481817725045731485,Schwabing-West,Entire home/apt,119.0,1,18,1.9,217,High,True,2026-06-29,2026-09-11T01:25:48+02:00
1481945076287712255,Au-Haidhausen,Private room,54.0,3,5,0.53,36,Medium,True,2026-06-29,2026-09-11T01:25:48+02:00
1481955549924543981,Sendling,Entire home/apt,245.0,2,6,0.65,86,Medium,True,2026-06-29,2026-09-11T01:25:48+02:00
1482406937254144660,Ludwigsvorstadt-Isarvorstadt,Private room,142.0,1,14,1.43,356,High,True,2026-06-29,2026-09-11T01:25:48+02:00
1482463652901557569,Neuhausen-Nymphenburg,Entire home/apt,129.0,1,0,0.0,360,High,False,2026-06-29,2026-09-11T01:25:48+02:00
1482590042767961959,Au-Haidhausen,Entire home/apt,155.0,3,2,0.2,14,Low,True,2026-06-29,2026-09-11T01:25:48+02:00
1483215951121899316,Moosach,Entire home/apt,103.0,1,120,11.18,114,Medium,True,2026-06-29,2026-09-11T01:25:48+02:00
1483267240669464009,Milbertshofen-Am Hart,Private room,45.0,2,0,0.0,308,High,False,2026-06-29,2026-09-11T01:25:48+02:00
1483523270604028193,Schwabing-West,Entire home/apt,355.0,1,3,0.32,360,High,True,2026-06-29,2026-09-11T01:25:48+02:00
1484183003361523093,Sendling-Westpark,Entire home/apt,508.0,3,1,0.11,362,High,True,2026-06-29,2026-09-11T01:25:48+02:00
1484209463525602893,Moosach,Entire home/apt,137.0,1,14,1.46,107,Medium,True,2026-06-29,2026-09-11T01:25:48+02:00
1484604630579100499,Schwabing-West,Entire home/apt,600.0,5,2,0.22,23,Low,True,2026-06-29,2026-09-11T01:25:48+02:00
1484645560500916125,Moosach,Entire home/apt,136.0,2,1,0.16,210,High,True,2026-06-29,2026-09-11T01:25:48+02:00
1484712995682400261,Ramersdorf-Perlach,Entire home/apt,356.0,1,1,0.11,107,Medium,True,2026-06-29,2026-09-11T01:25:48+02:00
1484815729566314351,Thalkirchen-Obersendling-Forstenried-Fürstenried-Solln,Private room,128.0,1,5,0.53,74,Medium,True,2026-06-29,2026-09-11T01:25:48+02:00
1484972161223593183,Ludwigsvorstadt-Isarvorstadt,Entire home/apt,126.0,1,28,2.74,340,High,True,2026-06-29,2026-09-11T01:25:48+02:00
1485324676464414815,Pasing-Obermenzing,Entire home/apt,120.0,1,3,0.48,179,Medium,True,2026-06-29,2026-09-11T01:25:48+02:00
1485502936799406261,Sendling,Entire home/apt,263.0,1,28,3.59,329,High,True,2026-06-29,2026-09-11T01:25:48+02:00
1485594178387247866,Altstadt-Lehel,Entire home/apt,478.0,1,32,3.36,219,High,True,2026-06-29,2026-09-11T01:25:48+02:00
1485667478453973975,Berg am Laim,Entire home/apt,364.0,1,20,1.96,246,High,True,2026-06-29,2026-09-11T01:25:48+02:00
1486024314498857189,Pasing-Obermenzing,Entire home/apt,350.0,2,0,0.0,352,High,False,2026-06-29,2026-09-11T01:25:48+02:00
1486066266453590550,Neuhausen-Nymphenburg,Entire home/apt,256.0,4,3,0.33,179,Medium,True,2026-06-29,2026-09-11T01:25:48+02:00
1486073683067875904,Ramersdorf-Perlach,Entire home/apt,356.0,1,1,0.17,109,Medium,True,2026-06-29,2026-09-11T01:25:48+02:00
1486120687952407501,Moosach,Entire home/apt,95.0,2,28,2.78,279,High,True,2026-06-29,2026-09-11T01:25:48+02:00
1486217771224442259,Au-Haidhausen,Entire home/apt,207.0,1,11,1.17,65,Medium,True,2026-06-29,2026-09-11T01:25:48+02:00
1486224079764921075,Aubing-Lochhausen-Langwied,Entire home/apt,598.0,2,4,0.45,346,High,True,2026-06-29,2026-09-11T01:25:48+02:00
1486233201883002437,Aubing-Lochhausen-Langwied,Entire home/apt,213.0,2,1,0.54,339,High,True,2026-06-29,2026-09-11T01:25:48+02:00
1486286953090814903,Ramersdorf-Perlach,Entire home/apt,415.0,2,0,0.0,362,High,False,2026-06-29,2026-09-11T01:25:48+02:00
1486376724978275782,Bogenhausen,Entire home/apt,550.0,2,22,2.65,31,Medium,True,2026-06-29,2026-09-11T01:25:48+02:00
1486418089066723350,Maxvorstadt,Entire home/apt,150.0,1,1,0.11,7,Low,True,2026-06-29,2026-09-11T01:25:48+02:00
1486868867075034241,Au-Haidhausen,Entire home/apt,558.0,1,9,0.97,310,High,True,2026-06-29,2026-09-11T01:25:48+02:00
1486898353103057489,Maxvorstadt,Entire home/apt,203.0,1,0,0.0,342,High,False,2026-06-29,2026-09-11T01:25:48+02:00
1487516089499644384,Obergiesing,Entire home/apt,496.0,1,6,0.65,335,High,True,2026-06-29,2026-09-11T01:25:48+02:00
1488626753097791749,Obergiesing,Entire home/apt,115.0,1,10,1.08,177,Medium,True,2026-06-29,2026-09-11T01:25:48+02:00
1489073106842294971,Ludwigsvorstadt-Isarvorstadt,Entire home/apt,408.0,1,6,0.58,28,Low,True,2026-06-29,2026-09-11T01:25:48+02:00
1489246520971813971,Altstadt-Lehel,Private room,142.0,5,0,0.0,227,High,False,2026-06-29,2026-09-11T01:25:48+02:00
1489749978042306345,Schwabing-West,Entire home/apt,600.0,1,10,1.08,7,Low,True,2026-06-29,2026-09-11T01:25:48+02:00
1489841557007089472,Schwabing-Freimann,Entire home/apt,177.0,1,3,0.34,61,Medium,True,2026-06-29,2026-09-11T01:25:48+02:00
1489893024739646492,Sendling,Private room,66.0,2,23,2.49,93,Medium,True,2026-06-29,2026-09-11T01:25:48+02:00
1489963154452800698,Berg am Laim,Entire home/apt,496.0,1,27,2.65,207,High,True,2026-06-29,2026-09-11T01:25:48+02:00
1490151457154149672,Berg am Laim,Entire home/apt,397.0,1,22,2.32,254,High,True,2026-06-29,2026-09-11T01:25:48+02:00
1490383733087519784,Ramersdorf-Perlach,Entire home/apt,106.0,3,2,0.22,339,High,True,2026-06-29,2026-09-11T01:25:48+02:00
1490498414288590492,Berg am Laim,Entire home/apt,782.0,1,18,1.99,188,High,True,2026-06-29,2026-09-11T01:25:48+02:00
1490642233431654494,Maxvorstadt,Private room,142.0,2,2,0.23,85,Medium,True,2026-06-29,2026-09-11T01:25:48+02:00
1491416705605309634,Ludwigsvorstadt-Isarvorstadt,Entire home/apt,367.0,1,9,0.96,16,Low,True,2026-06-29,2026-09-11T01:25:48+02:00
1491423428568489985,Schwabing-Freimann,Entire home/apt,156.0,3,12,1.36,343,High,True,2026-06-29,2026-09-11T01:25:48+02:00
1491459192956015261,Laim,Private room,179.0,1,3,0.32,86,Medium,True,2026-06-29,2026-09-11T01:25:48+02:00
1491532331689843540,Maxvorstadt,Entire home/apt,152.0,3,13,1.42,313,High,True,2026-06-29,2026-09-11T01:25:48+02:00
1491538719015345175,Ludwigsvorstadt-Isarvorstadt,Entire home/apt,950.0,1,12,1.24,146,Medium,True,2026-06-29,2026-09-11T01:25:48+02:00
1491875195596354447,Altstadt-Lehel,Entire home/apt,400.0,2,1,0.11,63,Medium,True,2026-06-29,2026-09-11T01:25:48+02:00
1491918258737463686,Untergiesing-Harlaching,Private room,16.0,24,0,0.0,264,High,False,2026-06-29,2026-09-11T01:25:48+02:00
1491938129375843124,Ludwigsvorstadt-Isarvorstadt,Entire home/apt,96.0,21,0,0.0,362,High,False,2026-06-29,2026-09-11T01:25:48+02:00
1491962595018222356,Berg am Laim,Private room,90.0,2,0,0.0,278,High,False,2026-06-29,2026-09-11T01:25:48+02:00
1491983574023183319,Berg am Laim,Entire home/apt,63.0,2,2,0.22,29,Low,True,2026-06-29,2026-09-11T01:25:48+02:00
1492035481084196704,Ramersdorf-Perlach,Entire home/apt,128.0,1,26,2.66,233,High,True,2026-06-29,2026-09-11T01:25:48+02:00
1492047809695716701,Ludwigsvorstadt-Isarvorstadt,Private room,90.0,1,1,0.1,240,High,True,2026-06-29,2026-09-11T01:25:48+02:00
1492053547455034199,Ludwigsvorstadt-Isarvorstadt,Entire home/apt,270.0,2,29,3.11,231,High,True,2026-06-29,2026-09-11T01:25:48+02:00
1492056114723839325,Sendling,Entire home/apt,322.0,1,4,0.44,292,High,True,2026-06-29,2026-09-11T01:25:48+02:00
1492126749005299040,Ludwigsvorstadt-Isarvorstadt,Entire home/apt,372.0,2,2,0.22,286,High,True,2026-06-29,2026-09-11T01:25:48+02:00
1492168527784327810,Altstadt-Lehel,Entire home/apt,517.0,1,44,4.62,233,High,True,2026-06-29,2026-09-11T01:25:48+02:00
1492171845072914732,Tudering-Riem,Private room,46.0,1,129,13.03,291,High,True,2026-06-29,2026-09-11T01:25:48+02:00
1492208672432766195,Ludwigsvorstadt-Isarvorstadt,Entire home/apt,385.0,2,29,3.21,230,High,True,2026-06-29,2026-09-11T01:25:48+02:00
1492217331862972066,Ludwigsvorstadt-Isarvorstadt,Entire home/apt,335.0,2,29,3.13,260,High,True,2026-06-29,2026-09-11T01:25:48+02:00
1492219768764965521,Ludwigsvorstadt-Isarvorstadt,Entire home/apt,506.0,2,43,4.61,185,High,True,2026-06-29,2026-09-11T01:25:48+02:00
1492221995340850486,Ludwigsvorstadt-Isarvorstadt,Entire home/apt,349.0,2,25,2.67,263,High,True,2026-06-29,2026-09-11T01:25:48+02:00
1492247406182120776,Thalkirchen-Obersendling-Forstenried-Fürstenried-Solln,Entire home/apt,122.0,1,14,1.49,323,High,True,2026-06-29,2026-09-11T01:25:48+02:00
1492614672661930151,Allach-Untermenzing,Private room,73.0,4,9,0.95,243,High,True,2026-06-29,2026-09-11T01:25:48+02:00
1492746599646048109,Ludwigsvorstadt-Isarvorstadt,Entire home/apt,121.0,1,65,6.79,330,High,True,2026-06-29,2026-09-11T01:25:48+02:00
1492764479056063234,Untergiesing-Harlaching,Entire home/apt,177.0,2,5,0.55,152,Medium,True,2026-06-29,2026-09-11T01:25:48+02:00
1492823252799650668,Ludwigsvorstadt-Isarvorstadt,Entire home/apt,100.0,1,19,1.99,324,High,True,2026-06-29,2026-09-11T01:25:48+02:00
1492826245656521401,Ludwigsvorstadt-Isarvorstadt,Entire home/apt,101.0,1,22,2.31,330,High,True,2026-06-29,2026-09-11T01:25:48+02:00
1492829106915440842,Ludwigsvorstadt-Isarvorstadt,Entire home/apt,116.0,1,48,4.93,328,High,True,2026-06-29,2026-09-11T01:25:48+02:00
1492916258154986609,Ludwigsvorstadt-Isarvorstadt,Entire home/apt,174.0,1,3,0.32,324,High,True,2026-06-29,2026-09-11T01:25:48+02:00
1492917937823185522,Au-Haidhausen,Entire home/apt,120.0,2,14,1.46,53,Medium,True,2026-06-29,2026-09-11T01:25:48+02:00
1492928295664324683,Ludwigsvorstadt-Isarvorstadt,Entire home/apt,288.0,1,3,0.34,316,High,True,2026-06-29,2026-09-11T01:25:48+02:00
1493192086898978987,Laim,Private room,200.0,1,4,0.41,193,High,True,2026-06-29,2026-09-11T01:25:48+02:00
1493378844828793762,Sendling,Entire home/apt,618.0,1,6,0.72,208,High,True,2026-06-29,2026-09-11T01:25:48+02:00
1493406722512429221,Altstadt-Lehel,Entire home/apt,402.0,2,12,1.29,288,High,True,2026-06-29,2026-09-11T01:25:48+02:00
1493435091076577915,Sendling-Westpark,Entire home/apt,330.0,1,3,0.32,92,Medium,True,2026-06-29,2026-09-11T01:25:48+02:00
1493529163903282177,Neuhausen-Nymphenburg,Entire home/apt,62.0,7,0,0.0,317,High,False,2026-06-29,2026-09-11T01:25:48+02:00
1493555226105727758,Thalkirchen-Obersendling-Forstenried-Fürstenried-Solln,Entire home/apt,180.0,2,1,0.11,141,Medium,True,2026-06-29,2026-09-11T01:25:48+02:00
1493600412220834499,Ludwigsvorstadt-Isarvorstadt,Entire home/apt,199.0,1,30,5.08,199,High,True,2026-06-29,2026-09-11T01:25:48+02:00
1493641705977976000,Schwanthalerhöhe,Entire home/apt,105.0,1,10,1.13,247,High,True,2026-06-29,2026-09-11T01:25:48+02:00
1493662854064285397,Tudering-Riem,Entire home/apt,276.0,1,20,2.0,346,High,True,2026-06-29,2026-09-11T01:25:48+02:00
1493690986790664920,Sendling-Westpark,Shared room,90.0,1,3,0.32,87,Medium,True,2026-06-29,2026-09-11T01:25:48+02:00
1494008291401176922,Altstadt-Lehel,Entire home/apt,140.0,2,6,0.58,222,High,True,2026-06-29,2026-09-11T01:25:48+02:00
1494234931225356451,Laim,Entire home/apt,621.0,2,4,0.43,362,High,True,2026-06-29,2026-09-11T01:25:48+02:00
1494436458849629806,Ludwigsvorstadt-Isarvorstadt,Entire home/apt,283.0,1,1,0.13,81,Medium,True,2026-06-29,2026-09-11T01:25:48+02:00
1494777488944055146,Bogenhausen,Entire home/apt,96.0,3,3,0.32,345,High,True,2026-06-29,2026-09-11T01:25:48+02:00
1494803433792736369,Laim,Private room,58.0,2,11,4.58,78,Medium,True,2026-06-29,2026-09-11T01:25:48+02:00
1494892927859447093,Bogenhausen,Private room,120.0,1,0,0.0,351,High,False,2026-06-29,2026-09-11T01:25:48+02:00
1494934671223829423,Allach-Untermenzing,Entire home/apt,358.0,1,15,1.77,179,Medium,True,2026-06-29,2026-09-11T01:25:48+02:00
1494973872434959964,Ludwigsvorstadt-Isarvorstadt,Private room,900.0,1,9,0.94,145,Medium,True,2026-06-29,2026-09-11T01:25:48+02:00
1495606574796209264,Thalkirchen-Obersendling-Forstenried-Fürstenried-Solln,Entire home/apt,656.0,6,0,0.0,14,Low,False,2026-06-29,2026-09-11T01:25:48+02:00
1495862335042440880,Bogenhausen,Private room,140.0,1,1,0.11,357,High,True,2026-06-29,2026-09-11T01:25:48+02:00
1496307290812400436,Schwanthalerhöhe,Entire home/apt,199.0,15,0,0.0,90,Medium,False,2026-06-29,2026-09-11T01:25:48+02:00
1496466288627634791,Ludwigsvorstadt-Isarvorstadt,Private room,52.0,10,0,0.0,333,High,False,2026-06-29,2026-09-11T01:25:48+02:00
1496496033112644669,Ludwigsvorstadt-Isarvorstadt,Private room,99.0,4,0,0.0,20,Low,False,2026-06-29,2026-09-11T01:25:48+02:00
1496618468529003605,Thalkirchen-Obersendling-Forstenried-Fürstenried-Solln,Entire home/apt,391.0,1,47,5.0,70,Medium,True,2026-06-29,2026-09-11T01:25:48+02:00
1496967519827498327,Neuhausen-Nymphenburg,Private room,101.0,1,22,2.35,16,Low,True,2026-06-29,2026-09-11T01:25:48+02:00
1497053586189950896,Altstadt-Lehel,Entire home/apt,150.0,3,17,1.75,169,Medium,True,2026-06-29,2026-09-11T01:25:48+02:00
1497096177891714012,Schwabing-Freimann,Entire home/apt,277.0,1,2,0.32,8,Low,True,2026-06-29,2026-09-11T01:25:48+02:00
1497117667484707966,Thalkirchen-Obersendling-Forstenried-Fürstenried-Solln,Private room,80.0,1,0,0.0,93,Medium,False,2026-06-29,2026-09-11T01:25:48+02:00
1497146699410565271,Maxvorstadt,Entire home/apt,142.0,2,8,0.85,135,Medium,True,2026-06-29,2026-09-11T01:25:48+02:00
1497195868758477665,Au-Haidhausen,Entire home/apt,158.0,1,4,0.42,285,High,True,2026-06-29,2026-09-11T01:25:48+02:00
1497213468202835964,Schwanthalerhöhe,Entire home/apt,400.0,1,1,0.11,364,High,True,2026-06-29,2026-09-11T01:25:48+02:00
1497788735824560522,Maxvorstadt,Entire home/apt,876.0,2,25,2.64,8,Low,True,2026-06-29,2026-09-11T01:25:48+02:00
1497879535591146354,Milbertshofen-Am Hart,Entire home/apt,138.0,2,10,1.08,324,High,True,2026-06-29,2026-09-11T01:25:48+02:00
1497976175651667162,Laim,Entire home/apt,214.0,1,0,0.0,29,Low,False,2026-06-29,2026-09-11T01:25:48+02:00
1499080538056280028,Pasing-Obermenzing,Entire home/apt,112.0,1,33,3.67,45,Medium,True,2026-06-29,2026-09-11T01:25:48+02:00
1499171461041736432,Obergiesing,Entire home/apt,624.0,2,3,0.32,15,Low,True,2026-06-29,2026-09-11T01:25:48+02:00
1499217585423880982,Bogenhausen,Entire home/apt,430.0,1,1,0.11,356,High,True,2026-06-29,2026-09-11T01:25:48+02:00
1499233040108699590,Tudering-Riem,Entire home/apt,121.0,2,13,1.37,106,Medium,True,2026-06-29,2026-09-11T01:25:48+02:00
1499331588469600811,Pasing-Obermenzing,Entire home/apt,93.0,2,16,1.64,288,High,True,2026-06-29,2026-09-11T01:25:48+02:00
1499634035770620129,Pasing-Obermenzing,Entire home/apt,140.0,1,27,2.83,192,High,True,2026-06-29,2026-09-11T01:25:48+02:00
1499760293210268329,Maxvorstadt,Entire home/apt,750.0,1,6,0.62,12,Low,True,2026-06-29,2026-09-11T01:25:48+02:00
1499780025792818260,Altstadt-Lehel,Entire home/apt,224.0,1,18,1.87,47,Medium,True,2026-06-29,2026-09-11T01:25:48+02:00
1499886794083044306,Ludwigsvorstadt-Isarvorstadt,Entire home/apt,220.0,3,10,1.07,9,Low,True,2026-06-29,2026-09-11T01:25:48+02:00
1499911326624859806,Sendling,Entire home/apt,503.0,2,0,0.0,358,High,False,2026-06-29,2026-09-11T01:25:48+02:00
1499957759415007477,Sendling-Westpark,Private room,249.0,1,3,0.32,362,High,True,2026-06-29,2026-09-11T01:25:48+02:00
1500031561158553528,Untergiesing-Harlaching,Entire home/apt,223.0,1,14,1.53,322,High,True,2026-06-29,2026-09-11T01:25:48+02:00
1500072086315705647,Moosach,Entire home/apt,561.0,2,12,1.25,84,Medium,True,2026-06-29,2026-09-11T01:25:48+02:00
1500093467544243121,Ramersdorf-Perlach,Entire home/apt,213.0,2,9,1.03,19,Low,True,2026-06-29,2026-09-11T01:25:48+02:00
1500106295577481642,Schwabing-West,Entire home/apt,489.0,1,10,1.02,264,High,True,2026-06-29,2026-09-11T01:25:48+02:00
1500109428678332208,Au-Haidhausen,Entire home/apt,213.0,2,2,0.21,156,Medium,True,2026-06-29,2026-09-11T01:25:48+02:00
1500686090731452679,Maxvorstadt,Entire home/apt,162.0,2,2,0.22,348,High,True,2026-06-29,2026-09-11T01:25:48+02:00
1500759960089129337,Au-Haidhausen,Entire home/apt,250.0,1,4,0.43,356,High,True,2026-06-29,2026-09-11T01:25:48+02:00
1500859470302173653,Pasing-Obermenzing,Entire home/apt,78.0,1,0,0.0,361,High,False,2026-06-29,2026-09-11T01:25:48+02:00
1500888210194484075,Maxvorstadt,Private room,100.0,3,6,0.76,83,Medium,True,2026-06-29,2026-09-11T01:25:48+02:00
1501261678593548273,Ramersdorf-Perlach,Entire home/apt,290.0,4,1,0.11,67,Medium,True,2026-06-29,2026-09-11T01:25:48+02:00
1501331255176090678,Tudering-Riem,Private room,68.0,1,0,0.0,360,High,False,2026-06-29,2026-09-11T01:25:48+02:00
1501336322165580112,Moosach,Entire home/apt,159.0,4,0,0.0,75,Medium,False,2026-06-29,2026-09-11T01:25:48+02:00
1501349901262271056,Ludwigsvorstadt-Isarvorstadt,Entire home/apt,200.0,1,0,0.0,246,High,False,2026-06-29,2026-09-11T01:25:48+02:00
1501359534299042302,Ludwigsvorstadt-Isarvorstadt,Entire home/apt,239.0,3,1,0.11,302,High,True,2026-06-29,2026-09-11T01:25:48+02:00
1501362705370009074,Bogenhausen,Entire home/apt,158.0,2,9,0.94,31,Medium,True,2026-06-29,2026-09-11T01:25:48+02:00
1501419862379303822,Allach-Untermenzing,Entire home/apt,378.0,1,6,0.64,13,Low,True,2026-06-29,2026-09-11T01:25:48+02:00
1501439793101131725,Schwabing-Freimann,Private room,217.0,1,2,0.22,362,High,True,2026-06-29,2026-09-11T01:25:48+02:00
1501456142178922312,Altstadt-Lehel,Entire home/apt,725.0,2,14,1.53,16,Low,True,2026-06-29,2026-09-11T01:25:48+02:00
1501500569830117388,Bogenhausen,Entire home/apt,201.0,1,4,0.43,353,High,True,2026-06-29,2026-09-11T01:25:48+02:00
1501512930991022822,Feldmoching-Hasenbergl,Private room,123.0,1,4,0.43,34,Medium,True,2026-06-29,2026-09-11T01:25:48+02:00
1501538149124244649,Sendling-Westpark,Private room,100.0,1,0,0.0,351,High,False,2026-06-29,2026-09-11T01:25:48+02:00
1501553972301522459,Altstadt-Lehel,Private room,120.0,2,4,0.43,185,High,True,2026-06-29,2026-09-11T01:25:48+02:00
1501560865701375381,Au-Haidhausen,Entire home/apt,98.0,3,16,2.18,23,Low,True,2026-06-29,2026-09-11T01:25:48+02:00
1501570847500534568,Untergiesing-Harlaching,Entire home/apt,206.0,4,1,0.11,346,High,True,2026-06-29,2026-09-11T01:25:48+02:00
1501579585014443421,Ramersdorf-Perlach,Private room,74.0,1,16,1.64,63,Medium,True,2026-06-29,2026-09-11T01:25:48+02:00
1501885328126927301,Milbertshofen-Am Hart,Private room,62.0,2,6,0.62,361,High,True,2026-06-29,2026-09-11T01:25:48+02:00
1501977315994898885,Schwabing-West,Entire home/apt,280.0,2,0,0.0,351,High,False,2026-06-29,2026-09-11T01:25:48+02:00
1502014512922954288,Ludwigsvorstadt-Isarvorstadt,Private room,113.0,2,44,4.46,169,Medium,True,2026-06-29,2026-09-11T01:25:48+02:00
1502038326699708898,Maxvorstadt,Entire home/apt,327.0,2,1,0.11,24,Low,True,2026-06-29,2026-09-11T01:25:48+02:00
1502047564373939879,Pasing-Obermenzing,Entire home/apt,100.0,7,1,0.11,22,Low,True,2026-06-29,2026-09-11T01:25:48+02:00
1502264706991307318,Ludwigsvorstadt-Isarvorstadt,Entire home/apt,370.0,1,4,0.41,15,Low,True,2026-06-29,2026-09-11T01:25:48+02:00
1502703560320848763,Bogenhausen,Private room,247.0,1,0,0.0,42,Medium,False,2026-06-29,2026-09-11T01:25:48+02:00
1502771483270112083,Neuhausen-Nymphenburg,Private room,74.0,1,118,19.03,295,High,True,2026-06-29,2026-09-11T01:25:48+02:00
1502771619050736832,Ludwigsvorstadt-Isarvorstadt,Private room,128.0,1,264,36.0,351,High,True,2026-06-29,2026-09-11T01:25:48+02:00
1502771743551402803,Laim,Private room,84.0,1,172,19.33,311,High,True,2026-06-29,2026-09-11T01:25:48+02:00
1502798904830631033,Obergiesing,Entire home/apt,213.0,5,3,0.34,105,Medium,True,2026-06-29,2026-09-11T01:25:48+02:00
1502805905430084893,Hadern,Private room,115.0,1,0,0.0,365,High,False,2026-06-29,2026-09-11T01:25:48+02:00
1502860753457336911,Maxvorstadt,Private room,200.0,1,2,0.22,212,High,True,2026-06-29,2026-09-11T01:25:48+02:00
1502978621430386745,Schwabing-Freimann,Entire home/apt,700.0,3,0,0.0,282,High,False,2026-06-29,2026-09-11T01:25:48+02:00
1503024963806093527,Ludwigsvorstadt-Isarvorstadt,Entire home/apt,294.0,1,14,1.49,141,Medium,True,2026-06-29,2026-09-11T01:25:48+02:00
1503091292492703137,Moosach,Private room,298.0,2,0,0.0,13,Low,False,2026-06-29,2026-09-11T01:25:48+02:00
1503183596691898571,Ramersdorf-Perlach,Entire home/apt,175.0,1,3,0.32,346,High,True,2026-06-29,2026-09-11T01:25:48+02:00
1503604812177493955,Untergiesing-Harlaching,Entire home/apt,139.0,2,2,0.22,363,High,True,2026-06-29,2026-09-11T01:25:48+02:00
1503612773018057380,Ramersdorf-Perlach,Entire home/apt,210.0,1,2,0.22,194,High,True,2026-06-29,2026-09-11T01:25:48+02:00
1503697947748609042,Sendling-Westpark,Private room,111.0,2,1,0.11,4,Low,True,2026-06-29,2026-09-11T01:25:48+02:00
1503701209700796050,Ludwigsvorstadt-Isarvorstadt,Entire home/apt,219.0,4,4,0.44,40,Medium,True,2026-06-29,2026-09-11T01:25:48+02:00
1504201656501652369,Maxvorstadt,Entire home/apt,83.0,1,17,2.49,229,High,True,2026-06-29,2026-09-11T01:25:48+02:00
1504240648058453592,Schwabing-West,Entire home/apt,243.0,2,7,1.13,312,High,True,2026-06-29,2026-09-11T01:25:48+02:00
1504270313045731051,Maxvorstadt,Entire home/apt,200.0,3,3,0.32,179,Medium,True,2026-06-29,2026-09-11T01:25:48+02:00
1504270637955076632,Allach-Untermenzing,Entire home/apt,329.0,2,11,1.17,194,High,True,2026-06-29,2026-09-11T01:25:48+02:00
1504296151704326762,Schwabing-Freimann,Private room,293.0,1,0,0.0,33,Medium,False,2026-06-29,2026-09-11T01:25:48+02:00
1504493313248144999,Schwanthalerhöhe,Private room,87.0,1,0,0.0,336,High,False,2026-06-29,2026-09-11T01:25:48+02:00
1504936057033192726,Ludwigsvorstadt-Isarvorstadt,Entire home/apt,150.0,2,0,0.0,86,Medium,False,2026-06-29,2026-09-11T01:25:48+02:00
1504968403597637645,Ludwigsvorstadt-Isarvorstadt,Entire home/apt,444.0,2,3,0.36,344,High,True,2026-06-29,2026-09-11T01:25:48+02:00
1505640458231731903,Ludwigsvorstadt-Isarvorstadt,Private room,350.0,2,2,0.22,149,Medium,True,2026-06-29,2026-09-11T01:25:48+02:00
1505669631795111794,Aubing-Lochhausen-Langwied,Private room,144.0,1,0,0.0,365,High,False,2026-06-29,2026-09-11T01:25:48+02:00
1505686434392828219,Bogenhausen,Private room,54.0,1,36,3.78,345,High,True,2026-06-29,2026-09-11T01:25:48+02:00
1505785230852954571,Neuhausen-Nymphenburg,Entire home/apt,118.0,1,170,18.89,358,High,True,2026-06-29,2026-09-11T01:25:48+02:00
1505825914274660937,Thalkirchen-Obersendling-Forstenried-Fürstenried-Solln,Entire home/apt,275.0,2,11,1.32,328,High,True,2026-06-29,2026-09-11T01:25:48+02:00
1505830227149181897,Schwabing-West,Entire home/apt,145.0,2,13,1.4,102,Medium,True,2026-06-29,2026-09-11T01:25:48+02:00
1506341136904824485,Au-Haidhausen,Private room,59.0,1,16,1.76,30,Low,True,2026-06-29,2026-09-11T01:25:48+02:00
1506530364990994225,Sendling-Westpark,Entire home/apt,236.0,1,5,0.71,17,Low,True,2026-06-29,2026-09-11T01:25:48+02:00
1506562236039449898,Neuhausen-Nymphenburg,Entire home/apt,130.0,5,0,0.0,56,Medium,False,2026-06-29,2026-09-11T01:25:48+02:00
1506617683520206457,Ludwigsvorstadt-Isarvorstadt,Entire home/apt,100.0,3,2,1.58,269,High,True,2026-06-29,2026-09-11T01:25:48+02:00
1506623660130445608,Au-Haidhausen,Entire home/apt,697.0,1,17,1.79,191,High,True,2026-06-29,2026-09-11T01:25:48+02:00
1506685946964151897,Ludwigsvorstadt-Isarvorstadt,Private room,125.0,1,4,0.44,352,High,True,2026-06-29,2026-09-11T01:25:48+02:00
1506702662498421093,Sendling,Private room,94.0,2,13,1.39,290,High,True,2026-06-29,2026-09-11T01:25:48+02:00
1506901138364295670,Sendling,Private room,101.0,1,73,7.88,13,Low,True,2026-06-29,2026-09-11T01:25:48+02:00
1507041578651541074,Milbertshofen-Am Hart,Entire home/apt,257.0,1,0,0.0,87,Medium,False,2026-06-29,2026-09-11T01:25:48+02:00
1507047083024310657,Schwabing-West,Entire home/apt,136.0,2,12,1.28,152,Medium,True,2026-06-29,2026-09-11T01:25:48+02:00
1507128054761481856,Berg am Laim,Private room,126.0,1,4,1.05,322,High,True,2026-06-29,2026-09-11T01:25:48+02:00
1507137106906121816,Ramersdorf-Perlach,Private room,59.0,1,0,0.0,244,High,False,2026-06-29,2026-09-11T01:25:48+02:00
1507137534166028907,Neuhausen-Nymphenburg,Entire home/apt,173.0,2,0,0.0,292,High,False,2026-06-29,2026-09-11T01:25:48+02:00
1507185577689113483,Thalkirchen-Obersendling-Forstenried-Fürstenried-Solln,Entire home/apt,241.0,1,3,0.33,331,High,True,2026-06-29,2026-09-11T01:25:48+02:00
1507213549338343699,Untergiesing-Harlaching,Private room,69.0,1,5,0.55,11,Low,True,2026-06-29,2026-09-11T01:25:48+02:00
1507245055896727726,Neuhausen-Nymphenburg,Private room,250.0,2,4,0.42,20,Low,True,2026-06-29,2026-09-11T01:25:48+02:00
1507379627749357623,Schwabing-Freimann,Entire home/apt,266.0,4,0,0.0,87,Medium,False,2026-06-29,2026-09-11T01:25:48+02:00
1507403725719803739,Obergiesing,Entire home/apt,177.0,4,1,0.27,90,Medium,True,2026-06-29,2026-09-11T01:25:48+02:00
1507811947499356605,Neuhausen-Nymphenburg,Entire home/apt,150.0,1,108,12.37,351,High,True,2026-06-29,2026-09-11T01:25:48+02:00
1507830788804354428,Au-Haidhausen,Entire home/apt,83.0,30,0,0.0,365,High,False,2026-06-29,2026-09-11T01:25:48+02:00
1507993654432586455,Schwanthalerhöhe,Entire home/apt,236.0,1,0,0.0,241,High,False,2026-06-29,2026-09-11T01:25:48+02:00
1508005262773773909,Maxvorstadt,Private room,318.0,1,14,1.69,276,High,True,2026-06-29,2026-09-11T01:25:48+02:00
1508015064866823031,Laim,Entire home/apt,200.0,1,38,4.15,286,High,True,2026-06-29,2026-09-11T01:25:48+02:00
1508093321435836955,Altstadt-Lehel,Private room,380.0,2,3,0.32,101,Medium,True,2026-06-29,2026-09-11T01:25:48+02:00
1508119423115381787,Schwabing-West,Private room,140.0,1,0,0.0,86,Medium,False,2026-06-29,2026-09-11T01:25:48+02:00
1508419870703175382,Moosach,Entire home/apt,121.0,2,3,0.32,250,High,True,2026-06-29,2026-09-11T01:25:48+02:00
1508566428459894545,Ludwigsvorstadt-Isarvorstadt,Private room,206.0,1,3,0.32,364,High,True,2026-06-29,2026-09-11T01:25:48+02:00
1508728557765804116,Schwanthalerhöhe,Entire home/apt,609.0,1,2,0.21,58,Medium,True,2026-06-29,2026-09-11T01:25:48+02:00
1508759583696076033,Altstadt-Lehel,Entire home/apt,558.0,2,16,2.09,352,High,True,2026-06-29,2026-09-11T01:25:48+02:00
1508792972582662034,Hadern,Entire home/apt,195.0,1,17,1.81,126,Medium,True,2026-06-29,2026-09-11T01:25:48+02:00
1508992783769063118,Allach-Untermenzing,Private room,50.0,1,3,0.33,298,High,True,2026-06-29,2026-09-11T01:25:48+02:00
1509334997086557320,Neuhausen-Nymphenburg,Entire home/apt,175.0,2,0,0.0,353,High,False,2026-06-29,2026-09-11T01:25:48+02:00
1509378442573314491,Schwabing-West,Entire home/apt,142.0,1,14,1.57,338,High,True,2026-06-29,2026-09-11T01:25:48+02:00
1509441019597177188,Schwanthalerhöhe,Entire home/apt,370.0,2,0,0.0,179,Medium,False,2026-06-29,2026-09-11T01:25:48+02:00
1509470869082500477,Feldmoching-Hasenbergl,Private room,145.0,1,12,1.31,42,Medium,True,2026-06-29,2026-09-11T01:25:48+02:00
1509926535980561693,Maxvorstadt,Entire home/apt,694.0,1,25,2.66,284,High,True,2026-06-29,2026-09-11T01:25:48+02:00
1510159428439719107,Sendling,Private room,116.0,1,4,0.43,83,Medium,True,2026-06-29,2026-09-11T01:25:48+02:00
1510190234793854821,Obergiesing,Private room,82.0,1,14,1.57,358,High,True,2026-06-29,2026-09-11T01:25:48+02:00
1510234980593057969,Schwabing-Freimann,Private room,114.0,1,18,1.96,342,High,True,2026-06-29,2026-09-11T01:25:48+02:00
1510280837871708336,Sendling,Entire home/apt,340.0,2,1,1.0,88,Medium,True,2026-06-29,2026-09-11T01:25:48+02:00
1510293442815659437,Ludwigsvorstadt-Isarvorstadt,Entire home/apt,276.0,1,19,3.39,259,High,True,2026-06-29,2026-09-11T01:25:48+02:00
1510871404015911717,Hadern,Private room,123.0,1,1,0.11,273,High,True,2026-06-29,2026-09-11T01:25:48+02:00
1510952439933426241,Schwanthalerhöhe,Entire home/apt,400.0,1,1,0.11,89,Medium,True,2026-06-29,2026-09-11T01:25:48+02:00
1510953189876124221,Sendling,Private room,138.0,1,3,0.33,25,Low,True,2026-06-29,2026-09-11T01:25:48+02:00
1511010051110427513,Sendling-Westpark,Private room,63.0,1,10,1.08,18,Low,True,2026-06-29,2026-09-11T01:25:48+02:00
1511317102610238389,Thalkirchen-Obersendling-Forstenried-Fürstenried-Solln,Entire home/apt,91.0,2,0,0.0,27,Low,False,2026-06-29,2026-09-11T01:25:48+02:00
1511375113302867660,Thalkirchen-Obersendling-Forstenried-Fürstenried-Solln,Entire home/apt,248.0,3,7,0.74,236,High,True,2026-06-29,2026-09-11T01:25:48+02:00
1511419095757391228,Feldmoching-Hasenbergl,Private room,150.0,1,0,0.0,364,High,False,2026-06-29,2026-09-11T01:25:48+02:00
1511424259085211971,Maxvorstadt,Private room,313.0,1,21,2.34,278,High,True,2026-06-29,2026-09-11T01:25:48+02:00
1511448645248842322,Tudering-Riem,Private room,75.0,2,5,0.54,357,High,True,2026-06-29,2026-09-11T01:25:48+02:00
1511494894156473954,Allach-Untermenzing,Private room,120.0,4,0,0.0,365,High,False,2026-06-29,2026-09-11T01:25:48+02:00
1511542247550478205,Aubing-Lochhausen-Langwied,Private room,80.0,1,12,1.26,298,High,True,2026-06-29,2026-09-11T01:25:48+02:00
1511622952763340822,Maxvorstadt,Entire home/apt,422.0,1,1,0.59,35,Medium,True,2026-06-29,2026-09-11T01:25:48+02:00
1511669879015297853,Schwabing-West,Entire home/apt,385.0,1,49,5.16,230,High,True,2026-06-29,2026-09-11T01:25:48+02:00
1511744915669350598,Thalkirchen-Obersendling-Forstenried-Fürstenried-Solln,Entire home/apt,102.0,2,1,0.11,56,Medium,True,2026-06-29,2026-09-11T01:25:48+02:00
1512095982086560904,Obergiesing,Entire home/apt,587.0,3,0,0.0,360,High,False,2026-06-29,2026-09-11T01:25:48+02:00
1512104273251477223,Moosach,Entire home/apt,237.0,1,2,0.22,343,High,True,2026-06-29,2026-09-11T01:25:48+02:00
1512131033235494878,Neuhausen-Nymphenburg,Entire home/apt,200.0,2,14,1.51,89,Medium,True,2026-06-29,2026-09-11T01:25:48+02:00
1512245029631577999,Maxvorstadt,Entire home/apt,378.0,1,36,3.88,338,High,True,2026-06-29,2026-09-11T01:25:48+02:00
1512309534705261259,Tudering-Riem,Entire home/apt,275.0,1,10,1.09,146,Medium,True,2026-06-29,2026-09-11T01:25:48+02:00
1512338221488101301,Milbertshofen-Am Hart,Private room,200.0,1,0,0.0,363,High,False,2026-06-29,2026-09-11T01:25:48+02:00
1512391871334832984,Obergiesing,Entire home/apt,1000.0,1,5,0.53,361,High,True,2026-06-29,2026-09-11T01:25:48+02:00
1512402224769347609,Moosach,Private room,195.0,2,0,0.0,18,Low,False,2026-06-29,2026-09-11T01:25:48+02:00
1512551570733971677,Ludwigsvorstadt-Isarvorstadt,Private room,100.0,1,18,1.91,62,Medium,True,2026-06-29,2026-09-11T01:25:48+02:00
1512815088089362136,Maxvorstadt,Private room,444.0,1,3,0.67,302,High,True,2026-06-29,2026-09-11T01:25:48+02:00
1512866326240832565,Untergiesing-Harlaching,Private room,110.0,1,0,0.0,361,High,False,2026-06-29,2026-09-11T01:25:48+02:00
1512876196904144314,Untergiesing-Harlaching,Private room,110.0,1,0,0.0,360,High,False,2026-06-29,2026-09-11T01:25:48+02:00
1512935687605343104,Obergiesing,Private room,179.0,1,0,0.0,365,High,False,2026-06-29,2026-09-11T01:25:48+02:00
1512963117153148474,Altstadt-Lehel,Entire home/apt,290.0,1,1,0.11,349,High,True,2026-06-29,2026-09-11T01:25:48+02:00
1512974923456180117,Moosach,Private room,195.0,2,0,0.0,18,Low,False,2026-06-29,2026-09-11T01:25:48+02:00
1513012898938427321,Berg am Laim,Private room,130.0,1,0,0.0,362,High,False,2026-06-29,2026-09-11T01:25:48+02:00
1513063435198823791,Schwabing-West,Shared room,95.0,1,5,0.56,9,Low,True,2026-06-29,2026-09-11T01:25:48+02:00
1513127016926188403,Laim,Entire home/apt,229.0,1,17,1.85,85,Medium,True,2026-06-29,2026-09-11T01:25:48+02:00
1513203818045978149,Berg am Laim,Private room,130.0,1,4,0.43,169,Medium,True,2026-06-29,2026-09-11T01:25:48+02:00
1513271552719679097,Obergiesing,Entire home/apt,249.0,1,2,0.22,352,High,True,2026-06-29,2026-09-11T01:25:48+02:00
1513608780453317727,Schwanthalerhöhe,Entire home/apt,500.0,2,0,0.0,16,Low,False,2026-06-29,2026-09-11T01:25:48+02:00
1513611721975067455,Schwabing-Freimann,Entire home/apt,256.0,1,34,3.78,273,High,True,2026-06-29,2026-09-11T01:25:48+02:00
1513617292082727602,Bogenhausen,Private room,58.0,14,15,1.61,171,Medium,True,2026-06-29,2026-09-11T01:25:48+02:00
1513783038674932789,Bogenhausen,Private room,159.0,1,11,1.42,292,High,True,2026-06-29,2026-09-11T01:25:48+02:00
1513785746671590228,Sendling,Private room,56.0,2,8,0.86,177,Medium,True,2026-06-29,2026-09-11T01:25:48+02:00
1513818292440368113,Feldmoching-Hasenbergl,Private room,74.0,2,8,0.87,2,Low,True,2026-06-29,2026-09-11T01:25:48+02:00
1513871070371608647,Schwanthalerhöhe,Private room,200.0,3,1,0.11,83,Medium,True,2026-06-29,2026-09-11T01:25:48+02:00
1513961880176781634,Tudering-Riem,Private room,52.0,1,16,1.71,346,High,True,2026-06-29,2026-09-11T01:25:48+02:00
1514172908633677475,Ludwigsvorstadt-Isarvorstadt,Private room,116.0,3,1,0.11,68,Medium,True,2026-06-29,2026-09-11T01:25:48+02:00
1514375123989555428,Neuhausen-Nymphenburg,Entire home/apt,276.0,7,3,0.33,163,Medium,True,2026-06-29,2026-09-11T01:25:48+02:00
1514497256739877411,Neuhausen-Nymphenburg,Entire home/apt,426.0,1,1,0.11,351,High,True,2026-06-29,2026-09-11T01:25:48+02:00
1514521288645524405,Milbertshofen-Am Hart,Entire home/apt,220.0,5,3,0.33,43,Medium,True,2026-06-29,2026-09-11T01:25:48+02:00
1514570771198365265,Ludwigsvorstadt-Isarvorstadt,Entire home/apt,335.0,10,6,0.65,270,High,True,2026-06-29,2026-09-11T01:25:48+02:00
1514706207077304472,Sendling,Entire home/apt,150.0,1,6,0.67,178,Medium,True,2026-06-29,2026-09-11T01:25:48+02:00
1514716939235349461,Tudering-Riem,Entire home/apt,155.0,7,1,0.11,365,High,True,2026-06-29,2026-09-11T01:25:48+02:00
1514953757569785802,Neuhausen-Nymphenburg,Entire home/apt,118.0,1,0,0.0,120,Medium,False,2026-06-29,2026-09-11T01:25:48+02:00
1514972932834127809,Schwabing-Freimann,Entire home/apt,355.0,3,3,1.23,61,Medium,True,2026-06-29,2026-09-11T01:25:48+02:00
1515113716481671064,Thalkirchen-Obersendling-Forstenried-Fürstenried-Solln,Entire home/apt,212.0,5,1,0.11,178,Medium,True,2026-06-29,2026-09-11T01:25:48+02:00
1515287051108979400,Tudering-Riem,Private room,128.0,1,1,0.11,359,High,True,2026-06-29,2026-09-11T01:25:48+02:00
1515332989123719723,Milbertshofen-Am Hart,Entire home/apt,70.0,1,6,0.64,181,High,True,2026-06-29,2026-09-11T01:25:48+02:00
1515388667350458136,Maxvorstadt,Entire home/apt,189.0,3,2,0.22,61,Medium,True,2026-06-29,2026-09-11T01:25:48+02:00
1515443402799273813,Bogenhausen,Private room,158.0,2,1,0.11,59,Medium,True,2026-06-29,2026-09-11T01:25:48+02:00
1515455828473973334,Hadern,Entire home/apt,183.0,1,2,0.22,162,Medium,True,2026-06-29,2026-09-11T01:25:48+02:00
1515679632339195515,Sendling-Westpark,Entire home/apt,142.0,1,2,0.82,70,Medium,True,2026-06-29,2026-09-11T01:25:48+02:00
1515792665677552626,Ramersdorf-Perlach,Private room,85.0,1,2,0.22,364,High,True,2026-06-29,2026-09-11T01:25:48+02:00
1515808105897324791,Obergiesing,Private room,300.0,1,1,0.13,241,High,True,2026-06-29,2026-09-11T01:25:48+02:00
1515882297394093040,Pasing-Obermenzing,Private room,180.0,1,2,0.22,101,Medium,True,2026-06-29,2026-09-11T01:25:48+02:00
1515974502412113750,Moosach,Private room,75.0,1,2,0.82,348,High,True,2026-06-29,2026-09-11T01:25:48+02:00
1516076819971387936,Obergiesing,Private room,92.0,1,4,0.44,242,High,True,2026-06-29,2026-09-11T01:25:48+02:00
1516161124001300673,Pasing-Obermenzing,Private room,131.0,1,2,0.22,355,High,True,2026-06-29,2026-09-11T01:25:48+02:00
1516170531224939177,Aubing-Lochhausen-Langwied,Entire home/apt,178.0,1,4,0.43,268,High,True,2026-06-29,2026-09-11T01:25:48+02:00
1516188728531610282,Thalkirchen-Obersendling-Forstenried-Fürstenried-Solln,Private room,81.0,1,17,5.15,139,Medium,True,2026-06-29,2026-09-11T01:25:48+02:00
1516189021891890476,Milbertshofen-Am Hart,Private room,121.0,1,16,2.53,145,Medium,True,2026-06-29,2026-09-11T01:25:48+02:00
1516415610486335724,Ramersdorf-Perlach,Private room,143.0,1,3,1.01,141,Medium,True,2026-06-29,2026-09-11T01:25:48+02:00
1516415888771817198,Thalkirchen-Obersendling-Forstenried-Fürstenried-Solln,Private room,94.0,1,17,3.98,146,Medium,True,2026-06-29,2026-09-11T01:25:48+02:00
1516534077177399990,Schwabing-West,Entire home/apt,90.0,1,9,1.01,260,High,True,2026-06-29,2026-09-11T01:25:48+02:00
1516586555063696341,Schwanthalerhöhe,Entire home/apt,550.0,1,1,0.11,179,Medium,True,2026-06-29,2026-09-11T01:25:48+02:00
1516810761081530010,Pasing-Obermenzing,Private room,57.0,7,2,0.66,38,Medium,True,2026-06-29,2026-09-11T01:25:48+02:00
1516830176422758996,Sendling-Westpark,Private room,86.0,1,1,0.11,354,High,True,2026-06-29,2026-09-11T01:25:48+02:00
1516843226420621835,Sendling-Westpark,Entire home/apt,185.0,1,6,0.66,350,High,True,2026-06-29,2026-09-11T01:25:48+02:00
1516961478890138786,Schwabing-West,Entire home/apt,194.0,1,11,1.34,204,High,True,2026-06-29,2026-09-11T01:25:48+02:00
1517266378873438673,Bogenhausen,Entire home/apt,154.0,10,0,0.0,278,High,False,2026-06-29,2026-09-11T01:25:48+02:00
1517392478917447919,Milbertshofen-Am Hart,Private room,99.0,1,1,0.11,171,Medium,True,2026-06-29,2026-09-11T01:25:48+02:00
1517413273889379923,Bogenhausen,Private room,53.0,1,37,4.08,35,Medium,True,2026-06-29,2026-09-11T01:25:48+02:00
1517493206027323883,Milbertshofen-Am Hart,Private room,82.0,1,8,1.08,46,Medium,True,2026-06-29,2026-09-11T01:25:48+02:00
1517585113552489064,Ludwigsvorstadt-Isarvorstadt,Entire home/apt,170.0,1,1,0.11,357,High,True,2026-06-29,2026-09-11T01:25:48+02:00
1518001697998895708,Schwabing-West,Private room,189.0,3,0,0.0,240,High,False,2026-06-29,2026-09-11T01:25:48+02:00
1518242443990757686,Ludwigsvorstadt-Isarvorstadt,Entire home/apt,74.0,1,4,0.43,56,Medium,True,2026-06-29,2026-09-11T01:25:48+02:00
1518628720953840696,Tudering-Riem,Entire home/apt,300.0,2,7,0.86,82,Medium,True,2026-06-29,2026-09-11T01:25:48+02:00
1519612147440068502,Maxvorstadt,Entire home/apt,520.0,1,0,0.0,202,High,False,2026-06-29,2026-09-11T01:25:48+02:00
1520320270361517230,Untergiesing-Harlaching,Private room,83.0,1,11,1.23,304,High,True,2026-06-29,2026-09-11T01:25:48+02:00
1520636017111956592,Ludwigsvorstadt-Isarvorstadt,Entire home/apt,265.0,1,4,0.65,179,Medium,True,2026-06-29,2026-09-11T01:25:48+02:00
1521050451087432945,Schwabing-Freimann,Private room,100.0,1,0,0.0,89,Medium,False,2026-06-29,2026-09-11T01:25:48+02:00
1522284463296127289,Laim,Entire home/apt,150.0,2,4,1.67,26,Low,True,2026-06-29,2026-09-11T01:25:48+02:00
1522630158301026159,Bogenhausen,Entire home/apt,222.0,1,0,0.0,211,High,False,2026-06-29,2026-09-11T01:25:48+02:00
1523031699803576346,Untergiesing-Harlaching,Private room,200.0,2,0,0.0,365,High,False,2026-06-29,2026-09-11T01:25:48+02:00
1523101708421193331,Au-Haidhausen,Entire home/apt,118.0,2,5,2.73,218,High,True,2026-06-29,2026-09-11T01:25:48+02:00
1523191274227661108,Thalkirchen-Obersendling-Forstenried-Fürstenried-Solln,Entire home/apt,70.0,1,10,1.13,54,Medium,True,2026-06-29,2026-09-11T01:25:48+02:00
1524030474265663119,Milbertshofen-Am Hart,Private room,100.0,2,10,1.15,31,Medium,True,2026-06-29,2026-09-11T01:25:48+02:00
1525350786896132986,Milbertshofen-Am Hart,Entire home/apt,152.0,1,23,2.72,140,Medium,True,2026-06-29,2026-09-11T01:25:48+02:00
1525514719834759389,Allach-Untermenzing,Private room,149.0,7,0,0.0,358,High,False,2026-06-29,2026-09-11T01:25:48+02:00
1526187855251578028,Schwabing-West,Entire home/apt,130.0,1,9,1.05,52,Medium,True,2026-06-29,2026-09-11T01:25:48+02:00
1526663646529163710,Schwabing-Freimann,Entire home/apt,300.0,3,0,0.0,19,Low,False,2026-06-29,2026-09-11T01:25:48+02:00
1526770534703390397,Ludwigsvorstadt-Isarvorstadt,Private room,109.0,1,12,1.41,86,Medium,True,2026-06-29,2026-09-11T01:25:48+02:00
1526804803062962694,Ludwigsvorstadt-Isarvorstadt,Private room,116.0,1,10,1.18,86,Medium,True,2026-06-29,2026-09-11T01:25:48+02:00
1527009949581302644,Tudering-Riem,Entire home/apt,68.0,1,84,13.4,352,High,True,2026-06-29,2026-09-11T01:25:48+02:00
1527014927088366452,Ludwigsvorstadt-Isarvorstadt,Entire home/apt,286.0,1,30,6.29,242,High,True,2026-06-29,2026-09-11T01:25:48+02:00
1527497110015300033,Sendling,Private room,119.0,1,0,0.0,53,Medium,False,2026-06-29,2026-09-11T01:25:48+02:00
1527518257566463010,Tudering-Riem,Entire home/apt,96.0,1,3,0.36,29,Low,True,2026-06-29,2026-09-11T01:25:48+02:00
1528079754793859937,Ramersdorf-Perlach,Entire home/apt,162.0,1,3,0.36,160,Medium,True,2026-06-29,2026-09-11T01:25:48+02:00
1529533401675438317,Ramersdorf-Perlach,Entire home/apt,124.0,3,3,0.49,22,Low,True,2026-06-29,2026-09-11T01:25:48+02:00
1529934792899405825,Neuhausen-Nymphenburg,Entire home/apt,131.0,2,37,4.37,20,Low,True,2026-06-29,2026-09-11T01:25:48+02:00
1531248140188061608,Thalkirchen-Obersendling-Forstenried-Fürstenried-Solln,Entire home/apt,320.0,1,1,0.12,105,Medium,True,2026-06-29,2026-09-11T01:25:48+02:00
1531311088363402755,Tudering-Riem,Entire home/apt,182.0,5,6,0.73,148,Medium,True,2026-06-29,2026-09-11T01:25:48+02:00
1531681052203858889,Schwabing-West,Private room,94.0,1,0,0.0,291,High,False,2026-06-29,2026-09-11T01:25:48+02:00
1531845315836636286,Laim,Entire home/apt,120.0,7,3,0.47,137,Medium,True,2026-06-29,2026-09-11T01:25:48+02:00
1532002178506222934,Schwabing-Freimann,Entire home/apt,81.0,1,0,0.0,49,Medium,False,2026-06-29,2026-09-11T01:25:48+02:00
1532533688644168119,Tudering-Riem,Private room,58.0,1,4,1.67,353,High,True,2026-06-29,2026-09-11T01:25:48+02:00
1533226496492139833,Au-Haidhausen,Entire home/apt,110.0,2,5,1.1,292,High,True,2026-06-29,2026-09-11T01:25:48+02:00
1533923621363442479,Allach-Untermenzing,Entire home/apt,252.0,1,29,3.48,19,Low,True,2026-06-29,2026-09-11T01:25:48+02:00
1535513031566780015,Sendling-Westpark,Private room,190.0,1,0,0.0,352,High,False,2026-06-29,2026-09-11T01:25:48+02:00
1535644248215285530,Ludwigsvorstadt-Isarvorstadt,Entire home/apt,325.0,1,61,9.15,214,High,True,2026-06-29,2026-09-11T01:25:48+02:00
1536281605405109683,Neuhausen-Nymphenburg,Entire home/apt,125.0,1,0,0.0,84,Medium,False,2026-06-29,2026-09-11T01:25:48+02:00
1536372947886954539,Altstadt-Lehel,Entire home/apt,275.0,2,3,0.39,30,Low,True,2026-06-29,2026-09-11T01:25:48+02:00
1536774360513487792,Au-Haidhausen,Entire home/apt,111.0,1,0,0.0,334,High,False,2026-06-29,2026-09-11T01:25:48+02:00
1536851035606514504,Au-Haidhausen,Entire home/apt,118.0,4,0,0.0,315,High,False,2026-06-29,2026-09-11T01:25:48+02:00
1537465254577282191,Au-Haidhausen,Entire home/apt,158.0,5,1,0.15,306,High,True,2026-06-29,2026-09-11T01:25:48+02:00
1538282336906045185,Au-Haidhausen,Entire home/apt,146.0,5,3,0.38,315,High,True,2026-06-29,2026-09-11T01:25:48+02:00
1538991500244564580,Neuhausen-Nymphenburg,Entire home/apt,117.0,1,2,0.29,331,High,True,2026-06-29,2026-09-11T01:25:48+02:00
1539724158010388014,Bogenhausen,Entire home/apt,306.0,7,0,0.0,346,High,False,2026-06-29,2026-09-11T01:25:48+02:00
1539923965091840927,Laim,Private room,113.0,1,0,0.0,89,Medium,False,2026-06-29,2026-09-11T01:25:48+02:00
1539939424391187818,Laim,Private room,71.0,1,0,0.0,179,Medium,False,2026-06-29,2026-09-11T01:25:48+02:00
1540076934728289442,Sendling-Westpark,Entire home/apt,251.0,1,12,1.94,196,High,True,2026-06-29,2026-09-11T01:25:48+02:00
1541270240409544151,Moosach,Private room,108.0,1,0,0.0,340,High,False,2026-06-29,2026-09-11T01:25:48+02:00
1541303278318621196,Allach-Untermenzing,Private room,170.0,1,26,3.42,18,Low,True,2026-06-29,2026-09-11T01:25:48+02:00
1541461729859106016,Untergiesing-Harlaching,Entire home/apt,99.0,7,0,0.0,84,Medium,False,2026-06-29,2026-09-11T01:25:48+02:00
1542053612068773391,Untergiesing-Harlaching,Entire home/apt,150.0,1,0,0.0,179,Medium,False,2026-06-29,2026-09-11T01:25:48+02:00
1542642480729289623,Sendling-Westpark,Entire home/apt,107.0,1,0,0.0,320,High,False,2026-06-29,2026-09-11T01:25:48+02:00
1544340580725205965,Tudering-Riem,Entire home/apt,203.0,1,1,0.17,173,Medium,True,2026-06-29,2026-09-11T01:25:48+02:00
1544815252228597046,Feldmoching-Hasenbergl,Entire home/apt,510.0,7,1,0.17,18,Low,True,2026-06-29,2026-09-11T01:25:48+02:00
1544957011750290240,Neuhausen-Nymphenburg,Entire home/apt,138.0,4,0,0.0,248,High,False,2026-06-29,2026-09-11T01:25:48+02:00
1545663248936689154,Moosach,Entire home/apt,205.0,3,5,0.73,230,High,True,2026-06-29,2026-09-11T01:25:48+02:00
1545682923848940125,Schwabing-West,Private room,107.0,2,1,0.22,17,Low,True,2026-06-29,2026-09-11T01:25:48+02:00
1545889301560105985,Laim,Entire home/apt,104.0,2,5,0.84,15,Low,True,2026-06-29,2026-09-11T01:25:48+02:00
1550596566054814394,Au-Haidhausen,Entire home/apt,497.0,2,6,0.85,15,Low,True,2026-06-29,2026-09-11T01:25:48+02:00
1551563296699009867,Thalkirchen-Obersendling-Forstenried-Fürstenried-Solln,Entire home/apt,211.0,2,1,0.57,328,High,True,2026-06-29,2026-09-11T01:25:48+02:00
1553113756725725616,Laim,Entire home/apt,130.0,2,12,4.24,287,High,True,2026-06-29,2026-09-11T01:25:48+02:00
1553144479656848352,Maxvorstadt,Private room,159.0,1,33,4.67,221,High,True,2026-06-29,2026-09-11T01:25:48+02:00
1553641531124034566,Neuhausen-Nymphenburg,Entire home/apt,137.0,2,0,0.0,18,Low,False,2026-06-29,2026-09-11T01:25:48+02:00
1554166066872851852,Neuhausen-Nymphenburg,Entire home/apt,41.0,60,0,0.0,358,High,False,2026-06-29,2026-09-11T01:25:48+02:00
1554400348066767883,Schwabing-Freimann,Entire home/apt,334.0,1,16,2.44,70,Medium,True,2026-06-29,2026-09-11T01:25:48+02:00
1556095193841986317,Neuhausen-Nymphenburg,Entire home/apt,166.0,3,2,0.32,7,Low,True,2026-06-29,2026-09-11T01:25:48+02:00
1556645993416074424,Bogenhausen,Entire home/apt,177.0,2,1,0.18,341,High,True,2026-06-29,2026-09-11T01:25:48+02:00
1556759898058572831,Ludwigsvorstadt-Isarvorstadt,Entire home/apt,59.0,14,0,0.0,148,Medium,False,2026-06-29,2026-09-11T01:25:48+02:00
1558418726618972553,Schwabing-West,Entire home/apt,443.0,7,0,0.0,317,High,False,2026-06-29,2026-09-11T01:25:48+02:00
1558753604124342088,Laim,Private room,53.0,1,0,0.0,353,High,False,2026-06-29,2026-09-11T01:25:48+02:00
1558904368081716493,Tudering-Riem,Entire home/apt,79.0,1,9,1.29,79,Medium,True,2026-06-29,2026-09-11T01:25:48+02:00
1559503748434140398,Neuhausen-Nymphenburg,Entire home/apt,80.0,1,43,6.08,19,Low,True,2026-06-29,2026-09-11T01:25:48+02:00
1560772130221226434,Feldmoching-Hasenbergl,Private room,95.0,1,21,6.56,85,Medium,True,2026-06-29,2026-09-11T01:25:48+02:00
1561707329210911002,Ramersdorf-Perlach,Entire home/apt,288.0,2,2,0.29,14,Low,True,2026-06-29,2026-09-11T01:25:48+02:00
1562393232296120035,Ludwigsvorstadt-Isarvorstadt,Entire home/apt,139.0,1,17,2.63,319,High,True,2026-06-29,2026-09-11T01:25:48+02:00
1562558433032306472,Schwabing-Freimann,Entire home/apt,30.0,3,3,0.51,39,Medium,True,2026-06-29,2026-09-11T01:25:48+02:00
1562913829326824263,Neuhausen-Nymphenburg,Entire home/apt,299.0,1,13,2.75,334,High,True,2026-06-29,2026-09-11T01:25:48+02:00
1562967350720357541,Milbertshofen-Am Hart,Private room,47.0,1,0,0.0,292,High,False,2026-06-29,2026-09-11T01:25:48+02:00
1563025995255010916,Bogenhausen,Private room,55.0,14,0,0.0,271,High,False,2026-06-29,2026-09-11T01:25:48+02:00
1564474815171569244,Ludwigsvorstadt-Isarvorstadt,Entire home/apt,287.0,1,11,1.6,165,Medium,True,2026-06-29,2026-09-11T01:25:48+02:00
1564587454374082279,Bogenhausen,Entire home/apt,279.0,1,1,1.0,20,Low,True,2026-06-29,2026-09-11T01:25:48+02:00
1564600083766539679,Milbertshofen-Am Hart,Entire home/apt,112.0,14,1,0.15,252,High,True,2026-06-29,2026-09-11T01:25:48+02:00
1566065460498668917,Ludwigsvorstadt-Isarvorstadt,Entire home/apt,189.0,1,4,1.2,36,Medium,True,2026-06-29,2026-09-11T01:25:48+02:00
1566750601988437912,Pasing-Obermenzing,Entire home/apt,299.0,1,9,1.34,52,Medium,True,2026-06-29,2026-09-11T01:25:48+02:00
1566848564294280884,Au-Haidhausen,Entire home/apt,194.0,1,10,1.55,76,Medium,True,2026-06-29,2026-09-11T01:25:48+02:00
1567249011798256749,Thalkirchen-Obersendling-Forstenried-Fürstenried-Solln,Private room,44.0,7,0,0.0,64,Medium,False,2026-06-29,2026-09-11T01:25:48+02:00
1567578245275225145,Maxvorstadt,Entire home/apt,125.0,3,0,0.0,82,Medium,False,2026-06-29,2026-09-11T01:25:48+02:00
1567787566918125171,Ludwigsvorstadt-Isarvorstadt,Private room,70.0,5,2,0.37,299,High,True,2026-06-29,2026-09-11T01:25:48+02:00
1567914013421022408,Pasing-Obermenzing,Entire home/apt,118.0,3,1,0.57,94,Medium,True,2026-06-29,2026-09-11T01:25:48+02:00
1567966792889281924,Milbertshofen-Am Hart,Private room,48.0,7,1,0.2,339,High,True,2026-06-29,2026-09-11T01:25:48+02:00
1568171113636132485,Neuhausen-Nymphenburg,Private room,33.0,30,0,0.0,64,Medium,False,2026-06-29,2026-09-11T01:25:48+02:00
1568628969084604247,Bogenhausen,Entire home/apt,146.0,2,1,0.54,350,High,True,2026-06-29,2026-09-11T01:25:48+02:00
1568878386321489235,Ludwigsvorstadt-Isarvorstadt,Entire home/apt,180.0,1,1,0.57,144,Medium,True,2026-06-29,2026-09-11T01:25:48+02:00
1569009819159503160,Ludwigsvorstadt-Isarvorstadt,Entire home/apt,169.0,3,5,1.5,157,Medium,True,2026-06-29,2026-09-11T01:25:48+02:00
1569620370552643654,Aubing-Lochhausen-Langwied,Entire home/apt,110.0,5,1,0.2,185,High,True,2026-06-29,2026-09-11T01:25:48+02:00
1570275843292781074,Ludwigsvorstadt-Isarvorstadt,Private room,200.0,2,0,0.0,9,Low,False,2026-06-29,2026-09-11T01:25:48+02:00
1570754098493105979,Schwabing-West,Entire home/apt,152.0,1,10,1.67,157,Medium,True,2026-06-29,2026-09-11T01:25:48+02:00
1571203064667891238,Schwabing-West,Entire home/apt,248.0,7,0,0.0,362,High,False,2026-06-29,2026-09-11T01:25:48+02:00
1571686173471429148,Au-Haidhausen,Private room,90.0,1,3,1.64,284,High,True,2026-06-29,2026-09-11T01:25:48+02:00
1571708274692972938,Ramersdorf-Perlach,Entire home/apt,85.0,1,4,1.45,340,High,True,2026-06-29,2026-09-11T01:25:48+02:00
1571854801868048829,Maxvorstadt,Private room,57.0,19,0,0.0,190,High,False,2026-06-29,2026-09-11T01:25:48+02:00
1573049482776727232,Allach-Untermenzing,Entire home/apt,179.0,7,0,0.0,66,Medium,False,2026-06-29,2026-09-11T01:25:48+02:00
1573376567812193822,Thalkirchen-Obersendling-Forstenried-Fürstenried-Solln,Entire home/apt,214.0,1,0,0.0,254,High,False,2026-06-29,2026-09-11T01:25:48+02:00
1573766019885280681,Maxvorstadt,Private room,71.0,1,8,2.38,120,Medium,True,2026-06-29,2026-09-11T01:25:48+02:00
1574529027630120490,Au-Haidhausen,Private room,40.0,16,0,0.0,270,High,False,2026-06-29,2026-09-11T01:25:48+02:00
1575494480300029910,Neuhausen-Nymphenburg,Entire home/apt,186.0,2,0,0.0,94,Medium,False,2026-06-29,2026-09-11T01:25:48+02:00
1576029365085596510,Schwabing-West,Entire home/apt,132.0,1,6,1.86,215,High,True,2026-06-29,2026-09-11T01:25:48+02:00
1576255428668224784,Neuhausen-Nymphenburg,Entire home/apt,250.0,3,9,1.79,53,Medium,True,2026-06-29,2026-09-11T01:25:48+02:00
1576281200980460643,Thalkirchen-Obersendling-Forstenried-Fürstenried-Solln,Private room,99.0,1,4,2.07,224,High,True,2026-06-29,2026-09-11T01:25:48+02:00
1576803486547741599,Schwabing-West,Entire home/apt,96.0,5,0,0.0,128,Medium,False,2026-06-29,2026-09-11T01:25:48+02:00
1576902515513210663,Maxvorstadt,Entire home/apt,154.0,1,0,0.0,309,High,False,2026-06-29,2026-09-11T01:25:48+02:00
1577025213369068799,Thalkirchen-Obersendling-Forstenried-Fürstenried-Solln,Private room,94.0,1,2,0.83,170,Medium,True,2026-06-29,2026-09-11T01:25:48+02:00
1577372714377689577,Untergiesing-Harlaching,Private room,34.0,30,0,0.0,47,Medium,False,2026-06-29,2026-09-11T01:25:48+02:00
1577540283863584907,Altstadt-Lehel,Entire home/apt,296.0,4,0,0.0,151,Medium,False,2026-06-29,2026-09-11T01:25:48+02:00
1577591228507302147,Sendling-Westpark,Private room,101.0,2,0,0.0,365,High,False,2026-06-29,2026-09-11T01:25:48+02:00
1577618966832367913,Neuhausen-Nymphenburg,Entire home/apt,172.0,14,0,0.0,153,Medium,False,2026-06-29,2026-09-11T01:25:48+02:00
1578200341277582457,Sendling,Private room,161.0,1,1,0.65,337,High,True,2026-06-29,2026-09-11T01:25:48+02:00
1578962873357065624,Ludwigsvorstadt-Isarvorstadt,Entire home/apt,113.0,1,0,0.0,219,High,False,2026-06-29,2026-09-11T01:25:48+02:00
1579593883746566824,Thalkirchen-Obersendling-Forstenried-Fürstenried-Solln,Shared room,103.0,1,0,0.0,352,High,False,2026-06-29,2026-09-11T01:25:48+02:00
1579620671324636302,Pasing-Obermenzing,Private room,105.0,1,3,0.64,308,High,True,2026-06-29,2026-09-11T01:25:48+02:00
1579644370734742016,Maxvorstadt,Entire home/apt,69.0,30,0,0.0,286,High,False,2026-06-29,2026-09-11T01:25:48+02:00
1579648904100191955,Pasing-Obermenzing,Private room,111.0,1,95,16.57,320,High,True,2026-06-29,2026-09-11T01:25:48+02:00
1580288121190012946,Neuhausen-Nymphenburg,Entire home/apt,414.0,1,0,0.0,364,High,False,2026-06-29,2026-09-11T01:25:48+02:00
1581750034549411912,Pasing-Obermenzing,Private room,115.0,1,2,0.35,310,High,True,2026-06-29,2026-09-11T01:25:48+02:00
1581758382133417467,Pasing-Obermenzing,Private room,122.0,1,0,0.0,304,High,False,2026-06-29,2026-09-11T01:25:48+02:00
1581763727605566153,Pasing-Obermenzing,Private room,157.0,1,1,0.17,307,High,True,2026-06-29,2026-09-11T01:25:48+02:00
1581772872769828146,Pasing-Obermenzing,Private room,164.0,1,2,0.35,317,High,True,2026-06-29,2026-09-11T01:25:48+02:00
1581780517458250744,Pasing-Obermenzing,Private room,135.0,1,2,0.5,308,High,True,2026-06-29,2026-09-11T01:25:48+02:00
1581787152851117660,Pasing-Obermenzing,Private room,143.0,1,0,0.0,299,High,False,2026-06-29,2026-09-11T01:25:48+02:00
1581802797282331643,Pasing-Obermenzing,Private room,193.0,1,2,0.45,258,High,True,2026-06-29,2026-09-11T01:25:48+02:00
1581809538971597169,Pasing-Obermenzing,Private room,253.0,1,1,0.3,275,High,True,2026-06-29,2026-09-11T01:25:48+02:00
1581932877385097765,Laim,Entire home/apt,796.0,1,15,2.45,307,High,True,2026-06-29,2026-09-11T01:25:48+02:00
1582592870618018994,Maxvorstadt,Entire home/apt,102.0,2,0,0.0,25,Low,False,2026-06-29,2026-09-11T01:25:48+02:00
1584788172689949468,Moosach,Entire home/apt,107.0,1,0,0.0,89,Medium,False,2026-06-29,2026-09-11T01:25:48+02:00
1586191140089644826,Untergiesing-Harlaching,Entire home/apt,113.0,4,0,0.0,11,Low,False,2026-06-29,2026-09-11T01:25:48+02:00
1586454604040896034,Ramersdorf-Perlach,Private room,58.0,1,1,0.18,275,High,True,2026-06-29,2026-09-11T01:25:48+02:00
1586476592501952684,Ramersdorf-Perlach,Private room,41.0,1,2,0.34,292,High,True,2026-06-29,2026-09-11T01:25:48+02:00
1586486219505253374,Ludwigsvorstadt-Isarvorstadt,Entire home/apt,160.0,1,0,0.0,2,Low,False,2026-06-29,2026-09-11T01:25:48+02:00
1587704902887696756,Obergiesing,Entire home/apt,568.0,1,0,0.0,21,Low,False,2026-06-29,2026-09-11T01:25:48+02:00
1588150658039796389,Schwabing-West,Entire home/apt,98.0,1,2,0.71,82,Medium,True,2026-06-29,2026-09-11T01:25:48+02:00
1590066411991708753,Maxvorstadt,Private room,90.0,1,2,2.0,187,High,True,2026-06-29,2026-09-11T01:25:48+02:00
1590719014209010943,Au-Haidhausen,Entire home/apt,185.0,2,19,4.22,32,Medium,True,2026-06-29,2026-09-11T01:25:48+02:00
1590798805235067617,Ludwigsvorstadt-Isarvorstadt,Entire home/apt,193.0,1,17,3.27,304,High,True,2026-06-29,2026-09-11T01:25:48+02:00
1591371629720385929,Au-Haidhausen,Entire home/apt,63.0,28,1,0.25,174,Medium,True,2026-06-29,2026-09-11T01:25:48+02:00
1592027516747582257,Tudering-Riem,Entire home/apt,130.0,2,2,1.11,259,High,True,2026-06-29,2026-09-11T01:25:48+02:00
1592117367946112213,Tudering-Riem,Hotel room,97.0,1,2,0.43,277,High,True,2026-06-29,2026-09-11T01:25:48+02:00
1592117368208693292,Tudering-Riem,Hotel room,93.0,1,2,2.0,270,High,True,2026-06-29,2026-09-11T01:25:48+02:00
1592117369122490353,Tudering-Riem,Hotel room,97.0,1,1,1.0,277,High,True,2026-06-29,2026-09-11T01:25:48+02:00
1592117371156536803,Tudering-Riem,Hotel room,93.0,1,0,0.0,270,High,False,2026-06-29,2026-09-11T01:25:48+02:00
1592117371911965704,Tudering-Riem,Hotel room,88.0,1,1,0.26,266,High,True,2026-06-29,2026-09-11T01:25:48+02:00
1592117372289453065,Tudering-Riem,Hotel room,88.0,1,0,0.0,266,High,False,2026-06-29,2026-09-11T01:25:48+02:00
1592117373851342864,Tudering-Riem,Hotel room,163.0,1,0,0.0,278,High,False,2026-06-29,2026-09-11T01:25:48+02:00
1592117380049974236,Tudering-Riem,Hotel room,163.0,1,0,0.0,278,High,False,2026-06-29,2026-09-11T01:25:48+02:00
1592117409713817053,Tudering-Riem,Hotel room,83.0,1,0,0.0,264,High,False,2026-06-29,2026-09-11T01:25:48+02:00
1592117411825853432,Tudering-Riem,Hotel room,68.0,1,7,1.35,264,High,True,2026-06-29,2026-09-11T01:25:48+02:00
1592585079897639308,Schwanthalerhöhe,Private room,109.0,1,2,1.05,188,High,True,2026-06-29,2026-09-11T01:25:48+02:00
1592659827559137216,Feldmoching-Hasenbergl,Private room,115.0,1,0,0.0,57,Medium,False,2026-06-29,2026-09-11T01:25:48+02:00
1592873694998261801,Thalkirchen-Obersendling-Forstenried-Fürstenried-Solln,Entire home/apt,95.0,1,1,1.0,5,Low,True,2026-06-29,2026-09-11T01:25:48+02:00
1593570839852256703,Schwabing-Freimann,Private room,236.0,1,1,1.0,32,Medium,True,2026-06-29,2026-09-11T01:25:48+02:00
1594214649043334817,Schwanthalerhöhe,Entire home/apt,243.0,2,5,0.9,11,Low,True,2026-06-29,2026-09-11T01:25:48+02:00
1594350813465189428,Ludwigsvorstadt-Isarvorstadt,Private room,69.0,1,9,1.79,7,Low,True,2026-06-29,2026-09-11T01:25:48+02:00
1594802121034888498,Maxvorstadt,Entire home/apt,129.0,3,1,0.18,79,Medium,True,2026-06-29,2026-09-11T01:25:48+02:00
1595588944788120115,Obergiesing,Entire home/apt,135.0,1,3,0.56,306,High,True,2026-06-29,2026-09-11T01:25:48+02:00
1595593727821851871,Obergiesing,Entire home/apt,74.0,1,1,0.2,326,High,True,2026-06-29,2026-09-11T01:25:48+02:00
1595597739114847147,Obergiesing,Entire home/apt,142.0,1,2,0.49,211,High,True,2026-06-29,2026-09-11T01:25:48+02:00
1595656900501700678,Maxvorstadt,Private room,68.0,1,2,0.44,28,Low,True,2026-06-29,2026-09-11T01:25:48+02:00
1596307867235254064,Ramersdorf-Perlach,Entire home/apt,325.0,2,12,2.81,13,Low,True,2026-06-29,2026-09-11T01:25:48+02:00
1596378656162826245,Berg am Laim,Entire home/apt,150.0,1,19,3.61,160,Medium,True,2026-06-29,2026-09-11T01:25:48+02:00
1597151903740489654,Thalkirchen-Obersendling-Forstenried-Fürstenried-Solln,Entire home/apt,350.0,1,22,4.58,234,High,True,2026-06-29,2026-09-11T01:25:48+02:00
1598681205491853081,Bogenhausen,Entire home/apt,329.0,2,5,1.11,304,High,True,2026-06-29,2026-09-11T01:25:48+02:00
1599329355417978486,Maxvorstadt,Entire home/apt,278.0,2,0,0.0,99,Medium,False,2026-06-29,2026-09-11T01:25:48+02:00
1599421164904627683,Feldmoching-Hasenbergl,Entire home/apt,686.0,1,3,1.55,141,Medium,True,2026-06-29,2026-09-11T01:25:48+02:00
1599819867558698334,Schwabing-Freimann,Entire home/apt,117.0,6,0,0.0,42,Medium,False,2026-06-29,2026-09-11T01:25:48+02:00
1600680152987280653,Milbertshofen-Am Hart,Entire home/apt,106.0,3,1,0.41,165,Medium,True,2026-06-29,2026-09-11T01:25:48+02:00
1600972222263715125,Sendling-Westpark,Private room,375.0,1,0,0.0,182,High,False,2026-06-29,2026-09-11T01:25:48+02:00
1601958033391207500,Sendling-Westpark,Private room,113.0,1,5,1.16,148,Medium,True,2026-06-29,2026-09-11T01:25:48+02:00
1602414728530645605,Thalkirchen-Obersendling-Forstenried-Fürstenried-Solln,Private room,83.0,2,2,2.0,343,High,True,2026-06-29,2026-09-11T01:25:48+02:00
1602778366385888097,Schwabing-West,Entire home/apt,180.0,2,15,3.28,253,High,True,2026-06-29,2026-09-11T01:25:48+02:00
1602825485675388094,Bogenhausen,Entire home/apt,124.0,1,5,1.32,358,High,True,2026-06-29,2026-09-11T01:25:48+02:00
1602991643294837611,Ludwigsvorstadt-Isarvorstadt,Entire home/apt,261.0,1,12,4.5,320,High,True,2026-06-29,2026-09-11T01:25:48+02:00
1603454513698644761,Tudering-Riem,Entire home/apt,153.0,1,4,1.67,243,High,True,2026-06-29,2026-09-11T01:25:48+02:00
1603483836145192180,Neuhausen-Nymphenburg,Entire home/apt,124.0,1,3,0.7,356,High,True,2026-06-29,2026-09-11T01:25:48+02:00
1603833220815202497,Neuhausen-Nymphenburg,Shared room,48.0,2,6,1.29,333,High,True,2026-06-29,2026-09-11T01:25:48+02:00
1604214756361220899,Neuhausen-Nymphenburg,Entire home/apt,161.0,1,1,0.5,5,Low,True,2026-06-29,2026-09-11T01:25:48+02:00
1605037132654670718,Sendling,Entire home/apt,641.0,1,9,1.94,336,High,True,2026-06-29,2026-09-11T01:25:48+02:00
1605871164139603221,Berg am Laim,Entire home/apt,144.0,1,10,2.42,222,High,True,2026-06-29,2026-09-11T01:25:48+02:00
1606473092984264819,Pasing-Obermenzing,Entire home/apt,179.0,1,0,0.0,96,Medium,False,2026-06-29,2026-09-11T01:25:48+02:00
1606601766831532429,Bogenhausen,Entire home/apt,489.0,4,0,0.0,89,Medium,False,2026-06-29,2026-09-11T01:25:48+02:00
1606858588644529160,Altstadt-Lehel,Entire home/apt,380.0,2,4,0.89,95,Medium,True,2026-06-29,2026-09-11T01:25:48+02:00
1607078614370603300,Au-Haidhausen,Entire home/apt,302.0,1,0,0.0,227,High,False,2026-06-29,2026-09-11T01:25:48+02:00
1607164187679931200,Bogenhausen,Private room,139.0,1,2,1.07,363,High,True,2026-06-29,2026-09-11T01:25:48+02:00
1607293089907574366,Schwabing-Freimann,Entire home/apt,83.0,1,3,1.64,308,High,True,2026-06-29,2026-09-11T01:25:48+02:00
1608010392913384135,Berg am Laim,Entire home/apt,924.0,4,0,0.0,20,Low,False,2026-06-29,2026-09-11T01:25:48+02:00
1608190471550999762,Pasing-Obermenzing,Private room,90.0,1,9,1.96,112,Medium,True,2026-06-29,2026-09-11T01:25:48+02:00
1608659663156212996,Au-Haidhausen,Private room,107.0,4,1,0.61,82,Medium,True,2026-06-29,2026-09-11T01:25:48+02:00
1609496280300654675,Bogenhausen,Private room,80.0,2,1,1.0,258,High,True,2026-06-29,2026-09-11T01:25:48+02:00
1610173997093215612,Thalkirchen-Obersendling-Forstenried-Fürstenried-Solln,Private room,17.0,7,0,0.0,43,Medium,False,2026-06-29,2026-09-11T01:25:48+02:00
1611089056842102630,Hadern,Private room,110.0,1,2,1.09,182,High,True,2026-06-29,2026-09-11T01:25:48+02:00
1613027397504449038,Ludwigsvorstadt-Isarvorstadt,Private room,128.0,1,16,7.5,353,High,True,2026-06-29,2026-09-11T01:25:48+02:00
1613027409929721446,Laim,Private room,84.0,1,29,12.79,317,High,True,2026-06-29,2026-09-11T01:25:48+02:00
1613027689777466486,Neuhausen-Nymphenburg,Private room,74.0,1,38,16.76,327,High,True,2026-06-29,2026-09-11T01:25:48+02:00
1613261061727588086,Untergiesing-Harlaching,Entire home/apt,163.0,1,17,3.92,340,High,True,2026-06-29,2026-09-11T01:25:48+02:00
1613941242723834900,Schwabing-West,Private room,61.0,1,6,2.0,145,Medium,True,2026-06-29,2026-09-11T01:25:48+02:00
1613981428177748120,Bogenhausen,Entire home/apt,192.0,1,0,0.0,289,High,False,2026-06-29,2026-09-11T01:25:48+02:00
1613990583350615640,Bogenhausen,Entire home/apt,241.0,1,1,1.0,357,High,True,2026-06-29,2026-09-11T01:25:48+02:00
1615062454546030401,Bogenhausen,Entire home/apt,132.0,2,8,1.78,168,Medium,True,2026-06-29,2026-09-11T01:25:48+02:00
1615100788135541070,Tudering-Riem,Private room,79.0,1,3,1.08,365,High,True,2026-06-29,2026-09-11T01:25:48+02:00
1615102742138486853,Tudering-Riem,Private room,74.0,1,1,0.29,365,High,True,2026-06-29,2026-09-11T01:25:48+02:00
1615105506344703257,Tudering-Riem,Private room,96.0,1,0,0.0,365,High,False,2026-06-29,2026-09-11T01:25:48+02:00
1615174362506478522,Au-Haidhausen,Entire home/apt,101.0,1,0,0.0,355,High,False,2026-06-29,2026-09-11T01:25:48+02:00
1615184127483406927,Laim,Entire home/apt,301.0,1,11,3.93,297,High,True,2026-06-29,2026-09-11T01:25:48+02:00
1615200749884093537,Laim,Entire home/apt,199.0,1,5,1.95,307,High,True,2026-06-29,2026-09-11T01:25:48+02:00
1615204225961158928,Feldmoching-Hasenbergl,Entire home/apt,132.0,3,0,0.0,49,Medium,False,2026-06-29,2026-09-11T01:25:48+02:00
1615374645659920970,Bogenhausen,Entire home/apt,196.0,3,1,1.0,187,High,True,2026-06-29,2026-09-11T01:25:48+02:00
1615830304749221355,Neuhausen-Nymphenburg,Private room,89.0,1,0,0.0,289,High,False,2026-06-29,2026-09-11T01:25:48+02:00
1616091451556791461,Thalkirchen-Obersendling-Forstenried-Fürstenried-Solln,Private room,120.0,1,2,1.09,363,High,True,2026-06-29,2026-09-11T01:25:48+02:00
1616734696473634390,Bogenhausen,Entire home/apt,272.0,5,0,0.0,357,High,False,2026-06-29,2026-09-11T01:25:48+02:00
1616878758707068577,Tudering-Riem,Private room,43.0,1,3,0.77,1,Low,True,2026-06-29,2026-09-11T01:25:48+02:00
1617349147901437689,Ramersdorf-Perlach,Entire home/apt,68.0,4,0,0.0,334,High,False,2026-06-29,2026-09-11T01:25:48+02:00
1617455820694127102,Thalkirchen-Obersendling-Forstenried-Fürstenried-Solln,Hotel room,133.0,1,0,0.0,274,High,False,2026-06-29,2026-09-11T01:25:48+02:00
1617455823576730726,Thalkirchen-Obersendling-Forstenried-Fürstenried-Solln,Hotel room,133.0,1,0,0.0,274,High,False,2026-06-29,2026-09-11T01:25:48+02:00
1617980280755916657,Milbertshofen-Am Hart,Entire home/apt,350.0,3,7,1.88,244,High,True,2026-06-29,2026-09-11T01:25:48+02:00
1618241966966249850,Obergiesing,Private room,49.0,1,0,0.0,337,High,False,2026-06-29,2026-09-11T01:25:48+02:00
1618800102914353972,Maxvorstadt,Private room,58.0,7,0,0.0,47,Medium,False,2026-06-29,2026-09-11T01:25:48+02:00
1619400432642500771,Ludwigsvorstadt-Isarvorstadt,Private room,53.0,14,0,0.0,88,Medium,False,2026-06-29,2026-09-11T01:25:48+02:00
1620222749290160711,Neuhausen-Nymphenburg,Private room,241.0,1,0,0.0,74,Medium,False,2026-06-29,2026-09-11T01:25:48+02:00
1620240601032849543,Sendling-Westpark,Entire home/apt,170.0,2,1,0.56,329,High,True,2026-06-29,2026-09-11T01:25:48+02:00
1621743339582964223,Au-Haidhausen,Entire home/apt,256.0,3,0,0.0,179,Medium,False,2026-06-29,2026-09-11T01:25:48+02:00
1621821162435537685,Bogenhausen,Private room,76.0,1,5,1.19,5,Low,True,2026-06-29,2026-09-11T01:25:48+02:00
1621879137353844470,Thalkirchen-Obersendling-Forstenried-Fürstenried-Solln,Entire home/apt,200.0,1,0,0.0,345,High,False,2026-06-29,2026-09-11T01:25:48+02:00
1622452449975315211,Aubing-Lochhausen-Langwied,Entire home/apt,74.0,3,0,0.0,347,High,False,2026-06-29,2026-09-11T01:25:48+02:00
1622602226132746625,Altstadt-Lehel,Entire home/apt,246.0,3,3,1.67,29,Low,True,2026-06-29,2026-09-11T01:25:48+02:00
1623244288812932619,Pasing-Obermenzing,Entire home/apt,66.0,29,0,0.0,138,Medium,False,2026-06-29,2026-09-11T01:25:48+02:00
1624774087658594584,Ludwigsvorstadt-Isarvorstadt,Private room,138.0,1,2,0.97,126,Medium,True,2026-06-29,2026-09-11T01:25:48+02:00
1624774087750469775,Ludwigsvorstadt-Isarvorstadt,Private room,121.0,1,1,0.44,144,Medium,True,2026-06-29,2026-09-11T01:25:48+02:00
1625347618250485242,Ramersdorf-Perlach,Private room,70.0,2,1,0.56,118,Medium,True,2026-06-29,2026-09-11T01:25:48+02:00
1625619032456770001,Ludwigsvorstadt-Isarvorstadt,Private room,70.0,14,0,0.0,135,Medium,False,2026-06-29,2026-09-11T01:25:48+02:00
1625925584841860482,Au-Haidhausen,Private room,73.0,1,9,2.37,340,High,True,2026-06-29,2026-09-11T01:25:48+02:00
1626219178559777559,Ludwigsvorstadt-Isarvorstadt,Entire home/apt,887.0,3,2,0.71,110,Medium,True,2026-06-29,2026-09-11T01:25:48+02:00
1626252076765165264,Obergiesing,Entire home/apt,164.0,3,3,1.73,179,Medium,True,2026-06-29,2026-09-11T01:25:48+02:00
1626823608057717529,Ludwigsvorstadt-Isarvorstadt,Private room,56.0,1,0,0.0,123,Medium,False,2026-06-29,2026-09-11T01:25:48+02:00
1626841211686737020,Altstadt-Lehel,Entire home/apt,163.0,8,0,0.0,29,Low,False,2026-06-29,2026-09-11T01:25:48+02:00
1626953427581304608,Schwabing-West,Entire home/apt,160.0,1,0,0.0,353,High,False,2026-06-29,2026-09-11T01:25:48+02:00
1627467162825166217,Schwabing-West,Entire home/apt,337.0,7,1,0.77,105,Medium,True,2026-06-29,2026-09-11T01:25:48+02:00
1627628685505382271,Schwabing-West,Entire home/apt,110.0,1,6,2.47,110,Medium,True,2026-06-29,2026-09-11T01:25:48+02:00
1628169807525214692,Schwabing-West,Private room,53.0,1,0,0.0,39,Medium,False,2026-06-29,2026-09-11T01:25:48+02:00
1628991491692954807,Ludwigsvorstadt-Isarvorstadt,Entire home/apt,80.0,4,1,0.26,48,Medium,True,2026-06-29,2026-09-11T01:25:48+02:00
1629075537628593989,Au-Haidhausen,Entire home/apt,603.0,2,7,2.14,27,Low,True,2026-06-29,2026-09-11T01:25:48+02:00
1629190621094836935,Laim,Entire home/apt,131.0,1,6,2.2,267,High,True,2026-06-29,2026-09-11T01:25:48+02:00
1629778280211503101,Ludwigsvorstadt-Isarvorstadt,Entire home/apt,225.0,6,0,0.0,21,Low,False,2026-06-29,2026-09-11T01:25:48+02:00
1629800860853825296,Au-Haidhausen,Entire home/apt,418.0,1,18,4.7,315,High,True,2026-06-29,2026-09-11T01:25:48+02:00
1629980816995047767,Au-Haidhausen,Entire home/apt,108.0,7,0,0.0,150,Medium,False,2026-06-29,2026-09-11T01:25:48+02:00
1630807419060132407,Sendling-Westpark,Entire home/apt,210.0,1,8,2.38,41,Medium,True,2026-06-29,2026-09-11T01:25:48+02:00
1631591840062863244,Thalkirchen-Obersendling-Forstenried-Fürstenried-Solln,Entire home/apt,235.0,1,4,1.46,95,Medium,True,2026-06-29,2026-09-11T01:25:48+02:00
1631952748855532697,Schwabing-Freimann,Entire home/apt,83.0,1,0,0.0,178,Medium,False,2026-06-29,2026-09-11T01:25:48+02:00
1632177501982661035,Ramersdorf-Perlach,Private room,86.0,1,0,0.0,87,Medium,False,2026-06-29,2026-09-11T01:25:48+02:00
1632449136615492860,Thalkirchen-Obersendling-Forstenried-Fürstenried-Solln,Private room,44.0,10,1,0.43,56,Medium,True,2026-06-29,2026-09-11T01:25:48+02:00
1632473879258498820,Untergiesing-Harlaching,Private room,29.0,30,2,0.69,58,Medium,True,2026-06-29,2026-09-11T01:25:48+02:00
1632626620889077501,Tudering-Riem,Private room,64.0,1,1,0.68,192,High,True,2026-06-29,2026-09-11T01:25:48+02:00
1632626794725956772,Tudering-Riem,Private room,139.0,1,6,6.0,197,High,True,2026-06-29,2026-09-11T01:25:48+02:00
1632626876836007059,Tudering-Riem,Private room,100.0,1,1,0.26,190,High,True,2026-06-29,2026-09-11T01:25:48+02:00
1632627089661997173,Tudering-Riem,Private room,129.0,1,1,1.0,219,High,True,2026-06-29,2026-09-11T01:25:48+02:00
1632627200338095662,Tudering-Riem,Private room,174.0,1,2,2.0,210,High,True,2026-06-29,2026-09-11T01:25:48+02:00
1632627276091240249,Tudering-Riem,Private room,69.0,1,0,0.0,115,Medium,False,2026-06-29,2026-09-11T01:25:48+02:00
1632627363451328764,Tudering-Riem,Private room,126.0,1,0,0.0,210,High,False,2026-06-29,2026-09-11T01:25:48+02:00
1632627572406043439,Tudering-Riem,Private room,75.0,1,0,0.0,215,High,False,2026-06-29,2026-09-11T01:25:48+02:00
1632726789674292616,Neuhausen-Nymphenburg,Entire home/apt,380.0,2,0,0.0,112,Medium,False,2026-06-29,2026-09-11T01:25:48+02:00
1633553671638136921,Thalkirchen-Obersendling-Forstenried-Fürstenried-Solln,Private room,56.0,3,1,0.32,83,Medium,True,2026-06-29,2026-09-11T01:25:48+02:00
1633575250626956371,Bogenhausen,Entire home/apt,165.0,4,0,0.0,260,High,False,2026-06-29,2026-09-11T01:25:48+02:00
1633902774813972876,Laim,Private room,95.0,7,1,0.77,305,High,True,2026-06-29,2026-09-11T01:25:48+02:00
1633996072850224376,Obergiesing,Private room,83.0,1,5,2.08,112,Medium,True,2026-06-29,2026-09-11T01:25:48+02:00
1633998421682222432,Moosach,Entire home/apt,117.0,1,1,0.86,242,High,True,2026-06-29,2026-09-11T01:25:48+02:00
1634218587000577743,Sendling-Westpark,Private room,115.0,1,9,3.14,269,High,True,2026-06-29,2026-09-11T01:25:48+02:00
1634683708522387476,Schwabing-Freimann,Entire home/apt,632.0,3,2,0.88,116,Medium,True,2026-06-29,2026-09-11T01:25:48+02:00
1634924223679544879,Feldmoching-Hasenbergl,Entire home/apt,73.0,5,0,0.0,22,Low,False,2026-06-29,2026-09-11T01:25:48+02:00
1634940762902430523,Maxvorstadt,Entire home/apt,81.0,30,0,0.0,69,Medium,False,2026-06-29,2026-09-11T01:25:48+02:00
1635792273641858940,Schwabing-Freimann,Entire home/apt,80.0,2,2,2.0,111,Medium,True,2026-06-29,2026-09-11T01:25:48+02:00
1636752311974416256,Maxvorstadt,Entire home/apt,366.0,1,16,4.8,142,Medium,True,2026-06-29,2026-09-11T01:25:48+02:00
1636901921926319190,Maxvorstadt,Entire home/apt,100.0,1,1,0.38,20,Low,True,2026-06-29,2026-09-11T01:25:48+02:00
1637173115903598549,Thalkirchen-Obersendling-Forstenried-Fürstenried-Solln,Private room,30.0,30,2,0.67,88,Medium,True,2026-06-29,2026-09-11T01:25:48+02:00
1637732522909088496,Tudering-Riem,Hotel room,67.0,1,3,1.01,277,High,True,2026-06-29,2026-09-11T01:25:48+02:00
1637732533764234192,Tudering-Riem,Hotel room,67.0,1,0,0.0,277,High,False,2026-06-29,2026-09-11T01:25:48+02:00
1637732535420954827,Tudering-Riem,Hotel room,144.0,1,2,0.92,271,High,True,2026-06-29,2026-09-11T01:25:48+02:00
1637732541417248483,Tudering-Riem,Hotel room,144.0,1,0,0.0,273,High,False,2026-06-29,2026-09-11T01:25:48+02:00
1637732544848033322,Tudering-Riem,Hotel room,123.0,1,0,0.0,293,High,False,2026-06-29,2026-09-11T01:25:48+02:00
1637732547902337598,Tudering-Riem,Hotel room,123.0,1,0,0.0,293,High,False,2026-06-29,2026-09-11T01:25:48+02:00
1637732549683207543,Tudering-Riem,Hotel room,160.0,1,0,0.0,295,High,False,2026-06-29,2026-09-11T01:25:48+02:00
1637732557217090782,Tudering-Riem,Hotel room,160.0,1,0,0.0,295,High,False,2026-06-29,2026-09-11T01:25:48+02:00
1637732561012350196,Tudering-Riem,Hotel room,93.0,1,0,0.0,290,High,False,2026-06-29,2026-09-11T01:25:48+02:00
1637732561233142329,Tudering-Riem,Hotel room,100.0,1,0,0.0,179,Medium,False,2026-06-29,2026-09-11T01:25:48+02:00
1637732561433394969,Tudering-Riem,Hotel room,93.0,1,0,0.0,290,High,False,2026-06-29,2026-09-11T01:25:48+02:00
1637732565647071514,Tudering-Riem,Hotel room,100.0,1,0,0.0,179,Medium,False,2026-06-29,2026-09-11T01:25:48+02:00
1637732573242108765,Tudering-Riem,Hotel room,131.0,1,0,0.0,306,High,False,2026-06-29,2026-09-11T01:25:48+02:00
1637732575848244362,Tudering-Riem,Hotel room,131.0,1,0,0.0,306,High,False,2026-06-29,2026-09-11T01:25:48+02:00
1637732578371811253,Tudering-Riem,Hotel room,78.0,1,2,2.0,300,High,True,2026-06-29,2026-09-11T01:25:48+02:00
1637732581234165659,Tudering-Riem,Hotel room,78.0,1,1,1.0,300,High,True,2026-06-29,2026-09-11T01:25:48+02:00
1637750766616281891,Schwabing-West,Entire home/apt,900.0,1,1,0.47,240,High,True,2026-06-29,2026-09-11T01:25:48+02:00
1637935702075790983,Tudering-Riem,Private room,91.0,1,8,5.11,144,Medium,True,2026-06-29,2026-09-11T01:25:48+02:00
1637935702256074087,Tudering-Riem,Private room,91.0,1,5,3.75,144,Medium,True,2026-06-29,2026-09-11T01:25:48+02:00
1638356229948442260,Moosach,Entire home/apt,195.0,1,0,0.0,276,High,False,2026-06-29,2026-09-11T01:25:48+02:00
1638895948685069093,Berg am Laim,Private room,76.0,1,10,3.13,293,High,True,2026-06-29,2026-09-11T01:25:48+02:00
1639025383707265813,Ludwigsvorstadt-Isarvorstadt,Entire home/apt,140.0,1,34,15.22,359,High,True,2026-06-29,2026-09-11T01:25:48+02:00
1639065164643171565,Milbertshofen-Am Hart,Entire home/apt,117.0,1,2,1.67,319,High,True,2026-06-29,2026-09-11T01:25:48+02:00
1639067447152398475,Ludwigsvorstadt-Isarvorstadt,Entire home/apt,140.0,1,41,14.47,352,High,True,2026-06-29,2026-09-11T01:25:48+02:00
1639075790495732926,Ludwigsvorstadt-Isarvorstadt,Entire home/apt,334.0,1,12,4.24,320,High,True,2026-06-29,2026-09-11T01:25:48+02:00
1639161499807707955,Neuhausen-Nymphenburg,Private room,70.0,1,2,1.36,188,High,True,2026-06-29,2026-09-11T01:25:48+02:00
1639322030317302597,Moosach,Private room,105.0,1,3,1.88,144,Medium,True,2026-06-29,2026-09-11T01:25:48+02:00
1639322030564806216,Moosach,Private room,94.0,1,1,1.0,81,Medium,True,2026-06-29,2026-09-11T01:25:48+02:00
1639322048319413786,Schwabing-Freimann,Private room,108.0,1,16,8.89,364,High,True,2026-06-29,2026-09-11T01:25:48+02:00
1639322048370292034,Schwabing-Freimann,Private room,108.0,1,10,5.0,361,High,True,2026-06-29,2026-09-11T01:25:48+02:00
1639322152657611817,Moosach,Private room,81.0,1,14,7.37,139,Medium,True,2026-06-29,2026-09-11T01:25:48+02:00
1639322153006502524,Moosach,Private room,99.0,1,28,13.55,144,Medium,True,2026-06-29,2026-09-11T01:25:48+02:00
1639322293313092295,Schwabing-Freimann,Private room,89.0,1,2,1.09,143,Medium,True,2026-06-29,2026-09-11T01:25:48+02:00
1639322293399247761,Schwabing-Freimann,Private room,89.0,1,1,1.0,144,Medium,True,2026-06-29,2026-09-11T01:25:48+02:00
1639322404697400428,Sendling-Westpark,Private room,69.0,1,13,6.39,140,Medium,True,2026-06-29,2026-09-11T01:25:48+02:00
1639322404765270472,Sendling-Westpark,Private room,110.0,1,1,0.53,141,Medium,True,2026-06-29,2026-09-11T01:25:48+02:00
1639322405195584574,Sendling-Westpark,Private room,69.0,1,7,7.0,144,Medium,True,2026-06-29,2026-09-11T01:25:48+02:00
1639322405725670280,Sendling-Westpark,Private room,69.0,1,9,6.59,131,Medium,True,2026-06-29,2026-09-11T01:25:48+02:00
1639322423506557842,Tudering-Riem,Private room,107.0,1,0,0.0,144,Medium,False,2026-06-29,2026-09-11T01:25:48+02:00
1640470841301128611,Maxvorstadt,Private room,89.0,1,4,2.07,73,Medium,True,2026-06-29,2026-09-11T01:25:48+02:00
1641257707002080898,Pasing-Obermenzing,Entire home/apt,111.0,4,0,0.0,58,Medium,False,2026-06-29,2026-09-11T01:25:48+02:00
1641279104733753883,Milbertshofen-Am Hart,Entire home/apt,64.0,1,0,0.0,344,High,False,2026-06-29,2026-09-11T01:25:48+02:00
1642134985773910552,Schwabing-West,Entire home/apt,165.0,1,0,0.0,179,Medium,False,2026-06-29,2026-09-11T01:25:48+02:00
1642651213359086543,Ludwigsvorstadt-Isarvorstadt,Entire home/apt,466.0,2,13,4.06,242,High,True,2026-06-29,2026-09-11T01:25:48+02:00
1642706473273142349,Maxvorstadt,Entire home/apt,434.0,2,1,1.0,196,High,True,2026-06-29,2026-09-11T01:25:48+02:00
1642713241382332607,Laim,Private room,75.0,7,0,0.0,362,High,False,2026-06-29,2026-09-11T01:25:48+02:00
1643339467792456702,Sendling,Private room,61.0,1,18,7.61,293,High,True,2026-06-29,2026-09-11T01:25:48+02:00
1643358483949681857,Au-Haidhausen,Entire home/apt,198.0,1,6,2.07,321,High,True,2026-06-29,2026-09-11T01:25:48+02:00
1643359333351624263,Thalkirchen-Obersendling-Forstenried-Fürstenried-Solln,Entire home/apt,126.0,1,2,1.11,244,High,True,2026-06-29,2026-09-11T01:25:48+02:00
1643375479409998319,Ludwigsvorstadt-Isarvorstadt,Entire home/apt,165.0,1,10,4.17,323,High,True,2026-06-29,2026-09-11T01:25:48+02:00
1643389757664691122,Neuhausen-Nymphenburg,Private room,56.0,10,0,0.0,56,Medium,False,2026-06-29,2026-09-11T01:25:48+02:00
1643956480928811010,Neuhausen-Nymphenburg,Private room,113.0,1,0,0.0,52,Medium,False,2026-06-29,2026-09-11T01:25:48+02:00
1644245324280203983,Schwabing-Freimann,Private room,146.0,1,1,0.44,2,Low,True,2026-06-29,2026-09-11T01:25:48+02:00
1644295468487063331,Aubing-Lochhausen-Langwied,Private room,27.0,30,0,0.0,39,Medium,False,2026-06-29,2026-09-11T01:25:48+02:00
1644806358200041955,Maxvorstadt,Entire home/apt,101.0,3,0,0.0,335,High,False,2026-06-29,2026-09-11T01:25:48+02:00
1644838090990812380,Obergiesing,Entire home/apt,154.0,3,4,1.71,52,Medium,True,2026-06-29,2026-09-11T01:25:48+02:00
1644873677878469041,Moosach,Private room,476.0,1,0,0.0,248,High,False,2026-06-29,2026-09-11T01:25:48+02:00
1644885600745572532,Moosach,Private room,290.0,1,0,0.0,211,High,False,2026-06-29,2026-09-11T01:25:48+02:00
1644951168943948144,Pasing-Obermenzing,Private room,99.0,1,3,1.61,237,High,True,2026-06-29,2026-09-11T01:25:48+02:00
1645655746531141955,Schwabing-West,Entire home/apt,217.0,1,2,0.94,270,High,True,2026-06-29,2026-09-11T01:25:48+02:00
1646106920478438182,Obergiesing,Entire home/apt,236.0,2,0,0.0,177,Medium,False,2026-06-29,2026-09-11T01:25:48+02:00
1647989718103540981,Altstadt-Lehel,Entire home/apt,195.0,2,0,0.0,94,Medium,False,2026-06-29,2026-09-11T01:25:48+02:00
1648027418373710534,Milbertshofen-Am Hart,Entire home/apt,59.0,4,1,0.64,26,Low,True,2026-06-29,2026-09-11T01:25:48+02:00
1648407208723522405,Feldmoching-Hasenbergl,Entire home/apt,90.0,2,9,3.14,341,High,True,2026-06-29,2026-09-11T01:25:48+02:00
1648594063417901857,Sendling,Private room,60.0,2,0,0.0,7,Low,False,2026-06-29,2026-09-11T01:25:48+02:00
1648627080199777409,Schwanthalerhöhe,Entire home/apt,146.0,1,5,2.0,283,High,True,2026-06-29,2026-09-11T01:25:48+02:00
1648631546565332492,Schwanthalerhöhe,Entire home/apt,133.0,1,42,16.8,316,High,True,2026-06-29,2026-09-11T01:25:48+02:00
1648635219908545088,Schwanthalerhöhe,Entire home/apt,145.0,1,44,16.5,321,High,True,2026-06-29,2026-09-11T01:25:48+02:00
1648639795404856800,Schwanthalerhöhe,Entire home/apt,145.0,1,5,1.9,309,High,True,2026-06-29,2026-09-11T01:25:48+02:00
1649073615976947702,Thalkirchen-Obersendling-Forstenried-Fürstenried-Solln,Entire home/apt,259.0,2,0,0.0,109,Medium,False,2026-06-29,2026-09-11T01:25:48+02:00
1649184327858228741,Ludwigsvorstadt-Isarvorstadt,Private room,144.0,2,10,3.9,323,High,True,2026-06-29,2026-09-11T01:25:48+02:00
1649360794739010453,Bogenhausen,Entire home/apt,230.0,5,1,1.0,127,Medium,True,2026-06-29,2026-09-11T01:25:48+02:00
1650581108126386850,Milbertshofen-Am Hart,Private room,70.0,1,0,0.0,346,High,False,2026-06-29,2026-09-11T01:25:48+02:00
1650708537988789171,Bogenhausen,Entire home/apt,550.0,1,1,0.56,264,High,True,2026-06-29,2026-09-11T01:25:48+02:00
1650716677840936751,Ludwigsvorstadt-Isarvorstadt,Entire home/apt,456.0,1,13,5.42,284,High,True,2026-06-29,2026-09-11T01:25:48+02:00
1651256110218637131,Sendling-Westpark,Entire home/apt,140.0,1,0,0.0,223,High,False,2026-06-29,2026-09-11T01:25:48+02:00
1651274855198738536,Au-Haidhausen,Entire home/apt,140.0,1,2,1.03,17,Low,True,2026-06-29,2026-09-11T01:25:48+02:00
1652067217486822663,Ludwigsvorstadt-Isarvorstadt,Entire home/apt,456.0,1,10,3.61,302,High,True,2026-06-29,2026-09-11T01:25:48+02:00
1652103233942529348,Schwabing-West,Entire home/apt,196.0,1,2,1.03,59,Medium,True,2026-06-29,2026-09-11T01:25:48+02:00
1652363074501318289,Milbertshofen-Am Hart,Private room,75.0,2,10,3.45,25,Low,True,2026-06-29,2026-09-11T01:25:48+02:00
1652667329076635424,Neuhausen-Nymphenburg,Entire home/apt,142.0,3,1,0.64,184,High,True,2026-06-29,2026-09-11T01:25:48+02:00
1652697043203653797,Ludwigsvorstadt-Isarvorstadt,Private room,115.0,1,0,0.0,304,High,False,2026-06-29,2026-09-11T01:25:48+02:00
1652772982518910083,Aubing-Lochhausen-Langwied,Private room,23.0,29,0,0.0,241,High,False,2026-06-29,2026-09-11T01:25:48+02:00
1652806661233029966,Ludwigsvorstadt-Isarvorstadt,Private room,108.0,1,2,1.22,301,High,True,2026-06-29,2026-09-11T01:25:48+02:00
1652809688551410726,Ludwigsvorstadt-Isarvorstadt,Private room,83.0,1,10,3.53,322,High,True,2026-06-29,2026-09-11T01:25:48+02:00
1652814115285853307,Ludwigsvorstadt-Isarvorstadt,Private room,119.0,1,0,0.0,307,High,False,2026-06-29,2026-09-11T01:25:48+02:00
1652816770988158365,Ludwigsvorstadt-Isarvorstadt,Private room,116.0,1,0,0.0,318,High,False,2026-06-29,2026-09-11T01:25:48+02:00
1652818679693357007,Ludwigsvorstadt-Isarvorstadt,Private room,164.0,1,0,0.0,288,High,False,2026-06-29,2026-09-11T01:25:48+02:00
1653044282002955285,Laim,Entire home/apt,145.0,1,5,2.05,76,Medium,True,2026-06-29,2026-09-11T01:25:48+02:00
1653585820574048262,Au-Haidhausen,Entire home/apt,149.0,1,20,7.14,167,Medium,True,2026-06-29,2026-09-11T01:25:48+02:00
1653590567665552509,Bogenhausen,Private room,97.0,28,0,0.0,287,High,False,2026-06-29,2026-09-11T01:25:48+02:00
1653632816758269955,Tudering-Riem,Entire home/apt,205.0,2,3,1.67,170,Medium,True,2026-06-29,2026-09-11T01:25:48+02:00
1654118401424932249,Maxvorstadt,Entire home/apt,200.0,1,3,1.73,115,Medium,True,2026-06-29,2026-09-11T01:25:48+02:00
1654292047786095424,Altstadt-Lehel,Private room,360.0,1,0,0.0,99,Medium,False,2026-06-29,2026-09-11T01:25:48+02:00
1654304251341343314,Schwabing-West,Private room,81.0,2,0,0.0,321,High,False,2026-06-29,2026-09-11T01:25:48+02:00
1654849341909522250,Ludwigsvorstadt-Isarvorstadt,Private room,79.0,1,3,2.43,48,Medium,True,2026-06-29,2026-09-11T01:25:48+02:00
1655113160388615019,Schwabing-West,Entire home/apt,280.0,1,0,0.0,39,Medium,False,2026-06-29,2026-09-11T01:25:48+02:00
1655855066862719436,Neuhausen-Nymphenburg,Private room,70.0,1,17,6.0,323,High,True,2026-06-29,2026-09-11T01:25:48+02:00
1657105417586048344,Sendling,Private room,82.0,1,3,1.55,353,High,True,2026-06-29,2026-09-11T01:25:48+02:00
1657797691298100289,Neuhausen-Nymphenburg,Private room,100.0,1,1,0.57,86,Medium,True,2026-06-29,2026-09-11T01:25:48+02:00
1658185079404068527,Schwabing-Freimann,Private room,185.0,1,6,2.34,354,High,True,2026-06-29,2026-09-11T01:25:48+02:00
1659208168465858049,Bogenhausen,Private room,85.0,2,0,0.0,314,High,False,2026-06-29,2026-09-11T01:25:48+02:00
1659349573374958453,Sendling-Westpark,Entire home/apt,79.0,14,0,0.0,321,High,False,2026-06-29,2026-09-11T01:25:48+02:00
1660351917014567853,Aubing-Lochhausen-Langwied,Shared room,70.0,3,0,0.0,26,Low,False,2026-06-29,2026-09-11T01:25:48+02:00
1660369927824737029,Aubing-Lochhausen-Langwied,Entire home/apt,190.0,7,3,1.38,74,Medium,True,2026-06-29,2026-09-11T01:25:48+02:00
1660709673086119993,Schwabing-Freimann,Private room,116.0,3,1,0.56,85,Medium,True,2026-06-29,2026-09-11T01:25:48+02:00
1660881420917758366,Schwabing-Freimann,Entire home/apt,160.0,2,0,0.0,26,Low,False,2026-06-29,2026-09-11T01:25:48+02:00
1660916807555483134,Maxvorstadt,Entire home/apt,140.0,1,2,1.62,6,Low,True,2026-06-29,2026-09-11T01:25:48+02:00
1661467577650447529,Schwanthalerhöhe,Entire home/apt,242.0,7,1,0.42,13,Low,True,2026-06-29,2026-09-11T01:25:48+02:00
1661492739689011547,Thalkirchen-Obersendling-Forstenried-Fürstenried-Solln,Private room,128.0,2,1,1.0,365,High,True,2026-06-29,2026-09-11T01:25:48+02:00
1661649480059166863,Bogenhausen,Private room,71.0,1,8,3.33,292,High,True,2026-06-29,2026-09-11T01:25:48+02:00
1661850606934364516,Tudering-Riem,Entire home/apt,272.0,1,0,0.0,332,High,False,2026-06-29,2026-09-11T01:25:48+02:00
1662066492353519137,Schwabing-West,Entire home/apt,119.0,1,3,1.25,88,Medium,True,2026-06-29,2026-09-11T01:25:48+02:00
1662697243731647081,Tudering-Riem,Entire home/apt,116.0,1,0,0.0,323,High,False,2026-06-29,2026-09-11T01:25:48+02:00
1662839597714873116,Schwabing-West,Entire home/apt,100.0,2,3,1.55,69,Medium,True,2026-06-29,2026-09-11T01:25:48+02:00
1662954800086205230,Maxvorstadt,Entire home/apt,107.0,5,1,0.68,14,Low,True,2026-06-29,2026-09-11T01:25:48+02:00
1662976299852807949,Ludwigsvorstadt-Isarvorstadt,Entire home/apt,202.0,3,0,0.0,37,Medium,False,2026-06-29,2026-09-11T01:25:48+02:00
1662977637610121702,Tudering-Riem,Entire home/apt,514.0,7,0,0.0,362,High,False,2026-06-29,2026-09-11T01:25:48+02:00
1663116152055491705,Neuhausen-Nymphenburg,Private room,60.0,1,7,2.92,85,Medium,True,2026-06-29,2026-09-11T01:25:48+02:00
1663120081847394741,Ludwigsvorstadt-Isarvorstadt,Entire home/apt,290.0,2,4,1.79,27,Low,True,2026-06-29,2026-09-11T01:25:48+02:00
1663833197196173611,Ludwigsvorstadt-Isarvorstadt,Entire home/apt,483.0,2,0,0.0,14,Low,False,2026-06-29,2026-09-11T01:25:48+02:00
1664009015296420641,Untergiesing-Harlaching,Entire home/apt,102.0,1,0,0.0,202,High,False,2026-06-29,2026-09-11T01:25:48+02:00
1665371476948108019,Schwabing-West,Entire home/apt,119.0,17,1,1.0,89,Medium,True,2026-06-29,2026-09-11T01:25:48+02:00
1665445825212724337,Ludwigsvorstadt-Isarvorstadt,Entire home/apt,237.0,2,6,2.95,8,Low,True,2026-06-29,2026-09-11T01:25:48+02:00
1665954210871379383,Ramersdorf-Perlach,Private room,217.0,3,1,0.57,327,High,True,2026-06-29,2026-09-11T01:25:48+02:00
1667227411660048233,Sendling-Westpark,Entire home/apt,145.0,2,7,3.62,51,Medium,True,2026-06-29,2026-09-11T01:25:48+02:00
1667586720894578881,Sendling-Westpark,Private room,111.0,1,2,1.11,339,High,True,2026-06-29,2026-09-11T01:25:48+02:00
1667618472386683577,Ramersdorf-Perlach,Entire home/apt,66.0,5,0,0.0,10,Low,False,2026-06-29,2026-09-11T01:25:48+02:00
1667812859698528971,Ramersdorf-Perlach,Entire home/apt,149.0,1,1,1.0,115,Medium,True,2026-06-29,2026-09-11T01:25:48+02:00
1667948353932204150,Aubing-Lochhausen-Langwied,Entire home/apt,194.0,3,2,1.36,20,Low,True,2026-06-29,2026-09-11T01:25:48+02:00
1668064033311405579,Obergiesing,Entire home/apt,195.0,1,2,2.0,54,Medium,True,2026-06-29,2026-09-11T01:25:48+02:00
1668159845871072506,Berg am Laim,Entire home/apt,115.0,10,1,1.0,41,Medium,True,2026-06-29,2026-09-11T01:25:48+02:00
1668767702711012289,Aubing-Lochhausen-Langwied,Private room,58.0,3,1,0.56,70,Medium,True,2026-06-29,2026-09-11T01:25:48+02:00
1668808821018021983,Ludwigsvorstadt-Isarvorstadt,Entire home/apt,394.0,1,2,2.0,56,Medium,True,2026-06-29,2026-09-11T01:25:48+02:00
1668888973096844998,Tudering-Riem,Entire home/apt,300.0,1,0,0.0,8,Low,False,2026-06-29,2026-09-11T01:25:48+02:00
1668914560544844986,Schwabing-West,Entire home/apt,300.0,3,1,1.0,321,High,True,2026-06-29,2026-09-11T01:25:48+02:00
1668974973118219199,Ludwigsvorstadt-Isarvorstadt,Entire home/apt,395.0,1,0,0.0,365,High,False,2026-06-29,2026-09-11T01:25:48+02:00
1669344942222595804,Schwanthalerhöhe,Entire home/apt,165.0,1,0,0.0,179,Medium,False,2026-06-29,2026-09-11T01:25:48+02:00
1669652304601449689,Ludwigsvorstadt-Isarvorstadt,Entire home/apt,410.0,2,0,0.0,36,Medium,False,2026-06-29,2026-09-11T01:25:48+02:00
1669697321182900187,Schwanthalerhöhe,Entire home/apt,165.0,2,2,2.0,308,High,True,2026-06-29,2026-09-11T01:25:48+02:00
1669814283602646591,Schwabing-West,Entire home/apt,106.0,1,2,1.11,344,High,True,2026-06-29,2026-09-11T01:25:48+02:00
1670211876019473809,Untergiesing-Harlaching,Entire home/apt,407.0,3,0,0.0,233,High,False,2026-06-29,2026-09-11T01:25:48+02:00
1670820433677046897,Schwanthalerhöhe,Private room,119.0,1,6,3.1,359,High,True,2026-06-29,2026-09-11T01:25:48+02:00
1670899497829897334,Schwanthalerhöhe,Private room,199.0,1,0,0.0,274,High,False,2026-06-29,2026-09-11T01:25:48+02:00
1670904547993997560,Au-Haidhausen,Entire home/apt,97.0,5,0,0.0,31,Medium,False,2026-06-29,2026-09-11T01:25:48+02:00
1671130009996148773,Schwanthalerhöhe,Entire home/apt,134.0,2,0,0.0,251,High,False,2026-06-29,2026-09-11T01:25:48+02:00
1672321463218384278,Milbertshofen-Am Hart,Private room,118.0,4,1,1.0,90,Medium,True,2026-06-29,2026-09-11T01:25:48+02:00
1672343582215289029,Pasing-Obermenzing,Private room,78.0,2,3,1.61,34,Medium,True,2026-06-29,2026-09-11T01:25:48+02:00
1673120801200124123,Neuhausen-Nymphenburg,Entire home/apt,312.0,14,0,0.0,30,Low,False,2026-06-29,2026-09-11T01:25:48+02:00
1673724147530104740,Schwabing-West,Entire home/apt,800.0,1,0,0.0,227,High,False,2026-06-29,2026-09-11T01:25:48+02:00
1674639110201488523,Tudering-Riem,Entire home/apt,118.0,29,0,0.0,200,High,False,2026-06-29,2026-09-11T01:25:48+02:00
1675223668476823866,Ludwigsvorstadt-Isarvorstadt,Entire home/apt,318.0,1,5,2.59,9,Low,True,2026-06-29,2026-09-11T01:25:48+02:00
1675245500619806132,Neuhausen-Nymphenburg,Entire home/apt,160.0,2,0,0.0,135,Medium,False,2026-06-29,2026-09-11T01:25:48+02:00
1675854272198747055,Neuhausen-Nymphenburg,Private room,89.0,1,3,1.64,343,High,True,2026-06-29,2026-09-11T01:25:48+02:00
1675978908552237022,Obergiesing,Entire home/apt,109.0,1,5,2.73,6,Low,True,2026-06-29,2026-09-11T01:25:48+02:00
1676029828066204057,Obergiesing,Private room,62.0,1,0,0.0,342,High,False,2026-06-29,2026-09-11T01:25:48+02:00
1676287320479265672,Sendling,Entire home/apt,439.0,1,0,0.0,17,Low,False,2026-06-29,2026-09-11T01:25:48+02:00
1676626722906402519,Laim,Entire home/apt,62.0,2,0,0.0,30,Low,False,2026-06-29,2026-09-11T01:25:48+02:00
1677421557097315151,Tudering-Riem,Private room,80.0,1,2,2.0,208,High,True,2026-06-29,2026-09-11T01:25:48+02:00
1677717531549610406,Ludwigsvorstadt-Isarvorstadt,Entire home/apt,83.0,2,2,2.0,51,Medium,True,2026-06-29,2026-09-11T01:25:48+02:00
1677746756409598671,Sendling,Entire home/apt,409.0,2,0,0.0,69,Medium,False,2026-06-29,2026-09-11T01:25:48+02:00
1677767152523980305,Schwabing-West,Entire home/apt,144.0,2,4,4.0,73,Medium,True,2026-06-29,2026-09-11T01:25:48+02:00
1678262002280900386,Milbertshofen-Am Hart,Private room,86.0,1,1,0.7,362,High,True,2026-06-29,2026-09-11T01:25:48+02:00
1678327692513651772,Thalkirchen-Obersendling-Forstenried-Fürstenried-Solln,Entire home/apt,86.0,2,0,0.0,299,High,False,2026-06-29,2026-09-11T01:25:48+02:00
1678462892098301811,Feldmoching-Hasenbergl,Private room,64.0,2,2,2.0,343,High,True,2026-06-29,2026-09-11T01:25:48+02:00
1678790577743031827,Maxvorstadt,Entire home/apt,308.0,2,0,0.0,176,Medium,False,2026-06-29,2026-09-11T01:25:48+02:00
1679028386825278207,Maxvorstadt,Private room,79.0,2,2,2.0,73,Medium,True,2026-06-29,2026-09-11T01:25:48+02:00
1679498277786290764,Maxvorstadt,Private room,89.0,1,0,0.0,362,High,False,2026-06-29,2026-09-11T01:25:48+02:00
1679532625757177752,Ludwigsvorstadt-Isarvorstadt,Private room,70.0,1,1,1.0,32,Medium,True,2026-06-29,2026-09-11T01:25:48+02:00
1679662190859308135,Neuhausen-Nymphenburg,Private room,50.0,1,2,1.43,278,High,True,2026-06-29,2026-09-11T01:25:48+02:00
1679792515752509940,Bogenhausen,Private room,109.0,1,1,1.0,26,Low,True,2026-06-29,2026-09-11T01:25:48+02:00
1679863693048343120,Ludwigsvorstadt-Isarvorstadt,Private room,200.0,1,0,0.0,343,High,False,2026-06-29,2026-09-11T01:25:48+02:00
1679936018264368926,Altstadt-Lehel,Private room,50.0,1,0,0.0,11,Low,False,2026-06-29,2026-09-11T01:25:48+02:00
1680326223959201323,Aubing-Lochhausen-Langwied,Private room,56.0,1,3,3.0,6,Low,True,2026-06-29,2026-09-11T01:25:48+02:00
1680614232215471663,Milbertshofen-Am Hart,Entire home/apt,239.0,2,1,1.0,83,Medium,True,2026-06-29,2026-09-11T01:25:48+02:00
1681076230988276204,Ramersdorf-Perlach,Entire home/apt,111.0,2,4,2.79,3,Low,True,2026-06-29,2026-09-11T01:25:48+02:00
1681401455230111898,Bogenhausen,Private room,102.0,1,1,0.68,325,High,True,2026-06-29,2026-09-11T01:25:48+02:00
1681834830994430286,Ramersdorf-Perlach,Entire home/apt,90.0,1,0,0.0,120,Medium,False,2026-06-29,2026-09-11T01:25:48+02:00
1681898994278397224,Au-Haidhausen,Entire home/apt,420.0,2,0,0.0,128,Medium,False,2026-06-29,2026-09-11T01:25:48+02:00
1682662877345248384,Milbertshofen-Am Hart,Entire home/apt,390.0,1,2,1.33,8,Low,True,2026-06-29,2026-09-11T01:25:48+02:00
1682719276200370581,Tudering-Riem,Private room,84.0,1,4,2.67,29,Low,True,2026-06-29,2026-09-11T01:25:48+02:00
1683299488555165365,Ludwigsvorstadt-Isarvorstadt,Entire home/apt,202.0,7,0,0.0,122,Medium,False,2026-06-29,2026-09-11T01:25:48+02:00
1683456822008263338,Maxvorstadt,Entire home/apt,309.0,2,0,0.0,14,Low,False,2026-06-29,2026-09-11T01:25:48+02:00
1684042189737880609,Pasing-Obermenzing,Entire home/apt,119.0,1,0,0.0,325,High,False,2026-06-29,2026-09-11T01:25:48+02:00
1684677041292610850,Maxvorstadt,Entire home/apt,160.0,1,3,2.0,34,Medium,True,2026-06-29,2026-09-11T01:25:48+02:00
1684748361718988634,Neuhausen-Nymphenburg,Private room,69.0,1,1,1.0,298,High,True,2026-06-29,2026-09-11T01:25:48+02:00
1684829662747606138,Schwanthalerhöhe,Entire home/apt,138.0,2,1,1.0,19,Low,True,2026-06-29,2026-09-11T01:25:48+02:00
1684859898550021794,Schwanthalerhöhe,Entire home/apt,532.0,1,0,0.0,69,Medium,False,2026-06-29,2026-09-11T01:25:48+02:00
1685636715238596005,Ludwigsvorstadt-Isarvorstadt,Entire home/apt,839.0,1,5,3.33,10,Low,True,2026-06-29,2026-09-11T01:25:48+02:00
1685657947115469162,Berg am Laim,Entire home/apt,112.0,15,0,0.0,231,High,False,2026-06-29,2026-09-11T01:25:48+02:00
1685756273884051129,Moosach,Entire home/apt,136.0,1,0,0.0,30,Low,False,2026-06-29,2026-09-11T01:25:48+02:00
1686246789678330345,Ludwigsvorstadt-Isarvorstadt,Private room,210.0,1,0,0.0,173,Medium,False,2026-06-29,2026-09-11T01:25:48+02:00
1686251112461390475,Schwabing-Freimann,Entire home/apt,149.0,3,1,1.0,266,High,True,2026-06-29,2026-09-11T01:25:48+02:00
1686262088116377625,Ludwigsvorstadt-Isarvorstadt,Private room,185.0,1,0,0.0,183,High,False,2026-06-29,2026-09-11T01:25:48+02:00
1686360828492205970,Sendling,Entire home/apt,149.0,1,0,0.0,73,Medium,False,2026-06-29,2026-09-11T01:25:48+02:00
1686371346458946719,Bogenhausen,Entire home/apt,123.0,2,2,2.0,47,Medium,True,2026-06-29,2026-09-11T01:25:48+02:00
1687073574389683516,Milbertshofen-Am Hart,Entire home/apt,130.0,2,2,2.0,84,Medium,True,2026-06-29,2026-09-11T01:25:48+02:00
1687681917574694966,Thalkirchen-Obersendling-Forstenried-Fürstenried-Solln,Entire home/apt,97.0,1,0,0.0,58,Medium,False,2026-06-29,2026-09-11T01:25:48+02:00
1687807799719494905,Bogenhausen,Private room,100.0,1,1,1.0,81,Medium,True,2026-06-29,2026-09-11T01:25:48+02:00
1687896878134777968,Milbertshofen-Am Hart,Entire home/apt,110.0,1,1,1.0,64,Medium,True,2026-06-29,2026-09-11T01:25:48+02:00
1688350226398058446,Obergiesing,Entire home/apt,110.0,1,1,1.0,215,High,True,2026-06-29,2026-09-11T01:25:48+02:00
1689088302242143820,Bogenhausen,Entire home/apt,140.0,7,0,0.0,25,Low,False,2026-06-29,2026-09-11T01:25:48+02:00
1689141399802793086,Ludwigsvorstadt-Isarvorstadt,Entire home/apt,230.0,2,4,4.0,344,High,True,2026-06-29,2026-09-11T01:25:48+02:00
1689241528758610634,Thalkirchen-Obersendling-Forstenried-Fürstenried-Solln,Entire home/apt,97.0,1,1,1.0,76,Medium,True,2026-06-29,2026-09-11T01:25:48+02:00
1689299559308123909,Sendling-Westpark,Private room,58.0,2,0,0.0,83,Medium,False,2026-06-29,2026-09-11T01:25:48+02:00
1689938446149760726,Schwabing-Freimann,Private room,89.0,1,4,4.0,286,High,True,2026-06-29,2026-09-11T01:25:48+02:00
1690043959483301176,Ludwigsvorstadt-Isarvorstadt,Entire home/apt,320.0,1,0,0.0,1,Low,False,2026-06-29,2026-09-11T01:25:48+02:00
1690163539577097931,Schwabing-Freimann,Private room,94.0,1,0,0.0,232,High,False,2026-06-29,2026-09-11T01:25:48+02:00
1690163665925283183,Schwabing-Freimann,Private room,99.0,1,2,2.0,284,High,True,2026-06-29,2026-09-11T01:25:48+02:00
1690348038953690200,Untergiesing-Harlaching,Entire home/apt,138.0,5,0,0.0,77,Medium,False,2026-06-29,2026-09-11T01:25:48+02:00
1690397054207487903,Hadern,Private room,115.0,1,0,0.0,309,High,False,2026-06-29,2026-09-11T01:25:48+02:00
1690446733156198239,Schwabing-Freimann,Private room,152.0,2,1,1.0,328,High,True,2026-06-29,2026-09-11T01:25:48+02:00
1690484496430347723,Hadern,Private room,109.0,1,1,1.0,323,High,True,2026-06-29,2026-09-11T01:25:48+02:00
1690680321991399111,Ludwigsvorstadt-Isarvorstadt,Entire home/apt,405.0,2,0,0.0,251,High,False,2026-06-29,2026-09-11T01:25:48+02:00
1691426053226532251,Thalkirchen-Obersendling-Forstenried-Fürstenried-Solln,Entire home/apt,431.0,1,0,0.0,57,Medium,False,2026-06-29,2026-09-11T01:25:48+02:00
1691951368513122725,Maxvorstadt,Entire home/apt,370.0,1,0,0.0,138,Medium,False,2026-06-29,2026-09-11T01:25:48+02:00
1691992412601506625,Ludwigsvorstadt-Isarvorstadt,Entire home/apt,157.0,2,0,0.0,262,High,False,2026-06-29,2026-09-11T01:25:48+02:00
1692215850901690161,Ramersdorf-Perlach,Entire home/apt,266.0,1,2,2.0,344,High,True,2026-06-29,2026-09-11T01:25:48+02:00
1692690276809903466,Bogenhausen,Private room,93.0,1,0,0.0,364,High,False,2026-06-29,2026-09-11T01:25:48+02:00
1692855751962224789,Schwanthalerhöhe,Entire home/apt,121.0,2,1,1.0,180,Medium,True,2026-06-29,2026-09-11T01:25:48+02:00
1693389604743670955,Ludwigsvorstadt-Isarvorstadt,Entire home/apt,700.0,1,0,0.0,54,Medium,False,2026-06-29,2026-09-11T01:25:48+02:00
1693533302348540464,Ramersdorf-Perlach,Entire home/apt,135.0,1,2,2.0,51,Medium,True,2026-06-29,2026-09-11T01:25:48+02:00
1693546631345480454,Moosach,Private room,134.0,2,1,1.0,52,Medium,True,2026-06-29,2026-09-11T01:25:48+02:00
1693564666902603087,Maxvorstadt,Entire home/apt,468.0,4,0,0.0,81,Medium,False,2026-06-29,2026-09-11T01:25:48+02:00
1694010245749355544,Ramersdorf-Perlach,Entire home/apt,95.0,2,0,0.0,29,Low,False,2026-06-29,2026-09-11T01:25:48+02:00
1694046746879458383,Bogenhausen,Entire home/apt,132.0,1,0,0.0,273,High,False,2026-06-29,2026-09-11T01:25:48+02:00
1694195398410043787,Obergiesing,Entire home/apt,143.0,4,0,0.0,29,Low,False,2026-06-29,2026-09-11T01:25:48+02:00
1694276606591213402,Moosach,Entire home/apt,113.0,3,0,0.0,84,Medium,False,2026-06-29,2026-09-11T01:25:48+02:00
1694359846730548548,Bogenhausen,Private room,37.0,2,2,2.0,8,Low,True,2026-06-29,2026-09-11T01:25:48+02:00
1694805921808746355,Allach-Untermenzing,Entire home/apt,111.0,7,0,0.0,59,Medium,False,2026-06-29,2026-09-11T01:25:48+02:00
1695097917005858703,Pasing-Obermenzing,Entire home/apt,98.0,1,0,0.0,313,High,False,2026-06-29,2026-09-11T01:25:48+02:00
1695179776875095264,Schwabing-West,Entire home/apt,138.0,3,0,0.0,67,Medium,False,2026-06-29,2026-09-11T01:25:48+02:00
1695716042888888067,Thalkirchen-Obersendling-Forstenried-Fürstenried-Solln,Entire home/apt,220.0,6,0,0.0,346,High,False,2026-06-29,2026-09-11T01:25:48+02:00
1695819367684406390,Sendling-Westpark,Entire home/apt,68.0,2,0,0.0,79,Medium,False,2026-06-29,2026-09-11T01:25:48+02:00
1695867600446032205,Neuhausen-Nymphenburg,Private room,64.0,1,4,4.0,342,High,True,2026-06-29,2026-09-11T01:25:48+02:00
1696161686616683147,Untergiesing-Harlaching,Entire home/apt,50.0,30,0,0.0,192,High,False,2026-06-29,2026-09-11T01:25:48+02:00
1696480668874277544,Maxvorstadt,Entire home/apt,200.0,2,0,0.0,18,Low,False,2026-06-29,2026-09-11T01:25:48+02:00
1696583309385695539,Pasing-Obermenzing,Private room,67.0,1,4,4.0,335,High,True,2026-06-29,2026-09-11T01:25:48+02:00
1696588335476917431,Ludwigsvorstadt-Isarvorstadt,Private room,946.0,1,0,0.0,190,High,False,2026-06-29,2026-09-11T01:25:48+02:00
1696607008372590188,Au-Haidhausen,Entire home/apt,92.0,2,0,0.0,66,Medium,False,2026-06-29,2026-09-11T01:25:48+02:00
1697059163320225495,Sendling,Entire home/apt,333.0,2,0,0.0,166,Medium,False,2026-06-29,2026-09-11T01:25:48+02:00
1697155951260781763,Schwabing-Freimann,Entire home/apt,44.0,30,0,0.0,65,Medium,False,2026-06-29,2026-09-11T01:25:48+02:00
1698620645236161589,Ludwigsvorstadt-Isarvorstadt,Entire home/apt,124.0,2,3,3.0,26,Low,True,2026-06-29,2026-09-11T01:25:48+02:00
1698752055199668401,Neuhausen-Nymphenburg,Entire home/apt,517.0,2,0,0.0,270,High,False,2026-06-29,2026-09-11T01:25:48+02:00
1699199618263657478,Milbertshofen-Am Hart,Entire home/apt,75.0,2,1,1.0,7,Low,True,2026-06-29,2026-09-11T01:25:48+02:00
1699223229794506324,Ludwigsvorstadt-Isarvorstadt,Entire home/apt,108.0,2,2,2.0,69,Medium,True,2026-06-29,2026-09-11T01:25:48+02:00
1699406665435086784,Sendling,Entire home/apt,118.0,7,0,0.0,12,Low,False,2026-06-29,2026-09-11T01:25:48+02:00
1699788675970443616,Laim,Private room,105.0,1,0,0.0,66,Medium,False,2026-06-29,2026-09-11T01:25:48+02:00
1699854842892202619,Ludwigsvorstadt-Isarvorstadt,Entire home/apt,125.0,1,0,0.0,195,High,False,2026-06-29,2026-09-11T01:25:48+02:00
1699976146751831165,Untergiesing-Harlaching,Entire home/apt,219.0,3,0,0.0,237,High,False,2026-06-29,2026-09-11T01:25:48+02:00
1700146462575916738,Sendling,Private room,66.0,1,1,1.0,280,High,True,2026-06-29,2026-09-11T01:25:48+02:00
1700520551488260913,Untergiesing-Harlaching,Entire home/apt,149.0,1,0,0.0,334,High,False,2026-06-29,2026-09-11T01:25:48+02:00
1700565526976984135,Tudering-Riem,Private room,97.0,3,0,0.0,365,High,False,2026-06-29,2026-09-11T01:25:48+02:00
1700573274048429265,Pasing-Obermenzing,Private room,74.0,2,3,3.0,39,Medium,True,2026-06-29,2026-09-11T01:25:48+02:00
1700600714421617801,Berg am Laim,Entire home/apt,111.0,1,0,0.0,200,High,False,2026-06-29,2026-09-11T01:25:48+02:00
1700638045754356804,Bogenhausen,Private room,143.0,1,0,0.0,28,Low,False,2026-06-29,2026-09-11T01:25:48+02:00
1700643745836359625,Neuhausen-Nymphenburg,Entire home/apt,270.0,1,0,0.0,268,High,False,2026-06-29,2026-09-11T01:25:48+02:00
1700683168210509649,Laim,Entire home/apt,85.0,1,0,0.0,213,High,False,2026-06-29,2026-09-11T01:25:48+02:00
1700772284856685290,Ramersdorf-Perlach,Entire home/apt,248.0,1,4,4.0,337,High,True,2026-06-29,2026-09-11T01:25:48+02:00
1700850459268840266,Ludwigsvorstadt-Isarvorstadt,Entire home/apt,760.0,2,0,0.0,302,High,False,2026-06-29,2026-09-11T01:25:48+02:00
1701254341941120562,Ludwigsvorstadt-Isarvorstadt,Private room,229.0,2,1,1.0,359,High,True,2026-06-29,2026-09-11T01:25:48+02:00
1701271602456477178,Neuhausen-Nymphenburg,Entire home/apt,829.0,7,0,0.0,102,Medium,False,2026-06-29,2026-09-11T01:25:48+02:00
1701531717444194728,Altstadt-Lehel,Entire home/apt,205.0,1,2,2.0,15,Low,True,2026-06-29,2026-09-11T01:25:48+02:00
1701635913236561550,Neuhausen-Nymphenburg,Entire home/apt,143.0,1,0,0.0,80,Medium,False,2026-06-29,2026-09-11T01:25:48+02:00
1702119984417422756,Maxvorstadt,Entire home/apt,505.0,2,0,0.0,108,Medium,False,2026-06-29,2026-09-11T01:25:48+02:00
1702168083806372381,Ramersdorf-Perlach,Entire home/apt,78.0,2,0,0.0,79,Medium,False,2026-06-29,2026-09-11T01:25:48+02:00
1702806895485068336,Ludwigsvorstadt-Isarvorstadt,Entire home/apt,455.0,1,0,0.0,13,Low,False,2026-06-29,2026-09-11T01:25:48+02:00
1702835819262912815,Hadern,Private room,315.0,3,0,0.0,174,Medium,False,2026-06-29,2026-09-11T01:25:48+02:00
1702891351288813909,Schwabing-West,Entire home/apt,130.0,1,0,0.0,44,Medium,False,2026-06-29,2026-09-11T01:25:48+02:00
1703505361326764820,Schwabing-West,Entire home/apt,104.0,6,0,0.0,57,Medium,False,2026-06-29,2026-09-11T01:25:48+02:00
1703634628995909798,Pasing-Obermenzing,Private room,70.0,1,0,0.0,357,High,False,2026-06-29,2026-09-11T01:25:48+02:00
1703715852740539510,Ludwigsvorstadt-Isarvorstadt,Entire home/apt,811.0,1,0,0.0,282,High,False,2026-06-29,2026-09-11T01:25:48+02:00
1704382550654412345,Ludwigsvorstadt-Isarvorstadt,Entire home/apt,354.0,2,0,0.0,39,Medium,False,2026-06-29,2026-09-11T01:25:48+02:00
1704407582190460297,Tudering-Riem,Private room,117.0,3,0,0.0,365,High,False,2026-06-29,2026-09-11T01:25:48+02:00
1704578240069709299,Neuhausen-Nymphenburg,Entire home/apt,96.0,7,0,0.0,17,Low,False,2026-06-29,2026-09-11T01:25:48+02:00
1704960401893462008,Thalkirchen-Obersendling-Forstenried-Fürstenried-Solln,Private room,30.0,30,0,0.0,64,Medium,False,2026-06-29,2026-09-11T01:25:48+02:00
1705216211902656224,Schwanthalerhöhe,Entire home/apt,525.0,2,0,0.0,101,Medium,False,2026-06-29,2026-09-11T01:25:48+02:00
1705310802657356433,Aubing-Lochhausen-Langwied,Entire home/apt,127.0,1,0,0.0,340,High,False,2026-06-29,2026-09-11T01:25:48+02:00
1705629308233814994,Thalkirchen-Obersendling-Forstenried-Fürstenried-Solln,Entire home/apt,420.0,1,0,0.0,50,Medium,False,2026-06-29,2026-09-11T01:25:48+02:00
1705633131684367847,Ramersdorf-Perlach,Entire home/apt,248.0,1,1,1.0,354,High,True,2026-06-29,2026-09-11T01:25:48+02:00
1705646819236060526,Ramersdorf-Perlach,Entire home/apt,306.0,1,1,1.0,335,High,True,2026-06-29,2026-09-11T01:25:48+02:00
1705771593358477664,Obergiesing,Entire home/apt,85.0,1,0,0.0,270,High,False,2026-06-29,2026-09-11T01:25:48+02:00
1705972773121041355,Obergiesing,Entire home/apt,229.0,2,0,0.0,268,High,False,2026-06-29,2026-09-11T01:25:48+02:00
1705988773389549282,Pasing-Obermenzing,Private room,68.0,1,0,0.0,254,High,False,2026-06-29,2026-09-11T01:25:48+02:00
1706159014143915241,Milbertshofen-Am Hart,Private room,200.0,1,0,0.0,342,High,False,2026-06-29,2026-09-11T01:25:48+02:00
1706307706459702327,Feldmoching-Hasenbergl,Private room,65.0,1,2,2.0,348,High,True,2026-06-29,2026-09-11T01:25:48+02:00
1706421057935640884,Ludwigsvorstadt-Isarvorstadt,Entire home/apt,700.0,1,0,0.0,9,Low,False,2026-06-29,2026-09-11T01:25:48+02:00
1706522628533516928,Ludwigsvorstadt-Isarvorstadt,Entire home/apt,70.0,1,2,2.0,343,High,True,2026-06-29,2026-09-11T01:25:48+02:00
1706600372206849251,Schwabing-Freimann,Entire home/apt,415.0,2,0,0.0,180,Medium,False,2026-06-29,2026-09-11T01:25:48+02:00
1706745593101858491,Ludwigsvorstadt-Isarvorstadt,Entire home/apt,126.0,2,0,0.0,251,High,False,2026-06-29,2026-09-11T01:25:48+02:00
1707406269552234343,Schwabing-Freimann,Entire home/apt,143.0,2,3,3.0,35,Medium,True,2026-06-29,2026-09-11T01:25:48+02:00
1707418255264992455,Ramersdorf-Perlach,Entire home/apt,401.0,1,1,1.0,354,High,True,2026-06-29,2026-09-11T01:25:48+02:00
1707425381452625783,Ramersdorf-Perlach,Entire home/apt,248.0,1,2,2.0,352,High,True,2026-06-29,2026-09-11T01:25:48+02:00
1707489209277814867,Milbertshofen-Am Hart,Entire home/apt,224.0,3,0,0.0,348,High,False,2026-06-29,2026-09-11T01:25:48+02:00
1707783852365220824,Obergiesing,Entire home/apt,96.0,2,1,1.0,150,Medium,True,2026-06-29,2026-09-11T01:25:48+02:00
1708032849161794421,Au-Haidhausen,Entire home/apt,135.0,1,1,1.0,16,Low,True,2026-06-29,2026-09-11T01:25:48+02:00
1708577101498205534,Allach-Untermenzing,Entire home/apt,249.0,1,0,0.0,290,High,False,2026-06-29,2026-09-11T01:25:48+02:00
1709330138571933219,Pasing-Obermenzing,Private room,85.0,3,0,0.0,234,High,False,2026-06-29,2026-09-11T01:25:48+02:00
1709465166468035223,Obergiesing,Private room,114.0,1,0,0.0,120,Medium,False,2026-06-29,2026-09-11T01:25:48+02:00
1709559721407624958,Laim,Entire home/apt,164.0,5,0,0.0,191,High,False,2026-06-29,2026-09-11T01:25:48+02:00
1709881939347602779,Thalkirchen-Obersendling-Forstenried-Fürstenried-Solln,Entire home/apt,286.0,1,0,0.0,344,High,False,2026-06-29,2026-09-11T01:25:48+02:00
1710019408823013712,Moosach,Entire home/apt,110.0,1,3,3.0,330,High,True,2026-06-29,2026-09-11T01:25:48+02:00
1710120028940849261,Sendling-Westpark,Entire home/apt,532.0,2,0,0.0,360,High,False,2026-06-29,2026-09-11T01:25:48+02:00
1710146192119952290,Ramersdorf-Perlach,Shared room,31.0,1,2,2.0,30,Low,True,2026-06-29,2026-09-11T01:25:48+02:00
1710363195951236690,Milbertshofen-Am Hart,Private room,57.0,1,0,0.0,163,Medium,False,2026-06-29,2026-09-11T01:25:48+02:00
1710377710187028800,Untergiesing-Harlaching,Private room,60.0,2,0,0.0,335,High,False,2026-06-29,2026-09-11T01:25:48+02:00
1710642560916820356,Altstadt-Lehel,Entire home/apt,371.0,3,0,0.0,336,High,False,2026-06-29,2026-09-11T01:25:48+02:00
1710710015580322649,Au-Haidhausen,Private room,171.0,1,0,0.0,120,Medium,False,2026-06-29,2026-09-11T01:25:48+02:00
1710962330633857087,Bogenhausen,Entire home/apt,228.0,2,0,0.0,155,Medium,False,2026-06-29,2026-09-11T01:25:48+02:00
1710970808657477133,Tudering-Riem,Private room,190.0,1,1,1.0,65,Medium,True,2026-06-29,2026-09-11T01:25:48+02:00
1711013871588037142,Tudering-Riem,Entire home/apt,400.0,1,0,0.0,365,High,False,2026-06-29,2026-09-11T01:25:48+02:00
1711030257120188964,Sendling-Westpark,Entire home/apt,193.0,1,0,0.0,41,Medium,False,2026-06-29,2026-09-11T01:25:48+02:00
1711565137691867446,Schwanthalerhöhe,Entire home/apt,158.0,1,0,0.0,142,Medium,False,2026-06-29,2026-09-11T01:25:48+02:00
1711918656372497818,Schwanthalerhöhe,Entire home/apt,1000.0,1,0,0.0,276,High,False,2026-06-29,2026-09-11T01:25:48+02:00
1712375448060199577,Tudering-Riem,Entire home/apt,450.0,1,0,0.0,365,High,False,2026-06-29,2026-09-11T01:25:48+02:00
1712577325364404405,Pasing-Obermenzing,Entire home/apt,125.0,1,1,1.0,116,Medium,True,2026-06-29,2026-09-11T01:25:48+02:00
1712822163427169792,Sendling-Westpark,Entire home/apt,158.0,2,0,0.0,361,High,False,2026-06-29,2026-09-11T01:25:48+02:00
1712894942258174471,Berg am Laim,Private room,50.0,2,0,0.0,252,High,False,2026-06-29,2026-09-11T01:25:48+02:00
1712953076431082655,Ludwigsvorstadt-Isarvorstadt,Entire home/apt,959.0,1,0,0.0,365,High,False,2026-06-29,2026-09-11T01:25:48+02:00
1713043756939477104,Ramersdorf-Perlach,Entire home/apt,46.0,30,0,0.0,182,High,False,2026-06-29,2026-09-11T01:25:48+02:00
1713085057547957602,Neuhausen-Nymphenburg,Entire home/apt,73.0,29,0,0.0,270,High,False,2026-06-29,2026-09-11T01:25:48+02:00
1713249092829336503,Tudering-Riem,Private room,200.0,1,0,0.0,365,High,False,2026-06-29,2026-09-11T01:25:48+02:00
1713585356166426436,Maxvorstadt,Entire home/apt,135.0,7,0,0.0,18,Low,False,2026-06-29,2026-09-11T01:25:48+02:00
1713588930014125197,Tudering-Riem,Private room,145.0,1,0,0.0,363,High,False,2026-06-29,2026-09-11T01:25:48+02:00
1713607976888452399,Ramersdorf-Perlach,Private room,36.0,1,0,0.0,322,High,False,2026-06-29,2026-09-11T01:25:48+02:00
1713726920398040163,Feldmoching-Hasenbergl,Entire home/apt,408.0,3,0,0.0,172,Medium,False,2026-06-29,2026-09-11T01:25:48+02:00
1713874220293477403,Sendling-Westpark,Private room,95.0,2,0,0.0,359,High,False,2026-06-29,2026-09-11T01:25:48+02:00
1713915631772441278,Berg am Laim,Private room,94.0,1,0,0.0,356,High,False,2026-06-29,2026-09-11T01:25:48+02:00
1714336364070818072,Pasing-Obermenzing,Entire home/apt,105.0,14,0,0.0,364,High,False,2026-06-29,2026-09-11T01:25:48+02:00
1714378607602761531,Schwabing-West,Private room,60.0,1,0,0.0,124,Medium,False,2026-06-29,2026-09-11T01:25:48+02:00
1714430272566631219,Tudering-Riem,Private room,65.0,1,0,0.0,168,Medium,False,2026-06-29,2026-09-11T01:25:48+02:00
1714529378619139380,Neuhausen-Nymphenburg,Private room,33.0,30,0,0.0,58,Medium,False,2026-06-29,2026-09-11T01:25:48+02:00
1714564133048982347,Milbertshofen-Am Hart,Entire home/apt,96.0,1,0,0.0,339,High,False,2026-06-29,2026-09-11T01:25:48+02:00
1714604930022791643,Bogenhausen,Private room,32.0,30,0,0.0,58,Medium,False,2026-06-29,2026-09-11T01:25:48+02:00
1714806223470339019,Altstadt-Lehel,Private room,179.0,1,0,0.0,365,High,False,2026-06-29,2026-09-11T01:25:48+02:00
1714925881152989801,Schwabing-West,Entire home/apt,214.0,1,0,0.0,361,High,False,2026-06-29,2026-09-11T01:25:48+02:00
1715082665226682316,Ludwigsvorstadt-Isarvorstadt,Private room,150.0,1,0,0.0,89,Medium,False,2026-06-29,2026-09-11T01:25:48+02:00
1715246287030950900,Bogenhausen,Entire home/apt,139.0,3,0,0.0,52,Medium,False,2026-06-29,2026-09-11T01:25:48+02:00
1715257696135476269,Sendling,Entire home/apt,502.0,1,0,0.0,8,Low,False,2026-06-29,2026-09-11T01:25:48+02:00
1715692778066185829,Feldmoching-Hasenbergl,Entire home/apt,200.0,20,0,0.0,332,High,False,2026-06-29,2026-09-11T01:25:48+02:00
1715847197913633263,Ludwigsvorstadt-Isarvorstadt,Private room,89.0,1,0,0.0,28,Low,False,2026-06-29,2026-09-11T01:25:48+02:00
1715853390735917954,Aubing-Lochhausen-Langwied,Entire home/apt,134.0,1,0,0.0,346,High,False,2026-06-29,2026-09-11T01:25:48+02:00
1715908613744351888,Milbertshofen-Am Hart,Entire home/apt,220.0,1,0,0.0,343,High,False,2026-06-29,2026-09-11T01:25:48+02:00
1716060611783275494,Sendling-Westpark,Entire home/apt,260.0,1,0,0.0,100,Medium,False,2026-06-29,2026-09-11T01:25:48+02:00
1716176009809946566,Thalkirchen-Obersendling-Forstenried-Fürstenried-Solln,Entire home/apt,180.0,1,0,0.0,255,High,False,2026-06-29,2026-09-11T01:25:48+02:00
1716696867141701511,Aubing-Lochhausen-Langwied,Entire home/apt,118.0,1,0,0.0,346,High,False,2026-06-29,2026-09-11T01:25:48+02:00
1716702395157214066,Aubing-Lochhausen-Langwied,Entire home/apt,638.0,1,0,0.0,349,High,False,2026-06-29,2026-09-11T01:25:48+02:00
1716741752674658226,Sendling,Entire home/apt,571.0,1,0,0.0,33,Medium,False,2026-06-29,2026-09-11T01:25:48+02:00
1716851910290765103,Aubing-Lochhausen-Langwied,Entire home/apt,69.0,2,0,0.0,84,Medium,False,2026-06-29,2026-09-11T01:25:48+02:00
1717248344066923621,Ludwigsvorstadt-Isarvorstadt,Private room,252.0,2,0,0.0,88,Medium,False,2026-06-29,2026-09-11T01:25:48+02:00
1717320220826949594,Untergiesing-Harlaching,Entire home/apt,359.0,3,0,0.0,22,Low,False,2026-06-29,2026-09-11T01:25:48+02:00
1717427792302360853,Bogenhausen,Private room,140.0,1,0,0.0,94,Medium,False,2026-06-29,2026-09-11T01:25:48+02:00
1717432359363538570,Bogenhausen,Private room,60.0,1,0,0.0,278,High,False,2026-06-29,2026-09-11T01:25:48+02:00
1717457460229274009,Neuhausen-Nymphenburg,Private room,240.0,1,0,0.0,363,High,False,2026-06-29,2026-09-11T01:25:48+02:00
